name,website,place_id,city,state
Hardcore Epoxy Flooring & Basement Waterproofing,https://www.hardcoreepoxyflooringdetroit.com,,Detroit,MI
MACH ONE Epoxy Floors,https://www.mach1epoxy.com,,Detroit,MI
GatorGuard Detroit,https://www.mygatorguard.com,,Detroit,MI
Epoxy Flooring Detroit,https://www.epoxyflooringdetroit.com,,Detroit,MI
Simax Epoxy Solutions,https://simaxepoxy.com,,Detroit,MI
CityWide Epoxy Coating USA,https://www.citywideepoxycoatingusa.com,,Detroit,MI
North American Coating Solutions,https://www.northamericancoatingsolutions.com,,Shelby Township,MI
New Day Detroit Construction,https://www.newdaydetroit.com,,Detroit,MI
GM Painting & Epoxy Floors Inc,https://gmpaintingepoxyfloors.com,,Detroit,MI
AZ Garage Floors,https://azgaragefloors.com,,Phoenix,AZ
American Epoxy Arizona,https://americanepoxyarizona.com,,Phoenix,AZ
Epoxy Strong,https://www.epoxystrong.com,,Phoenix,AZ
First Class Coatings,https://epoxyaz.com,,Phoenix,AZ
Two Brothers Epoxy,https://twobrothersepoxy.com,,Phoenix,AZ
Dialed In Epoxy Flooring,https://www.dialedinepoxy.com,,Phoenix,AZ
Precision Garage Works,https://www.precisiongarageworks.com,,Phoenix,AZ
Local Epoxy Pros,https://localepoxypros.com,,Phoenix,AZ
Cardinal Concrete Coatings,https://www.cardinalconcretecoatings.com,,Phoenix,AZ
"Epoxy Floor Now, Inc.",https://www.epoxyfloornow.com/,ChIJIVsjS4n3wokRcpfh4JK_9P0,New York,NY
Epoxy Floor Systems Inc,https://epoxyfloorsystemsinc.com/,ChIJcSWyvHtb6IkRf1nivjgtlRw,New York,NY
Epoxy Flooring New York City,https://www.epoxyflooringnewyorkcity.com/,ChIJQSfhvsNFwokRntMUiHU5PiY,New York,NY
Epoxy Specialties LLC,http://www.epoxyspecialties.com/,ChIJ8S9UL02fwYkRPW6t9tws8HU,New York,NY
Munoz Epoxy Flooring,http://munozepoxyflooringllc.com/,ChIJhevqRUr3wokRmTEWpwakRqk,New York,NY
Floor Coatings by A.G. Williams,http://agwfloors.com/,ChIJLSSs28uNwokRr7Te8ku23h8,New York,NY
ATK Epoxy Floors,https://atkepoxyfloors.com/,ChIJd7fMQuxOwokRxTYIx6CAlK4,New York,NY
PEC FLOORS,http://www.pecfloors.com/,ChIJIxd-yExZwokR30s245qPEVc,New York,NY
Creative Epoxy Floor Systems,http://www.e-poxycreativefloors.com/,ChIJ-YNIlk7_wokRnUz4JrDOZCA,New York,NY
EPOXYFI NEW YORK HOME IMPROVEMENT LLC,https://www.epoxyfi.com/,ChIJZ3kDUfVxaQoRmJrMBw959PA,New York,NY
"Atlantic Concrete Design Epoxy Flooring, Polished Concrete & Self Leveling",https://atlanticconcretedesign.com/,ChIJkY4yuzVXwokRSaVU4M5nfuY,New York,NY
Epoxy Coating USA,,ChIJlShKJDlZwokRXx3X_6RwhsU,New York,NY
Platinum Epoxy,http://platinum-epoxy.com/,ChIJT7Hqee7L3okRMxEzJbKX39A,New York,NY
Manhattan Epoxy Co.,https://manhattanepoxyco.com/,ChIJ52qLCRhawokRWwEdmj_NC6U,New York,NY
NY Epoxy & Overlay Supply,https://nyepoxyoverlay.com/,ChIJq6rq0qw36IkReHcdLb9TAqA,New York,NY
Timeless Concrete Coatings Inc,https://timelessconcretecoatings.com/,ChIJs75iWINF6IkR8_V2aQTsN8M,New York,NY
A to Z Epoxy Flooring NY,https://atozepoxyflooring.com/new-york/port-chester/?utm_source=google&utm_medium=gmb&utm_campaign=portchester,ChIJ5d6FuwLLa4URDY3R4NtTDZI,New York,NY
Nuflorz Commercial Epoxy Flooring,https://nuflorz.com/?utm_source=LOCAL&utm_medium=ORGANIC&utm_campaign=GMB,ChIJ7yxMbz6M2YkRCqH0o7k_NY8,New York,NY
Titan Epoxy Flooring,http://www.titanepoxyflooring.com/,ChIJ9X3V8gAb04kRxbmSas8Kq_E,New York,NY
Garage Floor Coatings Rochester NY,https://garagefloorcoatingrochester.com/,ChIJrTTvZgdzl6IR5ZKvdQTzgho,New York,NY
EDDY EPOXY INC,https://eddyepoxyfloorfinished.com/,ChIJw6x09jpjwokRhD4bgjAvpJQ,New York,NY
DUOMIT Flooring Inc,https://duomit.com/,ChIJQ0CcCoqzw4kRLg0JUgr5NG4,New York,NY
USA EPOXY FLOORS,http://usaepoxyfloor.com/,ChIJjb8o7WQ33YkR0GJTCLx6Sc0,New York,NY
Rubber Stone New York,https://rubberstoneny.com/,ChIJ55e2JzSN2YkR9jwvDhMHRG8,New York,NY
Duraamen Industrial Coatings & Polished Concrete Flooring - NewYork City,https://nyc.duraamen.com/?utm_source=google+business+profile&utm_medium=local&utm_campaign=Newyork,ChIJQ38EwaRZwokRn3dNQHTEelk,New York,NY
Armor Flooring LLC,https://www.armorflooringlongisland.com/,ChIJA8k2EArxfIoRVpujoSG6HRo,New York,NY
Upstate Concrete Coatings,https://upstate1dayfloors.com/,ChIJecKnK5Pv2okRPMhqVNBqL7g,New York,NY
Hudson Epoxy Flooring LLC,https://hudsonepoxyflooring.com/,ChIJbYlMge5RwokRUCK4J6Qe7Vc,New York,NY
XPS Xpress - NYC Epoxy Floor Store,https://www.xpsnewyorkcity.com/?utm_campaign=gmb,ChIJS8KoCpv5wokRLnovRWqjQts,New York,NY
Polished Concrete Solution,https://www.polishedconcretesolution.com/,ChIJcYzl-fJbwokRRmREPtGQi6k,New York,NY
Epoxy Plus Pro,https://www.epoxypluspro.com/,ChIJ59JUGO2Kc2sRCxn7EVdJf7g,New York,NY
EMR Epoxy Flooring Corp,https://emrwaterproofing.com/,ChIJddOTxxyzw4kR8mjgo0YE9dg,New York,NY
Albee Epoxy Flooring & Concrete Polishing,,ChIJR4TnclVbwokRjyfEgYa_WVk,New York,NY
Brooklyn Epoxy Flooring Polished Concrete & Self Leveling,,ChIJc-ciHJ9bwokRvNMbcexJ0cI,New York,NY
Elite Crete Systems NYC,https://www.elitecrete.com/,ChIJjea9KLw53YkRqgV3M5M7sDk,New York,NY
Upstate Epoxy Floor Coatings,https://www.upstateepoxyfloorcoatings.com/,ChIJq1GhyC8P3okRDGoh4tR8Olg,New York,NY
Everlast Concrete Coatings LLC,http://www.everlastconcretefloor.com/,ChIJTYYfqGPl0IkRWhICxUVQ5UE,New York,NY
Garage Floor Coating of Boston,https://garagefloorcoatingofboston.com/,ChIJUSPR241844kRfAGRtcUVcbM,New York,NY
Hello Garage of Deer Park,https://www.hellogarage.com/hello-garage-of-deer-park/,ChIJdcGK_4wt6IkR99oImNCBNaA,New York,NY
Buffalo Concrete Coatings,http://buffaloconcretecoatingswny.com/,ChIJWWYpTvkL04kRCCo4OoOLq38,New York,NY
Apollo Concrete Coatings,https://www.apolloconcretecoatings.com/,ChIJyxwAiOFz3okRkDcnDJn0T9Q,New York,NY
Concrete Care NYC,https://www.concretecarenyc.com/,ChIJH1uzBg5fwokRRa7baThG8YE,New York,NY
"Cement Tech,LLC",http://cementtechllc.com/,ChIJK6jshTJfwokR43DFVMfxpHI,New York,NY
Hudson Valley Concrete Coatings,,ChIJg_SUJ2VN3YkRDiLc5H5XsmI,New York,NY
"Incredible Concrete Coatings, LLC",https://incredibleconcretecoatings.com/,ChIJz66RtlRR3YkR7vHs1UnYEjE,New York,NY
Stardust Concrete Coatings Inc.,http://stardustcoating.com/,ChIJQ21S9Cc36IkRXgX807QxdDA,New York,NY
Lifetime Concrete Coatings,https://www.lifetimeconcretecoatingswny.com/,ChIJKRXW65ML04kRXOdfqAYg5JM,New York,NY
North Country Concrete Coatings,https://www.northcountryconcretecoatings.com/,ChIJf9PS2-nvy0wRsQuzxbGPiQM,New York,NY
Econcrete Polishing,http://www.econcretepolishing.com/,ChIJicnku94K3YkR4FnvWmbKB2U,New York,NY
Manhattan Concrete Systems,https://www.mcsfloors.com/,ChIJBQCMDQtZwokRwhpA4BNmYDY,New York,NY
Polished Concrete Solution,https://www.polishedconcretesolutiony.com/,ChIJ_cWm7Gr3wokRpwVaP7chv5o,New York,NY
Southside Concrete Polishing,https://ssconcretepolishing.com/?utm_source=gmb,ChIJuxAcxhZawokRiSmKOnoFj3o,New York,NY
Stained Polished Concrete,https://www.polishconcretesolution.com/,ChIJnULDBbH3wokRLFL7ne79dlk,New York,NY
Polished Concrete Supreme New York | Concrete Polishing Floor & Terrazzo Repair Polishing,https://www.supremepolishedconcreteserv.com/,ChIJlYuz3QtZwokR5HbCKwdGX6E,New York,NY
Concrete Makeover,https://www.theconcretemakeover.com/,ChIJpabb7sKzw4kRxHIHfEwtVXc,New York,NY
Prime Concrete Coatings,http://primecoatingswny.com/contact-us/,ChIJ__8PDUmn04kRrMo7OiStYZ0,New York,NY
Concrete Polishing New York,http://concretepolishingny.com/,ChIJPWn_f9R6wokRZo8k8lkIb0Y,New York,NY
Superior Coating Solutions,https://superiorcoatingsolutions.com/,ChIJs7sz891ZwokR5myMZCM8n-A,New York,NY
White Rhino Resurfacing- Epoxy And Concrete Floors,,ChIJK6TMwSRZwokRH9pSurH3otM,New York,NY
Block Flooring Inc,,ChIJn4bkupPVCg4RVBBY_RA6Vd8,New York,NY
Top Epoxy Flooring,https://topepoxyflooring.com/,ChIJrTFrh2SZwoARxDq4dx3-jh0,Los Angeles,CA
Epoxy.la,https://epoxy.la/,ChIJ4x3_syaGwoAR8zadFfFevdM,Los Angeles,CA
Top Epoxy Floors,http://topepoxyfloors.com/,ChIJ2xVrwfDBEI0Rf7MR1nOOWVo,Los Angeles,CA
California Marble & Epoxy,http://www.california-marble.com/,ChIJ57qdLgjR3IARzOIfG7_q9dA,Los Angeles,CA
Garage Floor Concrete Coatings By Epoxy Floor So Cal,https://epoxyfloorsocal.com/,ChIJpZuxqVJ276QR9dycsPcR5vw,Los Angeles,CA
"SunPro Epoxy Flooring Concrete & Garage Floors Painting, Coating & Polishing",http://sunproepoxyflooring.com/,ChIJ_yGBYXrbwoARn-mB6480cYk,Los Angeles,CA
Epoxy Floor Pros,http://www.epoxyfloorpros.us/,ChIJkfSVF79q1ikRKLgN-Oej_7s,Los Angeles,CA
All Star Epoxy And Paint,https://allstarepoxyandpaint.com/,ChIJz5g0vmYTuKMRkc52OZuzoug,Los Angeles,CA
Epoxy Power by BMI,http://www.epoxypower.com/,ChIJSWkSUGWfwoARPlAWwW074c4,Los Angeles,CA
Five Star Epoxy & Coatings,https://www.fivestarepoxypros.com/,ChIJ0brmWTibwoARidNQxwlhOoo,Los Angeles,CA
Epoxy Floor 3D & Garage Epoxy Flooring,,ChIJdWYADsG5woARCnpgxLo6exY,Los Angeles,CA
Pearl Epoxy Flooring,https://www.pearlepoxyflooring.com/,ChIJ64UFRBHZwoAR3RJg06yUz90,Los Angeles,CA
Coatings Hub,https://coatingshub.com/,ChIJwy7OaFrOwoAR-3-jAKP31Tw,Los Angeles,CA
Rise Coatings,https://www.risecoatings.com/,ChIJFTfEe72bwoARn6WClQ1cJGc,Los Angeles,CA
Epoxy Spot - a Chromology Calofornia USA,https://www.epoxyspot.com/,ChIJ0RLuHVPZwoARLovkkQ3Tf_o,Los Angeles,CA
Los Angeles Metallic Coatings,https://losangelesepoxy.com/metallic-epoxy-flooring/,ChIJU_7UQerHwoAR4T0EL5B2KDo,Los Angeles,CA
Best Floor supplies,http://jimenezcarpetsupplies.store/,ChIJByu324_JwoARPQZhvuIvrVU,Los Angeles,CA
Restore A Floor,http://www.restoreafloorla.com/,ChIJjdsVD125woARaK1GR4uQFco,Los Angeles,CA
JAK Concrete Coatings Inc.,https://www.jakconcretecoatings.com/?utm_source=google&utm_medium=organic&utm_campaign=gbp,ChIJ12dcCUwx3YARecuXqo6OGv8,Los Angeles,CA
Garage Floors 1 Day,http://www.garagefloors1day.com/,ChIJ2Z7m17Lp3IARiTCeNHqz1ew,Los Angeles,CA
Shine Epoxy Garage Floor & Driveway Renovation Bright Restoration Fire Mold Water,https://shineepoxy-garageflooranddrivewayrenovation.us/,ChIJl_P429-RwoARfheaYO47MdI,Los Angeles,CA
Aaron's Pro Flooring,https://aaronsproflooring.com/,ChIJJ3GuKkm5woARQlRmruAkF-E,Los Angeles,CA
Concrete Coating Solutions,https://ccsepoxy.pro/,ChIJs3aLvJJQUSUR9wV3J70xOjI,Los Angeles,CA
Signature Garage Design,http://www.signaturegaragedesign.com/,ChIJPRVJvOzV3IARVnhvDCur-Vw,Los Angeles,CA
Shine 2 Perfection,http://www.shine2perfection.com/,ChIJdZTM3ua4woAR6xdQmD4b5tk,Los Angeles,CA
"Quality Epoxy, LLC",https://linktr.ee/qualityepoxy,ChIJAQAAALCpK4cR3rmneZSajMM,Los Angeles,CA
ALLBRiGHT Concrete Coatings,https://allbrightconcretecoatings.com/,ChIJccxYqo4dnGsRklaiYWZKed8,Los Angeles,CA
Cardea Concrete Contractors in Los Angeles,https://www.cardeaconcrete.com/,ChIJKxAekB-5woARjCljr3cTLew,Los Angeles,CA
Pacific Concrete Coatings Inc.,http://pacificconcretecoatingsinc.com/,ChIJBU4QDVHTwoARlEiK3pvnJbk,Los Angeles,CA
California Concrete Coatings,https://www.californiaconcretecoating.com/?utm_source=google&utm_medium=wix_google_business_profile&utm_campaign=14886584925707362449,ChIJHTo47rO3woARXLp0Yw747EY,Los Angeles,CA
Haley Industrial coatings & linings inc.,http://www.haleyindustrial.com/,ChIJEQ8Pay3PwoARacXNXbGLzo4,Los Angeles,CA
Custom Performance Concrete Coating and Polishing,https://customperformancefloors.com/,ChIJNVGw1aYn3YARObJx3ZUcgQo,Los Angeles,CA
Infinity Concrete Coatings,http://www.infinitycc.com/,ChIJe6U5ocXf3IARAr95_buroKU,Los Angeles,CA
United Concrete Coating & Repair,https://unitedconcretecoating.com/,ChIJedw50xTV3IAR_Z9MqUTLGpI,Los Angeles,CA
Rescrete,https://www.res-crete.com/,ChIJxaputRrf3IARXGoq439H3_0,Los Angeles,CA
Expert Surfacing,https://expert-surfacing.com/,ChIJF0DjDxW-woARw51X32BiMzI,Los Angeles,CA
American Concrete Detail and Coatings Inc,https://americanconcretedetailandcoatingsinc.com/,ChIJcYDTRWjzlywRHxHBn6JvjxY,Los Angeles,CA
Los Angeles Concrete Polishing,http://www.losangelesconcretepolishing.com/,ChIJ29xAyX013YARAIvvEGJhnd8,Los Angeles,CA
"Concrete Coating Specialists, Inc.",https://www.orangecountydecorativeconcrete.com/,ChIJyd-4acjW3IARCxswgG4NAVE,Los Angeles,CA
LA Concrete Works,https://www.laconcreteworks.com/,ChIJnXcKmMadwoARSRBiiu1Bh_I,Los Angeles,CA
H T R Concrete Polishing Solutions,https://concretepolishingsolutions.pro/concrete-polishing-epoxy-floor-los-angeles/,ChIJofw3Psu5woAR9xklQHpoliw,Los Angeles,CA
Pro-Tect Concrete Coating,https://www.protectconcretecoating.com/,ChIJm2wLR4WRwoAR5VJpdMLkAjA,Los Angeles,CA
Concrete Cleaning & Coating,https://www.concretecleaningandcoating.com/,ChIJO33tB5Mm3YAR9a9RkpTjhXk,Los Angeles,CA
Los Angeles Concrete Contractor Pros,http://www.concretecontractorla.com/,ChIJCbSea_e9woAR4AGJ_btYha4,Los Angeles,CA
"Southern California Coatings & Construction, Inc.",http://socalcoatingsconstruction.com/?utm_source=gmb&utm_medium=referral,ChIJc9T-8gvTwoARgIMev3VGlWM,Los Angeles,CA
Tub N' Crete Coatings,https://tubncretecoatings.com/,ChIJ-_7l50vBwoARWFJiIRDTC_I,Los Angeles,CA
All Weather Waterproofing & Coating,http://allweatherdeck.com/,ChIJgTMnt8q7woARIvW2fPu3L04,Los Angeles,CA
Rapid Polished Concrete Shine,,ChIJ83lzh7LJwoARuDe96RoXXUs,Los Angeles,CA
west coast caliepoxy,https://caliepoxy.com/,ChIJ9QrGcnjHwoARHHHDQmWTs4g,Los Angeles,CA
Precision Concrete.,,ChIJw-9Qgvm5woARXkSUepqwAmk,Los Angeles,CA
Concrete Decor Contractor,https://www.concretedecorcontractor.com/,ChIJR3xJ3i27woARupGeR0ym2KQ,Los Angeles,CA
Los Concrete Contractors,,ChIJed14OC_HwoARxZUP_ZqBfNs,Los Angeles,CA
Top Flooring Contractor,http://jaliscotile.store/,ChIJOTOrZDnPwoARm4hSGDMOg4g,Los Angeles,CA
DIAMOND ROCK CONCRETE POLISHING & EPOXY COATINGS - LOS ANGELES,http://www.diamondrockflooring.com/,ChIJtzo0jba9woARy7eZJ0Oqf6Y,Los Angeles,CA
Chicago Epoxy Coatings,http://www.chicagoepoxycoatingsco.com/,ChIJtSLUjOrPD4gRF3jfjMOFOB0,Chicago,IL
Paco Epoxy Floor,http://epoxyflooril.com/,ChIJC-FkXnoUHykRkec43pK7-4w,Chicago,IL
BEYOND Epoxy Flooring & Concrete Polishing,https://chicagobeyondconcrete.com/,ChIJ-WsMtdfND4gRMgbxy0Br3Xw,Chicago,IL
Exotic Epoxy,https://www.exoticepoxy.com/,ChIJO1Benx07DogRqI85XUEAFgI,Chicago,IL
Chi-town epoxy flooring,,ChIJn-U8igbTD4gRzpW2CemXxVQ,Chicago,IL
EPX Epoxy Flooring,http://epoxyflooringparkridge.com/,ChIJcVWHCYbJD4gRspUrS5w8VU0,Chicago,IL
Epoxium Epoxy Flooring & Concrete Floors,https://epoxyflooringglenview.com/,ChIJSSiSsNDHD4gRT2bRof5v_wE,Chicago,IL
Exclusive Epoxy Flooring,https://exclusiveepoxyflooring.com/,ChIJzZz_w79NySAR66aLLlqOrQI,Chicago,IL
Top Floor Epoxy Flooring Contractors,http://epoxyflooringnorthbrook.com/,ChIJmQV0j47HD4gRLAoFAOFO-kg,Chicago,IL
Floor Epoxy in Chicago,http://www.epoxyman.com/,ChIJS4PD1F9SDogRdoj8Q8-MdYU,Chicago,IL
Epoxy Depot Chicago,https://epoxydepotchicago.com/,ChIJsVJBQ3eJDogRgqM8LQFqW7Q,Chicago,IL
GlossEdge Epoxy Flooring,https://byepoxy.com/,ChIJmXAF7ISZD4gRyKCbUu9TMdc,Chicago,IL
Epoxy Flooring Winnetka Contractors,http://epoxyflooringwinnetka.com/,ChIJ-7LGue7FD4gRI9tC9u-o4kc,Chicago,IL
ResiGuard Epoxy Flooring,https://bndepoxy.com/,ChIJzTAIBhGlD4gRG0uta2imtEs,Chicago,IL
Evolve Concrete Coatings,https://www.evolveconcretecoating.com/,ChIJ04SogAVhGoARC2fTf2Bk_LI,Chicago,IL
TrueGrind Epoxy Flooring & Concrete,http://epoxyflooringbuffalogrove.com/,ChIJI77_u4S9D4gRyS4jp1whP10,Chicago,IL
ApexBond Epoxy Flooring,http://epoxyflooringdesplaines.com/,ChIJfzhukL-3D4gRgoi_0QB-tRg,Chicago,IL
Deluxe Epoxy Flooring,https://deluxeepoxyflooring.godaddysites.com/,ChIJpQ1sNA8FD4gRoyyp51drJCw,Chicago,IL
Royal Epoxy Coating Ltd,https://www.royalepoxycoating.com/,ChIJYazlG0fLD4gRR09ReZd-ups,Chicago,IL
Windy City Coating,https://www.windycitycoating.com/,ChIJgwC4RdpvDogRDiU0YDgIcFQ,Chicago,IL
Diamond Tough Epoxy Flooring,https://bdepoxy.com/,ChIJ2RPuJUmvD4gRqjSbj8kk-fI,Chicago,IL
Polished Concrete Shine | Terrazzo Restoration & Repair | Epoxy Floor Coating,https://www.concretepolishine.com/,ChIJwbR_8ZUxDogRn9sii4eGU6c,Chicago,IL
Creative Coatings,https://www.creativecoatings.us/,ChIJR80ZAyqLDogRev3iLxAMM6Y,Chicago,IL
Epoxy and Sealer Supply,https://www.epoxysealersupply.com/,ChIJAxvGc7W3D4gR6zulT9X4Lw4,Chicago,IL
Mike Epoxy Flooring Contractors,https://epoxyflooringmike.com/,ChIJmwZ9I2mxD4gRcANzUjXzES4,Chicago,IL
Epoxy Floor Solutions,http://epoxyfloorsolutions.com/,ChIJf_Iey0zQD4gRw_VkIYUrGPc,Chicago,IL
American Floor Coatings,https://americanfloorcoatingsfl.com/,ChIJu29oen5XDogRFNLWG6UeqWw,Chicago,IL
DO Epoxy Flooring Inc,https://doepoxy.com/,ChIJrXCZ1wB_16MRP1qf5HgTlSU,Chicago,IL
Concrete Shield Coatings Inc,https://www.concreteshieldcoatingsinc.com/,ChIJj8qwiknBD4gRf2fF1jUwWDc,Chicago,IL
Epox Concrete Floors & Epoxy Flooring,https://concreteflooringepox.com/,ChIJRSjcDGItDogRHWrb9X4YR8U,Chicago,IL
Blue Gorilla Coatings,http://www.bluegorillacoatings.com/,ChIJkZ1gx3k2DogRoSVmg4FN6qk,Chicago,IL
Encore Concrete Coatings,http://www.encoreconcretecoatings.com/,ChIJt1SQrS4JD4gRLkm4YOd2otc,Chicago,IL
Epoxy Worx - Concrete Coatings,https://epoxywrx.com/,ChIJnTrna5Nmk4QRaCNvRTYSPZU,Chicago,IL
Peter Epoxy Flooring & Concrete Floors,https://peterepoxyflooring.com/,ChIJv8pAFD6pD4gRt7DWujPhme8,Chicago,IL
XPS Xpress Chicago,https://xtremepolishingsystems.com/pages/chicago-il,ChIJ5ad761_9DogRmMeDwyYAI6g,Chicago,IL
Chicago Garage Flooring,http://chicagogarageflooring.com/,ChIJK_ode63gwo0RerbHvOFImH4,Chicago,IL
Concrete & Epoxy Concepts Inc.,https://www.concreteandepoxy.com/,ChIJs8Mt9Li5D4gRfnjyzPOP89Y,Chicago,IL
EpoxyCraft Epoxy Flooring,https://bnepoxy.com/,ChIJDXEMsCaHD4gRv-002c7lcWY,Chicago,IL
TORQ Coatings,https://www.torqcoatings.com/,ChIJwaeHpwenD6sRtMlejkNTUp0,Chicago,IL
A1 Concrete Coatings,https://a1concretecoating.com/?utm_source=google&utm_medium=organic&utm_campaign=gbp_listing&utm_content=website_button,ChIJqSZfvWK3D4gR2LFNW_bbbkw,Chicago,IL
Industrious Garage LLC,http://www.industrious-garage.com/,ChIJd11VxkKxD4gR475F7mZWi90,Chicago,IL
GarageExperts of Chicagoland,https://www.garageexperts.com/chicagoland/,ChIJWUqv27VTDogRmmCBsIHL_gs,Chicago,IL
Garage Flooring Experts,https://garagesolver.com/,ChIJ8ePPxC0JD4gRWf280O6_3Ro,Chicago,IL
White Rabbit,https://www.whiterabbitinc.com/chicago/garage-storage,ChIJaz7LpP9XDogRbkA_zRviKmA,Chicago,IL
Matrix Coating Solutions,http://www.matrixcoating.com/index.php,ChIJXwMS2lT-DogR_8lIV8wAZyE,Chicago,IL
American Garage Floor Systems,http://www.agschicago.com/,ChIJa_i494gKD4gR3cCCRH3z1bk,Chicago,IL
Gorilla Floors,http://gorillafloors.net/,ChIJT-rJVPezD4gRcmYeWaXS8LY,Chicago,IL
Lifestyle-Garage Concrete Floor Coatings,http://lifestyle-garage.com/,ChIJ77Bf-newCIgReg8qQGZdjac,Chicago,IL
Custom epoxy now,http://customepoxynow.com/,ChIJeZ1WZoXND4gRQuVPJ1W1KZI,Chicago,IL
Comer & Cross Concrete Coatings,https://comercross.com/,ChIJ0ZnMfjJyjYMRLSYGHFAeN-4,Chicago,IL
Magic Concrete Coating LLC,https://www.magicconcretecoating.com/,ChIJA6hN40-F2YkRWiiM9rPcWl4,Chicago,IL
Concrete Hero - Leveling & Coatings,https://theconcretehero.com/?utm_source=google&utm_medium=organic&utm_campaign=gbp,ChIJLdRmZ6riDogRURMthtOQk-E,Chicago,IL
TSR Concrete Coatings,https://www.tsrconcretecoatings.com/,ChIJi1sv1_eND4gRjNRAobk7b5U,Chicago,IL
Integrity Concrete Coatings,https://www.integrityconcretecoatings.com/,ChIJt66L7WUvD4gRmW_HdASo5HM,Chicago,IL
"Two Brothers Coatings, LLC",http://www.2bcflooring.com/,ChIJ36h7v7f9DogRYA_-l5M7vPw,Chicago,IL
"Elite Crete Systems/Elite Coatings Midwest, Inc.",https://elitecoatingmidwest.com/,ChIJu7QLoYA7DogRKnevberIoM8,Chicago,IL
Concrete Shield Coatings Inc,https://hwww.concreteshieldcoatingsinc.com/,ChIJ_9DbrtgtDogRpCbx9CttUNw,Chicago,IL
Rockhard Concrete Coatings,http://rhccoatings.com/,ChIJGajeFq6pD4gRVDtfFRv8PoQ,Chicago,IL
"Vera Specialty Concrete, Inc.",http://www.veraconcretechicago.com/,ChIJ8ZGalTDSD4gRMy89Sz5ITW4,Chicago,IL
Elite Surface Concepts,http://www.elitesurfaceconcepts.com/,ChIJ57HWZ5csDogR9AfvgMBYTUw,Chicago,IL
"Alpha Concrete Restoration, Inc",http://www.concretepolishers.us/,ChIJY2yC6F2jD4gR6LJS4oAjYmk,Chicago,IL
"Red Line Concrete Coatings, LLC",https://redlinecc.com/,ChIJSf31wL_dDYgRUPM20VsZ-pc,Chicago,IL
"AHB Company Chicago, IL Epoxy Industrial Concrete Coating Flooring Restoration",,ChIJ____L6MsDogRYH2Hwib5L9U,Chicago,IL
Midland Concrete Co,http://chicagoconcretesolutions.com/,ChIJwV-kfhUpDogRwNAYBoYFqDM,Chicago,IL
BlackRock Industrial Epoxy & Concrete Flooring,http://www.blackrockindustrial.com/,ChIJs-TBaeyFwokRcBEHKq3m4zM,New York,NY
Seamless Floors NY Inc,http://www.seamlessfloorsny.com/,ChIJNUsxfp_Kw4kRhsw1lo63HmY,New York,NY
Gorilla Garage Gear,http://www.gorillagaragegear.com/?utm_campaign=gmb,ChIJo4kuCeYP04kRUOBDw-X5fFc,New York,NY
Hi Tech Contracting & Restoration Corp,https://htcrcorp.com/,ChIJp7f9PH5DwokRPUhBGXNZ3l4,New York,NY
Classic Epoxy Coatings,https://epoxyschaumburg.com/classic-epoxy-coatings,ChIJm47o1ZCvD4gRXhp__P4JgAY,Chicago,IL
"Midwest Slip Stop, INC.",http://www.midwestslipstop.com/,ChIJ5aCK816xD4gRgqKo4GjJyB8,Chicago,IL
CustomCrete Industrial Surfaces,https://customcrete.net/?utm_source=semrush_local_listings,ChIJNbk3WpwaD4gRetxJiuQaPEM,Chicago,IL
TerraMax Concrete Contractor,https://bestconcretecontractorschicago.com/,ChIJj-rD7j_ND4gR7nh1czhcrvU,Chicago,IL
L.C.CONCRETE INC.,https://www.facebook.com/LCconcrete/?ti=as,ChIJCUZf-jkxDogRW1XGijUWcHo,Chicago,IL
MyGarageFloors.com - Garage Floors Coating Dallas,https://mygaragefloors.com/service-area/garage-floor-coating-dallas-tx/,ChIJt3CYuRQjTIYRsKXVOc2i_qs,Dallas,TX
Legacy Industrial Epoxy Floor Coating,https://www.legacyindustrialcoatings.com/,ChIJFzKEkUIXTIYRMcbLyYLj4DI,Dallas,TX
Garage Flooring Pros,https://garageflooringpros.com/?utm_campaign=gmb&utm_medium=organic&utm_source=google,ChIJa-1EHkAuTIYRExITajAOhD8,Dallas,TX
Artisan Garage Floors,https://artisangaragefloors.com/?utm_source=google&utm_medium=organic&utm_campaign=gmb-profile,ChIJYzyh7nzVTYYR6htgxlLkodM,Dallas,TX
XPS Xpress - Dallas Epoxy Floor Store,http://xpsxpressdallas.com/,ChIJTR6pvxQXTIYRqT-89dyTNX0,Dallas,TX
Rio Epoxy Flooring DFW,http://rioepoxyflooring.com/,ChIJ5Qs5LxgXTIYRvqt4aSzsOLg,Dallas,TX
Guardian Garage Floors,https://www.guardiangarage.com/,ChIJ79fuqBIpTIYRAufTg0Psn_w,Dallas,TX
Diamond Cut Garage Floors,http://www.diamondcutgaragefloors.com/,ChIJtfVcjyM6TIYRyIhehgjc_h0,Dallas,TX
Garagewerx of Texas,http://www.garagewerx.com/,ChIJ-yzvLN0ZTIYRpbH8_eCzhMg,Dallas,TX
Fitzpatrick Epoxy Flooring,https://fitzpatrickflooring.com/,ChIJP3PBp7nVTYYR5plsTSeCH_0,Dallas,TX
Classic Concrete Coatings,https://www.dfwclassiccoatings.com/,ChIJHdxwxJkZTIYRPRiINk6aJyY,Dallas,TX
All Things Epoxy Dallas,http://allthingsepoxydallas.com/,ChIJEWsU8KIXTIYRHsBQBJ-T7n8,Dallas,TX
GarageFloorCoating.com,https://www.garagefloorcoatingsdallas.com/,ChIJsRksCZc_TIYRUwbXotD6NxM,Dallas,TX
Dallas Epoxy Pros,http://www.dallasepoxypros.com/,ChIJuwRPHmQPTIYRy0_LYMAazxQ,Dallas,TX
Epoxy Floors Texas,https://www.epoxyfloorstexas.com/contact-us/,ChIJAQAwqrYsR4YRel8Gslm8p3A,Dallas,TX
Garage Floor Coating,http://planogaragefloor.com/,ChIJYZuZdPcZTIYRdmjof4penk4,Dallas,TX
"Epoxy Garage Flooring, LLC",http://epoxygarageflooring-llc.com/,ChIJYe12P-EhR4YRff0oDNWE8Cg,Dallas,TX
Garage Floor Coatings of Houston,https://www.garagefloorcoatingshouston.com/,ChIJNUYVTTqRQIYRbDMcFN7rCIE,Dallas,TX
Craftsman Concrete Floors,https://www.craftsmanconcretefloors.com/locations/dallas/?utm_source=google&utm_medium=organic&utm_campaign=gbp_dallas,ChIJ-6Yhl06fToYR6EMU1-CWcyM,Dallas,TX
LS Concrete Coatings,https://lsconcretecoatings.com/,ChIJG6M97orvTIYRkx3Ajas7TFw,Dallas,TX
Greathouse Custom Epoxy,https://greathousecustomepoxy.com/,ChIJWcy-N3jLTYYRc0UganyrbRA,Dallas,TX
Garage Floor Effects,http://www.garageflooreffects.com/,ChIJu9RKJ7UwR4YRPGdfcatpXpo,Dallas,TX
PolyGuard of Texas,,ChIJP9Px7MWjToYRtggk0qUBxr4,Dallas,TX
Garage Force of Katy,https://katy.garageforce.com/,ChIJozDe68MjQYYRTZlbqwdzPmg,Dallas,TX
Rush & Reef Concrete Coatings,https://rushreefcoatings.com/,ChIJ0dZI-8whTIYRFqhb7SwImIQ,Dallas,TX
Dallas Garage Flooring Co.,http://dallasgarageflooring.net/,ChIJ-cIFHxIjTIYRv96Hk2I66rI,Dallas,TX
TexasFlooringContractor.Net - Garage Floor Coatings Dallas,https://texasflooringcontractor.net/garage-floor-coatings-dallas,ChIJI2_i9wchTIYR6Oq_AO6zamk,Dallas,TX
American Concrete Coatings,https://www.garagefloorcoatingsdfw.com/?utm_source=organic&utm_medium=gmb&utm_campaign=ACC,ChIJNQ7cr_V8ToYRmxzrRVU6TGs,Dallas,TX
JB concrete coatings and polished,,ChIJKTNo8Tws1ycRJuaYfA78FSU,Dallas,TX
Church and Hill Concrete Coatings,https://www.churchandhill.com/,ChIJEzcUG9qxjq0RmLsRTLW-z3M,Dallas,TX
ATD Concrete,https://www.atdconcretecoatings.com/,ChIJJR12qB6HToYRe-pqgGrsUvc,Dallas,TX
Lifetime Coatings,https://www.lifetime-coatings.com/,ChIJ20PQXnhhToYRLRERqj-vlgI,Dallas,TX
Duraamen Industrial Coatings & Polished Concrete Flooring – Dallas–Fort Worth,https://dfw.duraamen.com/?utm_source=google+business+profile&utm_medium=local&utm_campaign=Dallas,ChIJ8wiuwVInTIYRpNDHk9rvr5M,Dallas,TX
Southern Concrete Coatings,,ChIJfQFd8hAdTIYRfOLJjdwy60E,Dallas,TX
AllStar Concrete Coatings,https://www.allstarconcretecoating.com/,ChIJV9Vef5XLRIYRpcziFhQEm08,Dallas,TX
Polished Concrete Shine TX | Terrazzo Polishing and Repair | Epoxy Floor Coating | Concrete Overlay,http://polishconcretesolutions.com/,ChIJQSPWVe-ZToYRS5X40Pm0Vjk,Dallas,TX
"ESR Decorative Concrete Experts - Polished Concrete, Epoxy Flooring, Stamped Concrete , Concrete Staining",http://www.texasconcretestain.com/,ChIJY3yUos6RToYRgweoJGco9NU,Dallas,TX
LimeCoatDFW LLC,http://www.limecoatdfw.com/,ChIJnW4kxHcfTIYRbaNtbYYoY8o,Dallas,TX
Superior Decorative Concrete Supply,https://www.superiordecorative.com/dallas.html,ChIJlaH4jCadToYRVVBxYvAw4eE,Dallas,TX
FDC Coatings,https://www.fdccoatings.com/,ChIJgTUFEX8tTIYReo2H4cNszvw,Dallas,TX
Aerofloor Coating Services,https://aerofloorcoatings.com/?utm_source=gbp&utm_medium=organic,ChIJpRgflyQfTIYRogDS29yEw90,Dallas,TX
Blackhawk Concrete Coatings,http://www.blackhawkcoatings.com/,ChIJaV42TIdJ_2IRo1Wh33YRUPc,Dallas,TX
ProArmour Concrete Coatings Dallas,,ChIJF5GzxjyZToYRLdTIeWTLKKM,Dallas,TX
"CNH Decorative Concrete, LLC",https://cnhdecorative.com/,ChIJ2YTjLB67ToYReHqucnK2qjM,Dallas,TX
Epoxy Flooring Phoenix,http://www.epoxyphoenix.com/,ChIJySk7GTUQK4cRIwpiJcg_VEs,Phoenix,AZ
Marvelous Epoxy Flooring,https://www.marvelousepoxyflooring.com/,ChIJjUiGeiAQK4cR66hu7hCQBbQ,Phoenix,AZ
Brilliant Epoxy Flooring Inc,https://www.brilliantaz.com/?utm_source=google&utm_medium=gmb&utm_campaign=scottsdale-az,ChIJc6Zwz9ITK4cRHrdObR99J-Q,Phoenix,AZ
PRYME EPOXY LLC,https://prymeepoxy.com/,ChIJw-Rqpf5RxIQR6egu-PQIYIY,Phoenix,AZ
The Garage Floor Company Arizona,https://www.thegaragefloorco.com/phoenix-az/#/,ChIJ5WRF_2KxK4cR3E1B4tYcIho,Phoenix,AZ
GarageFloorCoating.com,https://www.garagefloorcoating.com/,ChIJ2xPpHgoPK4cRQYQ4Z5Gx498,Phoenix,AZ
Epoxy Werx,https://epoxywerx.com/,ChIJ6YL4K3VzK4cR9R6iplYJYbU,Phoenix,AZ
Quick Response Floor Coatings,https://www.quickresponsefloorcoatings.com/?utm_source=google&utm_medium=organic&utm_campaign=gmb,ChIJP0G30AJvK4cRONR9vy5qd0I,Phoenix,AZ
Pro Epoxy Coatings,https://www.proepoxycoatings.com/,ChIJkapGAUGLIEgRqvyO-btBssg,Phoenix,AZ
Clean Air Epoxy,https://cleanairepoxy.com/,ChIJcaoMGNMFK4cRRVp8887jMNg,Phoenix,AZ
Galaxy Concrete Coatings of Phoenix,https://www.galaxyconcretecoatings.com/arizona/phoenix/?utm_source=GMB-Phoenix&utm_medium=organic,ChIJ2RBDeQUJK4cRLfxLdYx0cbY,Phoenix,AZ
Best Epoxy Flooring Phoenix,https://bestepoxyflooringphoenix.com/,ChIJuTgkSw8RK4cR-nFivkjdds8,Phoenix,AZ
East Valley Floor Coatings LLC,http://eastvalleyfloorcoatings.com/,ChIJRXTakjqvK4cRUuPDz0XZIcI,Phoenix,AZ
Armor-Kote Garage Floors,https://envymygarage.com/?utm_source=google&utm_medium=organic&utm_campaign=gbp,ChIJXeqCntgOK4cRNnZhYvogkvM,Phoenix,AZ
Gecko Garage Floors,http://geckogaragefloors.com/,ChIJNZa88cKtK4cRV_vRwHZfyBE,Phoenix,AZ
Epoxy Garage Floor Coatings - Phoenix,https://epoxygarage.com/locations/phoenix,ChIJ7xcSgnuvK4cRr7jkYZhGs38,Phoenix,AZ
Cactus Coatings,https://cactuscoatingsaz.com/,ChIJk73VS40bK4cRXZraR6gOyGQ,Phoenix,AZ
Your Garage Cave LLC,https://www.yourgaragecave.com/,ChIJ2-l_OCNdK4cRwS47SoMVFws,Phoenix,AZ
Factory 1 AZ Epoxy Floor Coatings & Supplies,https://f1coatingsaz.com/,ChIJB1lDod5BK4cRgOjCkXxFUT4,Phoenix,AZ
Arizona Specialty Flooring,https://www.arizonaspecialtyflooring.com/,ChIJhfpXHgFvK4cRA9hFmLPP5FE,Phoenix,AZ
Garage Pros 1,https://www.garagepros1.com/,ChIJI1-Dxz9w9AgRGjmvtntizTs,Phoenix,AZ
E2U Store Phoenix,https://phoenix.e2u.com/,ChIJm8-ZdUEPK4cRRlkDD0zRTyA,Phoenix,AZ
Stress Free Coatings in Phoenix,https://www.stressfreecoatings.com/epoxy-flooring/phoenix,ChIJTQE9VLRtK4cRd5eYLoTO9Ao,Phoenix,AZ
Valley Concrete Coatings and Polishing,https://www.thevalleycoatings.com/,ChIJYVUBT2NPWK8Rec6ioXgezxM,Phoenix,AZ
Sledge Concrete Coatings,https://sledgeconcretecoatings.com/?utm_source=google&utm_medium=profile&utm_id=organic,ChIJ1zksvO9sK4cRfI0w-SkN_Y4,Phoenix,AZ
Imagine Epoxy,,ChIJw8me565vK4cRssjXIUVb8wY,Phoenix,AZ
Carefree Stone Concrete Coatings,https://www.carefreestone.com/,ChIJkzOX_U1xK4cRNZOdkAkZIMk,Phoenix,AZ
Eco-CorFlex Industrial Polymers,https://www.eco-corflex.com/,ChIJh2aLNkJ0K4cRiLZfyDCDfe8,Phoenix,AZ
E2U Corporate & Manufacturing,http://e2u.com/,ChIJnVEQz3PW3IARutBnWwn8nnM,Phoenix,AZ
AZ Stain Concrete,https://azstainconcrete.com/,ChIJUxdvcwcbK4cRixp49DjmJl4,Phoenix,AZ
Superior Garage Flooring USA,https://superiorgarageusa.com/,ChIJL3ujPQ0EGmURQkErc4ytQuo,Phoenix,AZ
Next Level Coatings,https://www.nextlevelcoatingsaz.com/,ChIJC-pVCvFQPwcRmGSH8s1MD5w,Phoenix,AZ
Crash of Rhinos Painting & Garage Floors,https://www.crashofrhinospainting.com/,ChIJdb24_XBoK4cR5Oehy9XMfMI,Phoenix,AZ
Barefoot Surfaces Concrete Floor Coatings,https://barefootsurfaces.com/,ChIJ_____4-nK4cRNFUUxX-mLRE,Phoenix,AZ
StoneCoat Floors AZ,https://stonecoatfloors.com/,ChIJ3RDOntxNKocRqpQGclYn5-I,Phoenix,AZ
RX Garage Floor Coatings and Storage Solutions,https://www.rx-garage.com/,ChIJCW43oOiZK4cR5mC4ytraKHQ,Phoenix,AZ
Coyote Coatings,https://coyotecoatingsaz.com/,ChIJIb7K1PJDK4cRrtlJwHLWijY,Phoenix,AZ
Prescott Epoxy Company,https://prescottepoxy.com/?utm_campaign=gmb-posts&utm_medium=organic&utm_source=local,ChIJgcfEmK4vLYcR8voDB-kJEOc,Phoenix,AZ
PolyXtreme Coatings,https://polyxtremecoatings.com/,ChIJBbDJbkivny4ROBhuUrxgi-k,Phoenix,AZ
Garage Flooring 2Day,https://www.garageflooring2day.com/,ChIJPYCEIFp5EmYRCCjG1GxEv7M,Phoenix,AZ
Advantage Garage Floors,https://advantagegaragefloors.com/,ChIJ__-PYp9FK4cRY-fvZ2Mo67M,Phoenix,AZ
Garage Out,,ChIJ086YvFnvtGYRlmzAnfy0Ip8,Phoenix,AZ
Sun Valley Concrete Coatings,https://sunvalleyconcretecoatingsllc.com/,ChIJwdlDfHptK4cRxSaOYQnNpoo,Phoenix,AZ
Rock Star Coating Pros,http://www.rockstarcoatingpros.com/,ChIJoXvyoEOqK4cRuTVHXmpAuNA,Phoenix,AZ
Atlantic Concrete Coatings Inc,https://www.atlanticconcretecoatings.com/,ChIJUSac3CRvK4cRwlYvhUQ5ekA,Phoenix,AZ
Viking Concrete Coating,https://www.vikingconcretecoating.com/,ChIJlzHDVvl1K4cRuUBjEkAYW0k,Phoenix,AZ
Concrete Overlay LLC - Concrete Coatings Tucson,http://concreteoverlayllc.com/?utm_source=google&utm_medium=wix_google_business_profile&utm_campaign=17062649927674024066,ChIJi21qiFZ71oYRjvCl5uQ0cpI,Phoenix,AZ
8A Coatings & Surfacing,https://8acoatings.com/,ChIJY65h54NEKWcRb3NjYgznD40,Phoenix,AZ
"King Contracting, LLC",https://kingcontractingco.com/,ChIJ2zOdroAGK4cRyGX-Z0bX7f8,Phoenix,AZ
StressLess Remodeling Arizona,https://www.stresslessremodels.com/?utm_source=google&utm_medium=organic&utm_campaign=gbp_az,ChIJn-LjAkZvK4cR57bOvzCL94U,Phoenix,AZ
Arizona Creative Surfaces,http://www.azcreativesurfaces.com/,ChIJ13joH9ikK4cR823pk0eLR-M,Phoenix,AZ
Prestige Protective Coatings,https://prestigeprotectivecoatings.com/,ChIJE-ja9VVvK4cRW9mobPiX4qM,Phoenix,AZ
"Western Design Coatings, Inc",https://westerndesigncoatings.com/,ChIJsdgdHPxxK4cR70TgKglTkJo,Phoenix,AZ
TRC Concrete Contractor Phoenix,http://trcconcretedrivewayphoenix.com/,ChIJv30Ry5sRK4cRuSXCO56e9bc,Phoenix,AZ
Decorative Concrete Services LLC,http://www.decoconcrete.services/,ChIJVxt0ZkVpK4cRtDSxr5bzaHE,Phoenix,AZ
Arizona Concrete Repair Inc.,https://www.acriepoxy.com/,ChIJBTCpEXFvK4cRdrrRKtsUZGE,Phoenix,AZ
BC Coatings,http://www.azconcretecoatings.com/,ChIJXQCD7OKxK4cRM3li2lbTmdI,Phoenix,AZ
Casper's Concrete Contractors,https://phoenixconcreting.com/,ChIJ9cGZ6p1zK4cRqqn3i1YRNuQ,Phoenix,AZ
Iron Seal Coatings,https://ironsealcoatings.com/?utm_campaign=gmb&utm_medium=gmb&utm_source=google,ChIJvRQXtpN6E0YRHaN0tW3Vseo,Phoenix,AZ
Epoxy Coatings Houston Llc,https://epoxycoatinghouston.com/,ChIJ6UUJBLuiQIYR7Kl5007oY44,Houston,TX
New Era Epoxy Flooring Houston,https://neweraepoxy.com/,ChIJAQCc7oU0R4YRK17qTjA3EGI,Houston,TX
Heights Epoxy Flooring,https://heightsepoxyflooringhtx.com/,ChIJYyl8Ip65QIYRaaDQzhLflDg,Houston,TX
Epoxy Floors Houston,https://www.epoxyfloorshouston.com/,ChIJfbe6GiMoR4YRafoggURjZqo,Houston,TX
H2M Epoxy Floors,https://www.h2mcoatings.com/,ChIJ9_8D_RGNWQYReN0C6cCzCgw,Houston,TX
KE Epoxy Flooring LLC,,ChIJiTGflx7PQIYRkblQXiUzAGA,Houston,TX
Epoxy Technology Coatings E-TECH,https://epoxytechhouston.com/,ChIJny2rZlAhQYYR8Ln_sFYNMzY,Houston,TX
Global Garage Flooring & Design of Houston,https://www.g2cncwoodworking.com/,ChIJlTYAjEHhQIYRAM3xaULUE90,Houston,TX
Epoxy Garage Floors Montgomery,https://epoxy-garage-floor.com/,ChIJE7e0auQjR4YRCI8aoS_J8yc,Houston,TX
Epoxy Floor Designs of Texas,,ChIJW74N0K-jQIYRODuu3YD__3I,Houston,TX
GS Epoxy,https://gsepoxy.com/,ChIJZ1aEVd4nQYYRIQXA8gOtlbI,Houston,TX
Xpedite Coatings Since 2008,https://xpeditecoatings.com/,ChIJp3jQzkjEQIYRMmBzOWqHxnI,Houston,TX
South Coast Epoxy,https://www.southcoastepoxytx.com/,ChIJFS0-LFCDQIYRXWpbOinx2F8,Houston,TX
Houston Floor Coatings,https://houstonfloorcoatings.com/,ChIJAYaOjOPuLkERYnyIJB4ogxg,Houston,TX
Resinous Flooring Supply,https://resinousflooringsupply.com/,ChIJ__-_Bp_FQIYRBBHufVBM29A,Houston,TX
"Epoxy & More, LLC",https://www.epoxynmore.com/,ChIJiQDt76B_P4YREfSqgocnMXo,Houston,TX
Mr Monster Services,https://www.mrmonsterservices.com/,ChIJA3r7WtUhQYYRYzscitFFEfM,Houston,TX
Elite Concrete Coatings,https://elitecoatings.com/,ChIJq2SnVKeRQIYRea9fzwlUz5g,Houston,TX
A1 Garage Epoxy floor Coating Houston,http://a1garageepoxyfloor.net/epoxy-floor-coating-houston,ChIJg4EktB_BQIYR0HJ23QhKcDo,Houston,TX
Elite Floor Coatings of Houston,,ChIJPwT7wBdXP4YRMUhJH6l47I8,Houston,TX
TX Garage Epoxy Floor Pro.,,ChIJHQhKl0DNQIYR-_XmsLlndIM,Houston,TX
Custom Concrete Coatings,https://cementsurfaces.com/,ChIJUQtveu6bQIYR8jstybaH054,Houston,TX
Floortek Concrete Coatings,https://floortekcoatings.com/,ChIJYRPVwwfRQIYRdnj8XQb6FD0,Houston,TX
Concrete Kote | Decorative Concrete Coatings Contractor,https://concretekote.com/?utm_source=GMBListing&utm_medium=Organic,ChIJfcJtFIUfQYYR94c1RgDzovw,Houston,TX
Platinum Concrete Coatings of Texas,https://www.platinumcoatingsoftexas.com/,ChIJf0_P2JrXQIYRkC6BvUesVw0,Houston,TX
Resilient Concrete Coatings,https://www.resconcretecoatings.com/?utm_source=google&utm_medium=organic&utm_campaign=listing,ChIJgyQoHOQQw2cR6jT-V_Rl87Y,Houston,TX
Unicrete Polished Concrete & Epoxy,https://unicreteflooring.com/south-houston/,ChIJ2S8ly-3DQIYRgYhvo3vobYI,Houston,TX
OMG Concrete Coating,https://www.omgconcretecoatings.com/,ChIJy6SGE9DFQIYRLcFSiwjf9y0,Houston,TX
Houston Concrete Staining,http://houstonconcretestaining.com/,ChIJ93QTVc83R4YR9EKwHRzXebY,Houston,TX
Artisan Concrete & SurfaceWorks,http://www.artisanhouston.com/,ChIJ6SkJquDTQIYRb55hc78Qixs,Houston,TX
GBR Concrete Coatings,https://gbrcoatings.com/#/,ChIJJ7T0eFrVQIYRORTDFQCYDa0,Houston,TX
"Innovative Surface of Texas, Houston",http://www.isthouston.net/,ChIJdYg5niXUQIYR7Rnlx6LYOKA,Houston,TX
Specialty Concrete Coatings of Texas,http://www.sccot.net/,ChIJQ4DrhRjRQIYRek-N4r5UUH0,Houston,TX
Texas luxury concrete,https://texluxuryconcrete.com/,ChIJEZ1PPxOXQIYR7CZgsPW8FDQ,Houston,TX
Surface Systems of Texas,https://surfacesystemsoftexas.com/,ChIJH0sakbK2QIYRh31ppWGjh0c,Houston,TX
Stone Coat Concrete Coatings,http://www.stonecoatconcretecoatings.com/,ChIJNdGIpfnLRIYRzbShOuh0dwg,Houston,TX
SUNDEK of Houston,https://www.sundekhouston.com/,ChIJ6YAN7XfXQIYRlXuuUByqxS4,Houston,TX
50.cal concrete coating,,ChIJpbGwBjGcV4gRxzhyu7W-Cck,Houston,TX
Panther Concrete Restoration,http://www.panthercr.com/,ChIJ0eE8si_bQIYRJJEhktUfhnM,Houston,TX
TEBE LIMEKRETE LLC,http://www.mybeautifulconcrete.com/,ChIJQ5AEp0XBQIYRbzXayY7Q5j4,Houston,TX
Suncoat of Texas LLC,https://suncoatoftexas.com/,ChIJH1pGKtDERIYRyuhHTf9hV8A,Houston,TX
Train Spray Deck,https://trainspraydeck.com/,ChIJbbKMzGg5y0gRnTpG5eRQ4jU,Houston,TX
Capital Concrete Coatings,https://www.capitalconcretecoatings.com/,ChIJ-3EaM-60RIYRpSO6nBX5uSk,Houston,TX
Concrete Floor Shop,https://concretefloorshop.com/,ChIJVxMlSao1R4YRVC_eV34PV3s,Houston,TX
California Epoxy Flooring,http://www.californiaepoxy.com/,ChIJMSyYf6yAhYARH7e1kULKWfk,San Francisco,CA
Flatix Epoxy Coating,https://flatixepoxycoating.com/,ChIJAe0AweBm1AQRIoTrS7nhxjk,San Francisco,CA
Sf Epoxy & Floor Installer,http://sfepoxyfloorinstallergarageepoxyfloorbayarea.xyz/,ChIJIRiTq7V_j4ARN6NNaRopI4Q,San Francisco,CA
The Epoxy Guy,http://theepoxyguy.net/,ChIJY1WKNVM1joARZEoxS5q4Tok,San Francisco,CA
Epoxy Foxy Floor Coatings,https://www.epoxyfoxy.com/,ChIJU9CAKaczjoARBGFsdHzMkoc,San Francisco,CA
Superior Epoxy Coatings,https://epoxyall.com/,ChIJ_S9C2jJlhYARxz_I4E3rjJ8,San Francisco,CA
Bay Tek Coatings,https://www.baytekcoatings.com/,ChIJZ99x_gqHhYAREqpaKc2JtOI,San Francisco,CA
"Best Epoxy, LLC",https://www.bestepoxyllc.com/,ChIJqfVJiTgJX2ERudsDZ5rUXQI,San Francisco,CA
Epoxy Crew Inc,https://epoxycrewinc.com/,ChIJF0LxjTNnhYAR8zcyEei11YA,San Francisco,CA
Duraamen Industrial Coatings & Polished Concrete Flooring - California,https://bayarea.duraamen.com/?utm_source=google+business+profile&utm_medium=local&utm_campaign=California,ChIJ_Tgq2ZKRj4ARBXs0C_0dpbE,San Francisco,CA
"Bay Area Epoxy, Waterproofing & Roofing Supplies",https://bayareaepoxywholesale.com/,ChIJpzZxbeSRj4AR88GOtGn-Vdw,San Francisco,CA
Floor Pros,http://www.cafloorpros.com/,ChIJVYz6CqV_j4AR0rEN_-KxIiM,San Francisco,CA
Epoxy Plus,https://epoxy.plus/,ChIJ2XxuLBzzj4ARVGTKXZPfygk,San Francisco,CA
Bay Pro Garage LLC,,ChIJWWNQeQigKA0R7noIym5XYxY,San Francisco,CA
San Jose Epoxy,https://www.sanjoseepoxy.com/,ChIJR1vaNsWck4URt778vD_XKpY,San Francisco,CA
FAMSCA,https://fams-ca.com/,ChIJiWa8kYJ5SUUREoa7NLlOuoc,San Francisco,CA
Angel's paint & Epoxy,http://www.angelspaintandepoxy.com/,ChIJEfhZJlK1j4AR4xFCp4kyojE,San Francisco,CA
Property Channel Flooring,https://www.propertychannelflooring.com/,ChIJGREUUzOD-SERtSVT7kc6dvg,San Francisco,CA
C*Rock Finishing,http://crockfinish.com/,ChIJpQvhPiCHj4ARMmKETYi6SHk,San Francisco,CA
Hi Tech Hardwood Floors,https://htfloors.com/,ChIJrS6ujaWHhYARKr9PJvucAnA,San Francisco,CA
The Epoxy Kingz,http://theepoxykingz.com/,ChIJpf70A4Jz24gRYw5RhS5IO_E,San Francisco,CA
perfect hardwood floors,,ChIJkxdbakF9j4ARZf08wZvkzGc,San Francisco,CA
"Hayasa Flooring Design, Inc",http://hayasaflooring.com/,ChIJzfdP7y1-j4ARriFItWnPjzs,San Francisco,CA
Garage Busters,http://www.garagebustersinc.com/,ChIJI_oYwliWhYARbraakGBjQmY,San Francisco,CA
"Ross Concrete Coatings, a division of Ross Painting",https://www.rossconcretecoatings.com/,ChIJ9x-w4gVx7w0Rl-TofYS3aX0,San Francisco,CA
Robles Concrete Design LLC,http://www.roblesconcretedesign.com/,ChIJafEqXgh3j4ARCKVTe37cMzE,San Francisco,CA
One Touch Flooring,https://www.juiceboxtips.com/,ChIJGdTqWhOBhYARNtXW1xvO0WM,San Francisco,CA
West Coast Epoxy,https://westcoastepoxy.com/,ChIJoVqnEOffmoAR3EIlPJrr22k,San Francisco,CA
Bay Garage,https://www.baygarage.com/,ChIJVfh3h8ZnhYAR9SPZGd2hnio,San Francisco,CA
California Custom Coatings,https://californiacustomcoatings.com/,ChIJZwWy7HXdmoARo2LzwPLAoO8,San Francisco,CA
RhynoPoxy Coatings,https://rhynopoxycoatings.com/,ChIJv2EFFwv2KqgRRoLF2mjtuVQ,San Francisco,CA
Kingdom Concrete San Francisco,https://www.kingdomconcretesf.com/,ChIJZyMy3fJ_j4ARBeD_QWv56W4,San Francisco,CA
J&C Concrete Restoration Inc.,https://www.jcconcreterestorationinc.com/,ChIJlU0un2INhYARKbTa-hWireQ,San Francisco,CA
Rhino Concrete Bay Area.,http://sanfrancisco-concrete.us/,ChIJR-wUpa77504RgBlTGtMoLVA,San Francisco,CA
San Francisco Concrete Contractors,https://sanfranciscoconcretecontractor.com/,ChIJxRWjAA3v8KIRD2QEs_79Axc,San Francisco,CA
The Crew Concrete & Masonry,http://www.thecrewservices.com/The-Crew-Concrete-Masonry-San-Francisco.html,ChIJIzqk4_d9j4ARnUaXVuZxqAU,San Francisco,CA
"Liquid Coating Designs, Inc.",http://www.liquidcoatingdesigns.com/,ChIJwYQFkwfpj4AR6Ft0d9_TACQ,San Francisco,CA
California Concrete Overlay Inc.,http://www.ccoverlay.com/,ChIJW6oyjLhnhYARoTkeTLPOXg8,San Francisco,CA
Gonzalez Concrete Inc (dba SF Gonzalez Concrete Inc),,ChIJG1tFnBV_j4ARBq8-Lscp6vg,San Francisco,CA
Bay Area Concretes Inc,https://bayareaconcretes.com/,ChIJN1kJas3nj4ARc3MgUCRw5eY,San Francisco,CA
"The Restoration & Waterproofing Co., Inc.",http://therestorationco.com/,ChIJj1cRu9wy7GsRg849MYtxbhs,San Francisco,CA
"Cal Coast Waterproofing, Inc.",,ChIJv3w46jt-j4ARtNxij6TnKrg,San Francisco,CA
Ultra Construction,https://ultraconstructionsf.com/,ChIJFVokz1N5j4ARxt7hiedao7g,San Francisco,CA
All Bay Area Dustless Blasting & Concrete Polish,https://www.allbayareadustlessblasting.com/?utm_campaign=GoogleMyBusiness,ChIJsd6H1DKAhYARB_3agaIHY7U,San Francisco,CA
Decorative Concrete Restoration,https://decorativeconcreterestorations.com/,ChIJG6YhbZ-Vj4AR5AHASk3Hctg,San Francisco,CA
Mission Bay Concrete,http://missionbayconcrete.com/,ChIJTVcH1Hx_j4ARkd_zF0IF6xk,San Francisco,CA
San Francisco Concrete,https://www.sanfranciscoconcrete.org/,ChIJAVHbKfGBhYARWdwWgSSHUgA,San Francisco,CA
Extreme Industrial Coatings,http://www.extremeepoxycoatings.com/,ChIJU33LeqpglIAR9LpiqybluvM,San Francisco,CA
Everest Waterproofing & Restoration,http://www.everestsf.com/,ChIJxeebCK5_j4ARMvf4Q4P0z00,San Francisco,CA
PolishedCrete,https://polishedcrete.com/,ChIJ53TrtzXnj4ARPC5babdem2Q,San Francisco,CA
Geo Grout Ground Modification Specialist Inc.,http://gggms.com/,ChIJdcEG1I1_j4ARDPItJIgt_k0,San Francisco,CA
ceilcoat protective coatings llc,https://www.ceilcoatprocoatings.com/,ChIJ5_MQH7J_j4ARoAQNXK0_4tI,San Francisco,CA
Allied Concrete Redy Mix Services Inc.,https://www.alliedredymixconcrete.com/,ChIJT4YVtaB_j4AR5q8XpDulO0I,San Francisco,CA
DIAMOND'S CONCRETE CONSTRUCTION,http://diamonds-concrete-construction.com/,ChIJffE7tpeHj4AR3ynhrh9MTXI,San Francisco,CA
USA Spray Me Spray Foam Insulation Contractor,https://usasprayme.com/?utm_campaign=GoogleMyBusiness,ChIJ3cz6MZyHhYARSpuLu_RVSiE,San Francisco,CA
E F Gomez Cement Contractor Inc,https://www.efgomez.com/,ChIJ69rC_xZ_j4ARPvMVYpZxmmE,San Francisco,CA
CA Resurfacing,https://www.ca-resurfacing.com/,ChIJafjVScbZ3IARvHwfISwmWVc,Santa Ana,CA
Goldenwest Epoxy,http://www.goldenwestepoxy.com/,ChIJ11K-lDff3IAROtyvjjIa4KE,Santa Ana,CA
Concrete Polishing & Epoxy Flooring-Stellar Surfaces,http://www.stelr.com/?utm_source=google&utm_medium=organic&utm_campaign=gbp-listing,ChIJMdctaBQh3YAR1vl5AdfkoKk,Santa Ana,CA
FPC Epoxy Coatings,https://fpc-epoxy-coatings.myshopify.com/,ChIJNxJJZiRtuKARoL2QRrUp3jw,Santa Ana,CA
Octo Pro Coatings,https://octoprocoatings.com/?utm_source=gmb,ChIJZeAIDajbQ6kR5ayqZOzdByM,Santa Ana,CA
X Flooring,https://xflooringoc.com/,ChIJJQ4bnXXZ3IARjmvalp-MJH4,Santa Ana,CA
Specialized Surfaces,http://www.specializedsurfaces.net/,ChIJkzQYB3wg3YARkilfA9-ijW8,Santa Ana,CA
ASTC POLYMERS,https://astcpolymers.com/?utm_source=google&utm_medium=gbp&utm_campaign=gbp,ChIJsfLz3bzY3IARuaiSfd39wNw,Santa Ana,CA
"Orion DCP, Inc.",https://www.oriondcp.com/,ChIJe3xYnAsc6KMRqSi07D_faTA,Santa Ana,CA
Good Construction Services,http://www.goodconstructionservices.com/,ChIJcVd6phff3IAR_IiR_lmQ6R4,Santa Ana,CA
Bulldog Garage Products,http://www.bulldoggarageproducts.com/,ChIJi_yMLpPp3IAR-nAGnn7RvGk,Santa Ana,CA
Gus The Floor Guy,https://www.gusthefloorguy.com/,ChIJH9mb-dbZ3IARqenPhf08IT4,Santa Ana,CA
Floor & Decor,https://www.flooranddecor.com/store/santa_ana/CA/92705/129?utm_source=gmb&utm_medium=organic&utm_campaign=dsg_santa_ana,ChIJ8en-jbPe3IARRcMYQOJfSc4,Santa Ana,CA
"U.S. Resin Supply - Anaheim, California",https://usresinsupply.com/,ChIJO5hf06PX3IARfEyPbpo4UW0,Santa Ana,CA
"Floor Safety Enterprises Inc, Slipgrip Products & Website",http://www.slipgrip.com/,ChIJTXKLMqPY3IARJtwFTS6QZac,Santa Ana,CA
Flooring Direct Warehouse,https://fdwflooring.com/,ChIJNQCRHcrZ3IAR9Z3C6UOXClA,Santa Ana,CA
Kretus,https://kretus.com/,ChIJiS6g8m7X3IARZ7Tsj1qpdzM,Santa Ana,CA
California Square Foot Flooring Inc,https://cafloors.net/,ChIJC5r92rTZ3IARpnmMGghsf0U,Santa Ana,CA
Precision Epoxy Flooring LLC,https://precisionepoxyflooring.com/,ChIJc_a6gq9_PIgRZk5q_XlF49w,Santa Ana,CA
What It Takes Coating Supplies,https://www.whatittakescoatingsupplies.com/,ChIJnxWFHVMn3YAR_ScWQU2-lFk,Santa Ana,CA
Flooring Discount Centers,http://www.fdcimports.com/,ChIJVzkde6HY3IARGa03HuRbrWw,Santa Ana,CA
CONTRACTORS' WAREHOUSE,http://contractorswarehouse.com/,ChIJcb5VsgzZ3IARsIEOEumSgwQ,Santa Ana,CA
Only Wood Floors / Refinish Wood Floors,http://www.onlywoodfloors.net/,ChIJPfhp66fX3IAR-NpFYLtTuBM,Santa Ana,CA
"Signature Flooring, Inc.",http://www.floorsbysignature.com/,ChIJS3Ya6EDZ3IARDH7nUUGap68,Santa Ana,CA
Specialty Design Coatings,https://www.specialtydesigncoatings.com/,ChIJ8ZmOogLv3IAR9qtoW1FJdPQ,Santa Ana,CA
Epoxy Time,http://www.epoxytime.com/,ChIJS932IFax3IARSjKsvrpGPpc,Santa Ana,CA
Epoxy Garage Guy,http://www.epoxygarageguy.com/,ChIJW-STVKx924AR8cCHPlHxsBU,Santa Ana,CA
The Garage Floor Company,http://thegaragefloorcompany.com/,ChIJq6ouvelClIARGyceaU1rkGc,Santa Ana,CA
Concrete Floor Polished or Epoxy Garage Floors,http://www.marbleshooters.net/,ChIJUyYJiU_d3IARAy4vYQfcQPE,Santa Ana,CA
United Concrete Contractors Santa Ana,https://unitedconcretesantaana.weebly.com/,ChIJpTXo7hDZ3IART71KFW_g9No,Santa Ana,CA
TruForm Concrete Specialists,https://www.santaanaconcretecontractors.com/,ChIJFXsnbxXZ3IARDjBukaihfT8,Santa Ana,CA
Gerber Concrete Services Inc,https://gerberconcreteservices.com/,ChIJb9my9qLR3IAR9sreM1VCPEk,Santa Ana,CA
Rose Concrete Resurfacing & Epoxy,https://www.roseconcreteresurfacing.com/,ChIJh6cX5LFz3IARYgIOIuQ_Ttk,Santa Ana,CA
"Maverick Caulking & Coatings, Inc",https://www.maverickcoatings.com/,ChIJ8-lECRnX3IARRwFHWEytmqs,Santa Ana,CA
EverLine Coatings and Services - Irvine and Orange County,https://everlinecoatings.com/us/ca/irvine/?utm_source=GMBlisting&utm_medium=organic,ChIJmRB9X9wnYYIRx3_rarpkeDM,Santa Ana,CA
The Kings Of Concrete Inc.,http://thekingsofconcrete.com/,ChIJqQmgzRTZ3IARkQSCH0l3eIo,Santa Ana,CA
Concrete Creations,https://gotcoatings.com/contact-us,ChIJVVWBO_jb3IARaWcrPmZhOHo,Santa Ana,CA
"Gemtech Coatings, Inc.",http://www.gemtechcoatings.com/,ChIJ46nzpyvZ3IAR7MFOt1Cs6JQ,Santa Ana,CA
EpoxyTek Concrete Resurfacing Solutions,http://www.epoxytekflooring.com/,ChIJXV0z9-vR3IARJIxI6-CMqs0,Santa Ana,CA
CSC Concrete Services,,ChIJE1U8lgvZ3IARZa7ndb3--gs,Santa Ana,CA
"Concrete Coating Specialists, Inc.",http://www.sandiegodecorativeconcrete.com/,ChIJMWoAvpn_24AR3DGprz5KZL4,Santa Ana,CA
"Contech Services, Inc.",http://www.contechservices.com/,ChIJhYRdeTLZ3IARAxKNHu5FjUk,Santa Ana,CA
STONESHINE Restoration & Remodeling,https://www.stoneshine.net/?utm_source=gbp&utm_medium=local&utm_campaign=santa-ana,ChIJq0H_J1zZ3IAR_E6VPkO6sEc,Santa Ana,CA
OC Concrete,https://occoncrete.net/,ChIJwTKuFtHJ3IAR3BkCQkBED-E,Santa Ana,CA
OC Builders Group,https://ocbuildersgroup.com/,ChIJERmp5Cax3IARU6z6zvAOnQY,Santa Ana,CA
"AMS Coatings, Inc",http://www.amscoatings.com/,ChIJ-_q-IEzZ3IAR8i6QhR1ag6s,Santa Ana,CA
Pavescapes,http://www.uglyconcrete.com/,ChIJCZuKr0fZ3IARaC54PHi5CAQ,Santa Ana,CA
California Coating Supply,https://www.californiacoatingsupply.com/,ChIJlzc_ANJqL2ERTUvpf7aSL7M,Santa Ana,CA
Concrete Placement Inc.,https://concreteplacementinc.com/,ChIJC_qV2QzZ3IARUSMlVnBeJHI,Santa Ana,CA
Concepts Decorating Solutions Inc,https://conceptsdecoratingsolutionsinc.com/,ChIJDYalMyLZ3IARXGnye54v7Qg,Santa Ana,CA
"Engrave Concrete Design Professional Epoxy Flooring Contractor, Pavers Interlocking & Garage Floor Installer",https://www.ecd360construction.com/about/,ChIJO1MF_qnNj4ARJ7cucgm9swg,San Jose,CA
Platinum Designs - Custom Epoxy Flooring,https://www.platinumdesignsepoxy.com/,ChIJw2pJ2SxddG4Rjk0KeKeAAgc,San Jose,CA
HEAVY DUTY EPOXY,https://heavydutyepoxyllc.com/,ChIJjyYJFJX_QU0RfUKV4DhtoJ4,San Jose,CA
Coatings Hub NorCal,https://coatingshubnorcal.com/,ChIJVVWVLHzMj4AR0WG00MKYHWQ,San Jose,CA
Armor Coatings Inc,http://armorcoatings.net/,ChIJyfmsucQxjoARbUfk2A_s5_Y,San Jose,CA
Golden Coast Epoxy,https://goldencoastepoxy.com/,ChIJ01AjxTshjoARpGN7Sglfz9Q,San Jose,CA
Heavenly Touch Stone Care,https://heavenlytouchstonecare.com/,ChIJHZ-BzbQvjoARg4UXDyN6gHA,San Jose,CA
"Proper Hour Hardwood, Laminate & Epoxy Floors",https://proper-handyman.com/,ChIJbzvxv6Jj-aURqgpVinqBX2M,San Jose,CA
Exclusive Resins - Epoxy Supply and Installation,https://exclusiveresins.com/,ChIJk-B8yv88e4oRgkD9FXBiUpk,San Jose,CA
"Radix Flooring - San Jose, CA",https://radixflooring.com/?utm_source=google&utm_medium=google-business-profile&utm_campaign=san-jose,ChIJw7G8tY3alGoREhiwvtHPG_g,San Jose,CA
Future Epoxy Flooring,,ChIJXaqkXN2_j4ARCDeVBc7u-0g,San Jose,CA
"West Coast Contract Flooring, Inc.",https://wccflooring.com/,ChIJAwiwFoLMj4AR5Q76bBk7xhg,San Jose,CA
Tera Lite Inc,http://teralite.com/,ChIJ_SZfpiUzjoAR6lIGt4_-iLo,San Jose,CA
Cal Floors Inc,http://www.cal-floors.com/,ChIJxzK1_ojJj4ARFefLZ84-6ew,San Jose,CA
San Jose Flooring Craftsmen,https://sanjoseflooringsolution.com/,ChIJjUVGdVItjoARm-iUqBCXRIU,San Jose,CA
VM FLOORING,https://vmflooringandmore.com/,ChIJ05qtQurKj4ARPMjjKgH2oJo,San Jose,CA
Garage Lions,https://www.garagelions.com/,ChIJlVf_wtTLj4ARAzGTV4m7_W8,San Jose,CA
PPD Premium Protective & Decorative Coatings Paint Store,https://www.ppdpros.com/,ChIJ58dj9NrLj4ARyQ0I77l1syM,San Jose,CA
Revive Cleaning & Restoration,https://revivebayarea.com/contact/,ChIJ937j2GgyjoARnHUih5_dsJ8,San Jose,CA
Nor-Cal Industrial Floors Inc,http://norcalfloors.com/,ChIJ9eMxRnrMj4AR5gNLw5TyYak,San Jose,CA
Floor Depot,https://www.floordepot.us/,ChIJ0-H4N_TLj4ARpNqmeuCTwWI,San Jose,CA
Cal West Epoxy Floor Coatings,http://calwestepoxy.com/,ChIJu97vN0JTkIAR8ffVrt8Wi5U,San Jose,CA
Garage Force of Modesto,https://modesto.garageforce.com/,ChIJXWtZcy5RkIAR1QGBt5pisXg,San Jose,CA
Garage Force of San Joaquin County,https://sanjoaquincounty.garageforce.com/,ChIJa00ukpUANIkRkap53x75OuU,San Jose,CA
Marvel Garage Solutions,https://www.marvelgaragesolutions.com/,ChIJ28zgI9YZjoARkZ32OjZpcfY,San Jose,CA
S & S Renovations,http://www.ssrenovations.com/,ChIJnyrfUfYwjoARBk6Lao01924,San Jose,CA
Custom Concrete Resurfacing Inc.,http://www.customconcreteresurfacing.co/,ChIJCc5o00cujoARirulGzjOfBQ,San Jose,CA
"Clean Cut Concrete, Inc.",http://www.cleancutconcrete.com/,ChIJ0VbTZSMzjoARhnpg-5YpxBU,San Jose,CA
Concrete Resurfacing,https://www.sanjoseconcreteresurfacing.com/contact-us/,ChIJAQCcxqTOj4ARwAbd9Y28Z0s,San Jose,CA
San Jose Concrete Contractor Pros,https://www.sanjoseconcretecontractorpros.com/,ChIJ6VGH1A0zjoARGmsvRQU1VMw,San Jose,CA
Ramos Concrete Inc.,http://ramosconcreteinc.com/,ChIJza4G49nMj4ARHLfShN939dw,San Jose,CA
"Innovative Concrete Designs, Inc.",https://www.icdcma.com/,ChIJkSrKyE_Lj4AR1hNt4HqhpkY,San Jose,CA
Concrete Builders of San Jose,https://concretebuilderssanjose.com/,ChIJfcPBeJHNj4AR0Xw0k1oRsDQ,San Jose,CA
Fox's Concrete,https://foxsconcrete.com/,ChIJByqP_qk3joARvM2FGLzMxdA,San Jose,CA
Hernandez Concrete,,ChIJWfxWCuDkMWsR8la_Hx0kJp4,San Jose,CA
Baca Concrete,https://bacaconstructions.com/?utm_source=google&utm_medium=organic&utm_campaign=google_business_profile,ChIJA7LuPY4zjoARFtZKKc3gKd4,San Jose,CA
Go Concrete SJ,http://goconcretesj.com/,ChIJRa4Qm9TLj4ARceyQX1BDNY4,San Jose,CA
Valley Concrete Inc,http://www.valleyconcrete.com/,ChIJV6ebq4LLj4ARus4zoS19ysI,San Jose,CA
Santamaria Concrete,http://santamaria-concrete.com/,ChIJQwA_AWs1joARKD8IyA8tDMQ,San Jose,CA
Benitez Concrete Construction,https://benitezconcreteconstruction.com/,ChIJvVgCRjwzjoAR1E6-mRTSN4o,San Jose,CA
Antuzzi Concrete Designs Inc,http://antuzziconcrete.com/,ChIJV1-LZmDLj4ARDb70mTv7gdY,San Jose,CA
Epic Concrete Coatings - ND,https://eccoatings.net/,ChIJFyAPCestz1IRnWYLZ9ylK40,San Jose,CA
South Bay Surface Restoration,http://sbsrestoration.com/,ChIJExn7d_MzjoARARHKphrAq7k,San Jose,CA
Calvac Paving Asphalt & Concrete,https://www.calvacpaving.com/,ChIJBxb_NfoyjoAR5Q41qjQBxJc,San Jose,CA
Unique Concrete Creations,http://www.uniqueconcretebayarea.com/,ChIJ-9M1KnXLj4ARpw5ZMI26KEA,San Jose,CA
BDCe Concrete Corp,http://bdceconcrete.com/,ChIJXazB0mzLj4AReN-dLYnz_2Q,San Jose,CA
Miami Epoxy Pro - Epoxy & Concrete Flooring - Industrial & Commercial,https://www.miamiepoxypro.com/?utm_campaign=gmb&utm_medium=organic&utm_source=google-my-business,ChIJgYm6nZMrz6MRu95ctUumeZA,Miami,FL
Epoxy Designer,https://epoxydesigner.com/,ChIJMfnOVhm12YgRHvTN4nL49oI,Miami,FL
Specialty Performance Flooring,http://spfepoxy.com/,ChIJ6WeCRxyr2YgRPgEz-IfjHbE,Miami,FL
Exclusive Epoxy Coatings,https://exclusiveepoxycoatings.com/?utm_source=google&utm_medium=organic&utm_campaign=gmb-listing,ChIJz08JHJcApUARAEph1d1sqrA,Miami,FL
Carbon Concrete Coatings,https://www.carbonconcretecoatings.com/?utm_campaign=gmb,ChIJK9V4Hw-T9CERhEjy6TdjN3M,Miami,FL
Art of Coating Miami,https://www.artofcoatingmiami.com/,ChIJ8bm5Fz8mwEYRBW43ef-B2hI,Miami,FL
Epoxy Floor Specialist,http://commercialcoatingsolution.com/,ChIJP2oFTV3n2YgRawPULlzwRyI,Miami,FL
Apex Epoxy Flooring of Hialeah,https://apexflooringllc.com/apex-epoxy-flooring-of-hialeah/,ChIJAV_mf8igdaMRxKUryupOZzs,Miami,FL
XPS Xpress - Miami Epoxy Floor Store,https://xpsxpressmiami.com/?utm_campaign=gmb,ChIJSbvsRGa52YgRIjWCddVCVqc,Miami,FL
Epoxy 239 Store - Epoxy Floor Store,https://www.epoxy239.com/,ChIJM1CHbpK52YgRzq5fPjmyMIs,Miami,FL
Diamond Epoxy Floors,https://concretepolishingmiamifl.com/epoxy-flooring/,ChIJzSz3bESz2YgRUcmuXzygvcc,Miami,FL
"American Epoxy Systems, LLC",http://www.americanepoxysystems.com/,ChIJx_yF8iWx2YgRegoTgmdDsgw,Miami,FL
Epoxy Store & More - Miami,,ChIJYTkhVe3B2YgR_0R-4HQ7SLU,Miami,FL
FLORIDA Epoxy,http://www.awesomegaragefloors.com/,ChIJ3yMkWGCs2YgRSxU5Wv8njXo,Miami,FL
Brilliant Epoxy Floors,,ChIJA4RJpii72YgRqo8N9z6kFKw,Miami,FL
Ascent Epoxy Fort Myers,https://www.precisionepoxyfortmyers.com/,ChIJ22nNtjdB24gRbCGby2KEODg,Miami,FL
Epoxy Floor Supply Company,https://www.epoxyfloorsupplycompany.com/,ChIJLzgAyd0V24gRcJOi6fT6nkU,Miami,FL
Urbanac Surfaces High Performance Floors,https://urbanacsurfaces.com/,ChIJ6TbBJDwK2YgRNd5ogP2IIXI,Miami,FL
Vivid Pours,,ChIJpxhxyl-z2YgRshiNjNqmnd0,Miami,FL
AP Flooringjah,,ChIJf53FFFu72YgR4CYGn-kAbWU,Miami,FL
Liquid Surface Epoxy & Resin,https://www.lqsurfaces.com/,ChIJ1UWsCHC32YgRp7Ijlu-CAro,Miami,FL
Dura Bond Co,http://www.durafloor.com/,ChIJsSJrUK222YgR3rH_y3NxrHM,Miami,FL
FloorskingASM,http://www.floorskingasm.com/,ChIJYb6H9K7F2YgRmp6PPwfLpJY,Miami,FL
Garage Floors of South Florida,http://garagefloorsofsouthflorida.com/,ChIJI0luK4JByWAR11CkvfQlw-o,Miami,FL
Garage Customs FL | Miami PPF & Car Wraps,https://www.garagecustomsfl.com/,ChIJ9dq3k5632YgR50er7wHxSKY,Miami,FL
FalconCrete Coatings,https://falconcretecoatings.com/,ChIJ5SPTjFWp2YgRS3YHHATZWEw,Miami,FL
CONCRETE FINISH OF MIAMI LLC,https://concretefinishofmiami.com/,ChIJtyyfb2G32YgRgTBjxmMX6Ws,Miami,FL
South Beach Floor Solutions,http://www.southbeachfloorsolutions.com/,ChIJ5ehM8Vil2YgRhPYzYD6EomU,Miami,FL
Elite Miami Concrete,https://elitemiamiconcrete.com/,ChIJAfTxRBe32YgRtJ1AD6cQ0QQ,Miami,FL
RTX Concrete Driveway & Patio Miami,https://concretecontractormiami.weebly.com/,ChIJ17jtbvqx2YgR5YQd0B1IsNY,Miami,FL
Guard Concrete Miami,https://vanguardconcretemiami.com/,ChIJgQG0g4-52YgRCt4B7coCM-4,Miami,FL
Dade Decorative Concrete,https://www.dadedecorativeconcrete.com/contact,ChIJD8EO9r222YgRAuegiPkjjiI,Miami,FL
Miami Concreters,https://miamiconcreters.com/,ChIJF79UI0m32YgRnf8YBuN_RMQ,Miami,FL
Miami Concrete King,https://miaconcretekings.com/,ChIJY6fYX3ZeTygRUN0yl6MIQGg,Miami,FL
Lugo Painting & Restoration,http://www.lugopainting.com/,ChIJ35luZqO32YgREBcvKYGYiL4,Miami,FL
ECC - East Coast Coatings,http://ecc-fl.com/,ChIJZXHcTl232YgRhvivuOulQj4,Miami,FL
Concrete Coating Boston LLC,http://ccbservices.net/,ChIJoUdFMEeelkIRRSJUz0jIE6Y,Boston,MA
Boston Garage,http://www.bostongarage.com/,ChIJ61cm6dGf5IkRnVewSdn_dx0,Boston,MA
Boston Epoxy inc,http://bostonepoxyinc.com/,ChIJP10HYZjS0WcRpMWZxw8_j80,Boston,MA
Epoxy Floors Boston,http://epoxyfloorsboston.com/,ChIJ_3w0Ich744kRyGnlrRLb2_U,Boston,MA
Platinum Flooring LLC,https://platinumgaragefloorcoating.com/,ChIJM1-waKL74SwRanKCcZ5yRDw,Boston,MA
Space Up - EPOXY FLOORS,https://www.spaceupconstruction.com/,ChIJS91Uwcv0564RDvHU1z9c_2Q,Boston,MA
Ultimate Epoxy Solution Floor,https://ultimateepoxysolutionfloor.com/lp/,ChIJrYTD6WMJ5IkRKSVi87L7jR8,Boston,MA
USA Epoxy of New England LLC,https://usaepoxyne.com/,ChIJi2VKEjeN5IkRBkqVU_RiSbY,Boston,MA
Epoxy Flooring Systems,http://www.epoxyflooringusa.com/,ChIJy-K30ra75IkRptTowX1B5Yk,Boston,MA
Cape Epoxy-Boston,https://capeepoxy.com/locations/boston/,ChIJ8WPpkzAT44kRfnv2Y4DpXU4,Boston,MA
Symphony Concrete Coatings,http://www.symphonyconcretecoatings.com/,ChIJq3o_KUOf44kRlNv9iHblwd4,Boston,MA
Alto Boston Epoxy Floors,https://altoboston.com/,ChIJT3CEOtcX44kRjQZOFuRCEE8,Boston,MA
SS Epoxy Flooring & Decorative coatings,https://www.ssepoxyfloors.com/,ChIJkz14x-XBYgAR_Zo5J-0atqs,Boston,MA
Above All Epoxy Flooring LLC,http://www.aboveallepoxy.com/,ChIJLz3Uh1tj44kR5Pq6meb0BuQ,Boston,MA
"Royal Epoxy Floors, LLC",,ChIJT3AbEVm75IkRRpsPWDy5_uw,Boston,MA
ADO Epoxy Solutions,https://adoepoxysolutions.com/,ChIJ82xEddJx44kRTGJkMhnVC6Y,Boston,MA
XPS XPRESS BOSTON,https://www.xpsxpressboston.com/,ChIJ-RFnZRAL5IkRRDzDM4KJgts,Boston,MA
Mago Flooring,https://www.magoflooring.com/,ChIJx2wMPYpx_oMRGPNJ56MPJyI,Boston,MA
Falcon Epoxy Floors,https://falconepoxy.com/,ChIJCwvhOMmN44kRJE97uRxKFOg,Boston,MA
Glorious Flooring LLC,http://gloriousflooring.com/,ChIJDyVgshV744kROioYtmaL_yU,Boston,MA
New England Floor & Wall,http://www.nefloorwall.com/,ChIJ_WID3Bkg54kRbMBLFpB-jpQ,Boston,MA
DIAMOND FLOORING ( HARDWOOD FLOOR INSTALLATION & REFINISHING),https://diamondflooringma.com/,ChIJ-XHCpqR744kRgUkEqMfJXzQ,Boston,MA
PumaCRETE Flooring,http://www.pumacrete.net/,ChIJ0dPFIWd744kRCSuBKfOV1Rw,Boston,MA
"Custom Creations Decorative Concrete, LLC",http://www.decorativeconcretenhma.com/,ChIJiXmZTolw44kRXW-nZ6gEMN0,Boston,MA
Emanuel Flooring Corp,https://emanuelflooringcorp.com/,ChIJU3zROGNv44kRwrYxvRLeHRo,Boston,MA
A Plus Garage Coatings Inc,,ChIJq6rFBHpy44kRz6Rq4zUZUD4,Boston,MA
"The Floor Sanders, Inc",http://www.floorsanders.com/,ChIJO4QU59F544kRvMWe7WTjDBA,Boston,MA
Boston Garage Coating,http://www.bostongaragecoating.com/,ChIJt4tBitZ94IQR2NNGbhOlF1E,Boston,MA
LionStone Concrete Coatings,https://www.lionstonefloors.com/,ChIJ_VZflNvB5okRVcEzcfIYYOE,Boston,MA
Concrete Polishing Boston,https://concretecoatingboston.com/,ChIJZzlY1BWk44kRUFoPS-pkQ_c,Boston,MA
Advanced Concrete Coatings New England,https://www.advancedconcretecoatingsne.com/?y_source=1_Mjg3Nzc1ODgtNzE1LWxvY2F0aW9uLndlYnNpdGU%3D,ChIJdxtiE05d5IkRp2Z9FlpYP4o,Boston,MA
Next Level Concrete Coatings,http://onedayfloor.com/,ChIJ3046cg2h5IkRzldwSAk9Q6Q,Boston,MA
Black Bear Seamless Flooring,https://www.blackbearconcrete.com/?utm_medium=search&utm_source=google&utm_campaign=googleprofile&utm_content=local,ChIJR7slr-vm44kRTT3RZZ7_VUk,Boston,MA
Iconic Epoxy Flooring,https://www.iconicepoxyflooringma.com/,ChIJVUq9oMup44kRPc8VnzchNoM,Boston,MA
Arctic Wolf Coatings,https://arcticwolfcoatings.com/,ChIJpQKbpWjD44kRTwQUNNwL11c,Boston,MA
"Donlon Coatings, Inc.",http://donloncoatings.com/,ChIJRTQIwdd044kR9c3cUhBcSLw,Boston,MA
Hatch Paint & Coating LLC,,ChIJNcMzo1_FpUgRhovHfr5Pdiw,Boston,MA
Boston Concrete Artisans,https://bostonconcreteartisans.com/,ChIJP6RjNClt5IkRukNm9ocSbD0,Boston,MA
McLean Company - Commercial Painting and Flooring Contractor,https://mclean-company.com/?utm_source=google&utm_medium=organic&utm_campaign=gbp,ChIJ6ZduveUT44kRrtnSf5wY0nk,Boston,MA
Industrial Coatings Northeast,https://industrialcoatingsne.com/,ChIJ-fc0-s9t5IkRQ8BxnAzqKS8,Boston,MA
Boston Stamped Concrete Experts,https://bostonstampedconcreteexperts.com/,ChIJQzNfjst744kRUPlWXxf2ycQ,Boston,MA
Concrete Renovations Inc,http://www.concreterenovationsinc.com/,ChIJQdqve6wc54kRcQTvkYJf8kc,Boston,MA
Concrete Solutions & Waterproofing,https://concretesolutionsma.com/,ChIJg0hDQctmSmgRhI-20xEDNrg,Boston,MA
"Concrete Resurfacing Systems, Epoxyco",https://www.concrete-inc.com/,ChIJL1httqiI44kRYR9K1w4Bx-k,Boston,MA
Northeast Stone & Concrete Solutions,https://northeaststoneconcrete.com/,ChIJTa-vYgxt44kRiofbnpA-W2I,Boston,MA
Danek Flooring Inc.,http://www.danekflooring.com/,ChIJq6oaO7cf54kRrRvalLakIG8,Boston,MA
Topcoat Services USA,https://topcoatservices.com/,ChIJ3aM05Jo0-4kR5KKsILD9tFw,Boston,MA
Scott Concrete Floors,http://www.scottcrete.com/,ChIJ0WqAabOR5IkRH7D2z60OJVg,Boston,MA
Bristol County Sealing Company,https://bristolcountysealing.com/,ChIJ-zeNZb9W5IkRfmk4TKGo81E,Boston,MA
Associated Concrete Coatings,https://associatedconcretecoatings.com/,ChIJh55T1OBO4okRuxN7pumako4,Boston,MA
Pristine Epoxy Floor Coatings,https://pristinecoatings.net/?utm_source=GMB&utm_medium=organic&utm_campaign=GMB,ChIJfaAEaOuhtaQRpr9_l-HndxM,San Diego,CA
KD Flooring & Installations,https://www.kdflooringsd.com/,ChIJ__8_ISRY2YAREHv9tkL6qwo,San Diego,CA
Creek Stone Resurfacing,https://creekstoneresurfacing.com/?utm_source=GMB&utm_medium=Profile&utm_campaign=Organic,ChIJfehHTR4H3IAR2tzLgOFbGP8,San Diego,CA
Picasso Resin llc,https://picassoresin.com/,ChIJDw6Sf7NT2YARJzCvexD1Wc4,San Diego,CA
Epoxy Flooring Service UNLICENSED CONTRACTOR,,ChIJAUPXxugBYkER3V6LW7K3q3c,San Diego,CA
Zenith Heights Flooring & Epoxy,https://zenhflooring.com/,ChIJc6fjolME_YIRu0E30cJH4IQ,San Diego,CA
Best Coast Epoxy Coatings Inc.,https://www.bestcoastepoxycoatings.com/,ChIJL0Tz7iwB3IARY5JJjI4XcZA,San Diego,CA
JC Concrete Coatings,,ChIJubLgsuFR2YARpAGLNAChma4,San Diego,CA
The Garage Co.,http://www.garagestorageandcabinets.com/?utm_campaign=gmb,ChIJFbXAOYh13IARG1IKbOXUKLE,San Diego,CA
O. T. Epoxy Floors,http://www.otepoxyfloors.com/,ChIJlVLJIiNZ2YARJxF-Yy9vO8g,San Diego,CA
Perkins Custom Coatings,https://perkinscustomcoatings.com/,ChIJCZImNnxT2YARAdzTVuyw5bs,San Diego,CA
La Mesa Flooring Company,https://lamesaflooring.com/,ChIJARhuBkBX2YARVU_XpdZ5Crw,San Diego,CA
Garage Excell,,ChIJB_YMZ_r024AR1Yh23QLIs-0,San Diego,CA
Life Deck Coating Installations,https://www.lifedeck.com/,ChIJt7Upp5pT2YARDlgWhte6xgQ,San Diego,CA
Waterproofing Contractor San Diego. Deck. Concrete Coating,https://waterproofingsd.com/,ChIJ4aqq5v_524ARKqgq9GBweXw,San Diego,CA
Innovative Concrete Surfaces,https://www.icsurfaces.com/,ChIJs01D3aT19QQR-hEEbuJQyW8,San Diego,CA
Rodriguez Waterproofing & Epoxy Coating,,ChIJfbWgnQpT2YARcSsiKjGd6Lg,San Diego,CA
"Finishing Touch Concrete Coatings, Inc",https://ftconcretecoatings.com/?utm_campaign=gmb,ChIJtfv1wOZX2YAR3NDdqtcamZw,San Diego,CA
Medrano Co,https://medrano.co/,ChIJ90_CvJRT2YARTBgY-nZEq2Y,San Diego,CA
Concrete Polishing and Staining,http://www.concretepolishingandstaining.com/,ChIJGZFF3bdN2YARsd8sXJOHkyQ,San Diego,CA
Allied Coatings,https://alliedcoatings.com/,ChIJZ1qnd-GB3IARPJsdyzh_7m8,San Diego,CA
Supreme Concrete Group,https://supremeconcrete.us/,ChIJd8wIBItT2YARFwaQNykavBo,San Diego,CA
Capstone Concrete,http://capstoneconcrete.com/,ChIJX3moxWNgDgYR6wUtUXVsj2g,San Diego,CA
California Clean & Seal,https://www.calcleanseal.com/,ChIJK2b4Os8B3IARMBAU3dBaSl4,San Diego,CA
Beach Cities Coatings,https://beachcitiescoatings.com/,ChIJN0sQ6Y0B3IARGgciabU-az8,San Diego,CA
MASTER Concrete Contractors San Diego,https://www.concretecontractorssandiego.site/,ChIJ8a0K6IZV2YARcGCA9utHH5k,San Diego,CA
"GSC Concrete Coatings, Inc.",https://www.gsccoatings.com/,ChIJe-NEY_b124ARrqesLmZkYwA,San Diego,CA
Atomic Coatings Inc,https://atomiccoatings.com/,ChIJ3WmKB-5g2YARUAp8rpJq2e8,San Diego,CA
Westcoat,http://www.westcoat.com/,ChIJt7Upp5pT2YARddNRpZ3oHgE,San Diego,CA
Rose Concrete and Development,https://www.sandiegoconcrete.ai/,ChIJxYGUAuoEAWoR05KbzVFAI78,San Diego,CA
"True Champions Construction, Inc.",http://www.championcoatings.net/,ChIJZ5-66ZSq3oARqxo7CZdbgFo,San Diego,CA
PCS - Preferred Coating Supplies,http://www.preferredcoatingsupplies.com/,ChIJYwpu4wt13IAR0bFM5yehuiY,San Diego,CA
All Source Coating and Tile,http://www.allsourceco.com/,ChIJnQB5Yef_24ARHngi3qdBRno,San Diego,CA
Dynamic Concrete Coatings,http://dynamicconcretecoatings.com/index.html,ChIJCfUJ8gpZ2YARa-vTHkPSk1c,San Diego,CA
Concrete Driveway San Diego,https://www.concretedrivewaysandiego.com/,ChIJXSuyl67-gGkRMmsWjzabbKc,San Diego,CA
Granite Garage Floors Denver,https://granitegaragefloors.com/location/denver-colorado,ChIJq6qqqj55bIcR9wvVjR2DePY,Denver,CO
Epoxy Colorado,https://epoxycolorado.com/?utm_source=gmb&utm_medium=organic-traffic&utm_campaign=loveland-gmb,ChIJ7W7EDhNTaYcRHPHofB18e9Q,Denver,CO
Wise Coatings of North Denver,https://wisecoatings.com/northdenver,ChIJ46EPKkWMnScRWKXrs_00VA4,Denver,CO
Solid Custom Floor Coatings,https://www.solidgaragefloorcoatings.com/,ChIJT3WAUsePbIcR4IQLZ0oaUz8,Denver,CO
5280 Epoxy Solutions,https://www.5280epoxysolutions.com/?utm_source=GMB,ChIJqSO1NQbvukURXor1lCJ8-gk,Denver,CO
Denver Floor Coatings & Out Of Sight Cabinets,https://globalgarageinc.com/,ChIJdx1MEgCGbIcRGS75IpQhAqA,Denver,CO
General Industrial Flooring,https://generalindustrialflooring.com/?utm_campaign=gmb,ChIJJ6DGMwl_bIcRN6sRNW9vxV0,Denver,CO
Apex Custom Coatings LLC,https://www.apexcustomcoatings.com/,ChIJ4enyjhiJbIcRfurFGfxdF6M,Denver,CO
Legacy Epoxy Supply LLC,https://legacyepoxysupply.com/,ChIJ_89YrjN_bIcRM7UfllrJYxw,Denver,CO
Epoxy Shop,https://epoxyevergreen.com/,ChIJKRjg18ifa4cRKxSffpELUCY,Denver,CO
Elite Epoxy of colorado llc,https://www.eliteepoxycolorado.com/,ChIJa8XCtsQmjCMRFW3RsUPCeNU,Denver,CO
"Denver Floor Coatings, Inc.",http://www.denverfloorcoatings.com/,ChIJExamNDaGa4cRj49rKi-6BUI,Denver,CO
Dencopoxy,https://www.dencopoxy.com/,ChIJcTOPsT17bIcRWVTmOpPk51c,Denver,CO
Colorado Concrete Restoration,https://coloradoconcreterestoration.com/?utm_campaign=gmb,ChIJkW9bSDG76SkRdrYn5NaJtMk,Denver,CO
Pazific Epoxy Flooring,,ChIJcRFckBNjbIcRzMmCiL8wyW8,Denver,CO
A&B Strong Epoxy,,ChIJsVGjHSA_M08RdCQusDrgTSg,Denver,CO
Resinwerks,http://www.resinwerks.com/,ChIJWTOwlHN3bIcRoC5ZBwgRB_s,Denver,CO
Lapis Lazuli Art llc,https://lapislazuliartestimates.com/home,ChIJhRcGY753bIcROmBDN06ax6c,Denver,CO
LUX Fine Finishes Epoxy Flooring & Countertops,http://www.luxfinefinishes.com/,ChIJq3pD9SGk6GgRh9RQQRUjtIU,Denver,CO
Showroom Garage Flooring,https://showroomgarageflooring.com/?utm_source=google&utm_medium=organic&utm_id=GBP,ChIJr8l1vDCVbIcRjkrRzAv_45U,Denver,CO
Garage Flooring LLC of Colorado,https://www.garageflooringllc.com/,ChIJN9y-9eoeR4cRadpJIChTPaY,Denver,CO
Garage Floor Coating Western Colorado,https://www.garagefloorcoatinggrandjunction.com/,ChIJnVRVAckdR4cR6FJrs-z5jZA,Denver,CO
Keas Concrete Coatings,https://www.keasconcretecoatings.com/,ChIJaUam2VqFbIcR8M1FKT3IRT4,Denver,CO
Western Concrete Coatings,http://westernconcretecoatings.com/,ChIJCS-EGfl4bIcRjjaNnbzj-3E,Denver,CO
Colorado Concrete Repair,http://coconcreterepair.com/?utm_campaign=gmb,ChIJnRuz77-Aa4cRf7T3mT2PFbs,Denver,CO
Elevated Concrete Coatings,http://www.elevatedconcretecoatings.com/,ChIJ3X-faOZTaYcRJFE3SosBMB8,Denver,CO
Concrete Floor Systems,http://www.concretepolished.com/?utm_source=GMB&utm_medium=Website&utm_campaign=CFS,ChIJM286f-p_bIcRs2xNDgBv940,Denver,CO
Rock solid floor coatings LLC,https://rocksolidfloorcoatings.com/,ChIJV1q-JEWsqG4RFBwIOQ6rEAM,Denver,CO
Paragon Concrete Prep and Polishing,http://paragonconcreteprep.com/,ChIJjedySkS2cqcRzKlm6zALhUA,Denver,CO
Troyer Concrete Coatings,https://www.troyerconcretecoatings.com/,ChIJp6l-YhLBomARrcFbXc26y2Y,Denver,CO
Key Construction LLC,http://key-construction.org/,ChIJGZfHr0uJbIcRGUbkkW1CCRQ,Denver,CO
Colorado Diamond Contracting,https://coloradodiamondcontracting.com/,ChIJR61sBwwaiCkRx5IZcspdpIA,Denver,CO
"Clean Concrete Design, LLC.",http://www.cleanconcretedesign.com/,ChIJU-ecROzxNIgRGm4Z8am0d4c,Denver,CO
Denver Concrete and Residential Transformations,https://denverconcretetransformations.com/,ChIJMXwoxmR3bIcRmJEHS5g_Sag,Denver,CO
"Legacy Concrete, Inc.",http://www.legacyconcreteinc.net/,ChIJ1_x-2IR-a4cRuZFoeMPKIiU,Denver,CO
Word of Mouth Epoxy & Metallic Flooring,https://wordofmouthepoxy.com/,ChIJAxTpRArdJIgRyksaUYw8VIc,Detroit,MI
Envied Garage,http://enviedgarage.com/,ChIJpdu8xvaz1CIRQqWf3fPwi48,Detroit,MI
A to Z Epoxy LLC,https://atozepoxy.com/,ChIJZ0brzkrRJIgR0-yjcScvlZg,Detroit,MI
PERFECT EPOXY FLOORS,http://www.perfectepoxyfloors.com/,ChIJq4fcsAjhJIgRC1bSnYhvm_k,Detroit,MI
Epoxy Bros Coatings LLC,https://epoxybroscoatings.com/,ChIJ7fDczdkfJYgRbxJbV3nbuRI,Detroit,MI
Dege Epoxy Flooring,https://degefloors.com/,ChIJMalHBKbFJIgRd2wy-Z3sgEM,Detroit,MI
Diamond Coatings Epoxy floors,http://michiganepoxy.com/,ChIJKWN8qBHhJIgRug8FiY3sIzM,Detroit,MI
Mi Floor Coatings,https://www.mifloorcoatings.com/,ChIJkRrrQNt2NYsRNaH0qVvOQWA,Detroit,MI
MotorCity Floors and Coatings,https://www.motorcityfloorsandcoatings.com/,ChIJGztnK0G9JIgR4p5ueiNRwHU,Detroit,MI
Renu Poly Epoxy Floors & Refinishing,https://renupoly.com/,ChIJhYJvmFnfJIgRNemID7kIusg,Detroit,MI
"A&A Epoxy, Inc.",https://detroitepoxy.com/,ChIJccviJQ7reQURk7FitztAmEc,Detroit,MI
Epoxy Floors Macomb,http://www.epoxyfloormacomb.com/,ChIJa4tEPdguI6IRD_jb_2TEoDU,Detroit,MI
Michigan Epoxy Floor Systems,https://michiganepoxyflooring.com/,ChIJkYaZN3A3O4gR_t8dqDXwhvk,Detroit,MI
Epoxy Floors and Painting,http://www.epoxyfloorsandpainting.com/,ChIJzRSc40TgJIgR7SKDte7sxnE,Detroit,MI
Global Epoxy Group,https://globalepoxygroup.com/,ChIJxySu5T7XJIgRWmoliv2U7S4,Detroit,MI
A1 Floors & Coatings,https://www.a1floorsandcoatings.com/,ChIJD0mmUgnnga8Rcm0fRCXBGV8,Detroit,MI
Infinite Designs Epoxy Solutions of South Detroit,https://idepoxysouthdetroit.com/,ChIJ-05JDaNXiYgRktDNh9O_VMI,Detroit,MI
Michigan decorative coating LLC,https://mi-epoxy.com/aboutus.html,ChIJl6P1FV01O4gRLeD56Pnwejc,Detroit,MI
EpoxyMaster,https://epoxymaster.com/,ChIJ3xlGrjbrJIgRGqwNkn10UQU,Detroit,MI
Royal Concrete Coatings,https://royalconcretecoating.com/,ChIJay18RF3JJIgRyP0e6Ngsw2w,Detroit,MI
Obsidian Epoxy LLC,https://www.obsidianepoxyllc.com/,ChIJowLdAES9JIgR_qEGSElmYBw,Detroit,MI
"Epoxy Floor Coatings, Inc.",http://epoxyfloorsinc.com/,ChIJh5-ym6fcJIgRYiwv_wbZYWo,Detroit,MI
All Out Coatings Inc.,http://alloutcoatings.com/,ChIJLTJkvyTq30oRh1UHcPO0MjY,Detroit,MI
"Durable Epoxy Floors, LLC",,ChIJW5f80QMVJYgRUhUd98wFlvc,Detroit,MI
Floor It | Custom Concrete Solutions,https://www.flooritconcretesolutions.com/,ChIJoZWiK_eR4W0RxLmto247ZD4,Detroit,MI
NSI Epoxy,http://www.nsipaintingepoxy.com/,ChIJH8W28Re9JIgR_I2IIYP1LHI,Detroit,MI
Ellison Painting Epoxy Flooring - Royal Oak,https://www.ellisonpainting.com/residential-epoxy-floors/,ChIJ-XhQGkDPJIgR7MfOb3u68zY,Detroit,MI
Precision Flooring LLC,https://m.facebook.com/precisionflooring586,ChIJ3whnLyhdeIgRl_ZxbsgZ3zw,Detroit,MI
MH Flooring LLC,,ChIJlbNIb0IzO4gRXVClLQrjSAM,Detroit,MI
TJB INDUSTRIES LLC Concrete polishing and Epoxy floor coatings,http://www.tjbindustries.com/,ChIJUWD02IDsJIgRyq6RTbyJ9OI,Detroit,MI
Coast To Coast Concrete Coatings LLC,https://coastconcretecoatings.com/,ChIJjXBAemmlJIgRDK4npX5LVbs,Detroit,MI
Garage Force of North Metro Detroit,https://northmetrodetroit.garageforce.com/,ChIJbQMwenRibSgRcIoCNPbnof8,Detroit,MI
MPG Painting & Epoxy LLC,https://www.mpgpaintingepoxy.com/,ChIJF95IibjnJIgRw0j6qSn2Aic,Detroit,MI
ProTech Concrete Coatings,https://www.protechconcretecoatings.com/,ChIJ0YAToUjmJIgRWMbVZytQZOc,Detroit,MI
PolyPro Concrete Coatings - Detroit,https://www.polyprofloors.com/,ChIJ03712fRJO4gR2JNsYhVeu1A,Detroit,MI
Step Improvements Concrete Flooring,https://www.step-improvements.com/,ChIJdWyLAeoDmW8RqXorkxoI9PA,Detroit,MI
Cutting Edge Concrete Coatings LLC,https://cuttingedgecoats.com/,ChIJo248n7RcfwQRNuGkZYpWP5o,Detroit,MI
Obrien Concrete Coatings,https://obrienconcretecoatings.com/?utm_source=gmb,ChIJG4J917SjJIgRPKXQLr8bC8I,Detroit,MI
TruTech Concrete Coatings,https://trutechconcretecoatings.com/,ChIJsfLOovVFI4gREmnadRMKBdM,Detroit,MI
KBV Concrete Polishing & Coatings,https://kbvconcretedesign.com/,ChIJCe9oKTDDJIgRfqIqiy-fYFE,Detroit,MI
BCE Concrete Coatings,https://bceconcretecoatings.com/,ChIJR5MxJkZJeW8RFHtcLiMUUvY,Detroit,MI
Premium Concrete Services LLC,https://www.premiumconcreteservices.com/,ChIJxW81MZEzO4gRODV5P3TInko,Detroit,MI
Onyx Floor Coatings,https://www.onyxfloorcoatings.com/,ChIJGdNaO2ezJIgRzrzUxiccVMs,Detroit,MI
Deccon Concrete Restoration,https://decconconcrete.com/,ChIJH2I6xXXhJIgRXa-jvztG4Uo,Detroit,MI
Steel Coated Floors of NW Metro Detroit,https://www.steelcoatedfloors.com/northwest-metro-detroit/,ChIJAYUr0sd3s4YRW1c3cQE20zA,Detroit,MI
Construction Fleet Concrete,http://concreteneeded.com/,ChIJuSvnH9LDJIgR3Pyr_nUtOpM,Detroit,MI
S&B Custom Coatings,https://sbcustomcoatings.com/,ChIJYTVcwlOuxigRGwzdNazu0S4,Detroit,MI
Liberty Works Concrete,https://concretecontractor-mi.com/concrete-contractor-michigan/oakland-county/royal-oak-mi/,ChIJaWB8KL_PJIgRif2S580lQMs,Detroit,MI
"Sistina Premium Epoxy Flooring,LLC",http://sistinafloors.com/,ChIJnQcaO01pkFQR8dOehfP9EDI,Seattle,WA
Integrity Garage Floors,https://integritygaragefloors.com/,ChIJTfBEW5lZkFQRf592TpF1D8M,Seattle,WA
TF PRO BUILD,https://www.tfprobuild.com/?utm_source=gbusiness,ChIJMd4Yy_WGPSIRwhR7Jnm7Lh0,Seattle,WA
Epoxy Fox Flooring,https://www.epoxyfoxflooring.com/,ChIJ-ZoJZ_JtkFQR89PrWwaekIU,Seattle,WA
Garage Floor Shield Northwest,http://www.garagefloorshieldnw.com/,ChIJsT40736pmlQRcTiY6oyRToI,Seattle,WA
Evergreen Epoxy Flooring,https://www.evergreenepoxyflooring.com/?utm_source=GBP,ChIJIzmz3zaPHEoRBsW_kuo64pc,Seattle,WA
Reliable Flooring,https://reliableflooringwa.com/,ChIJeVTQo6FrkFQRUUpJ2UaZ7vI,Seattle,WA
Northwest Concrete Resurfacing,http://www.nwconcreteresurfacing.com/,ChIJdUL57dJBkFQRvMK7LaSeNyg,Seattle,WA
5 Star Floor Coatings,https://5starfloorcoatings.com/,ChIJOde7BzBVhVQRS1p3Kt94pmM,Seattle,WA
Garage Living,https://www.garageliving.com/seattle/?utm_source=google&utm_medium=organic&utm_campaign=gbp,ChIJVbgMx_EPkFQRffJhRfH-36U,Seattle,WA
Northwest Modern Garages,,ChIJ3U0JB1jlkFQRkxhZTvdR6Dg,Seattle,WA
CAP Concrete Coatings,https://capconcretecoatings.com/locations/concrete-floor-coatings-olympia-tacoma/?utm_source=gbp,ChIJEdWjWk4LkVQR0uhtW8J2rQ4,Seattle,WA
Prestige Coatings,https://prestigecoatingsco.com/,ChIJR6D1RYYGtyERuyXT0FUcWfk,Seattle,WA
Seattle Surfaces,http://www.seattlesurfaces.com/,ChIJA927kucSkFQRD-WH-p1mtPI,Seattle,WA
Graypaw Concrete Contractors,https://graypawconcretecontractors.com/,ChIJ82prkcdVhVQRvUWaCL5-XX8,Seattle,WA
NW Coatings & Contracting LLC,https://nwcoatings.com/,ChIJKb5af2StmlQR5SW5zPujNvU,Seattle,WA
Deluxe Concrete LLC,https://www.deluxe-concrete.com/,ChIJmdX6Nr1DkFQR9K86k3m45Xk,Seattle,WA
Maverick Specialty Contracting | Seattle,https://maverickspecialty.com/,ChIJafeSf8wVkFQREGAHQzzssH4,Seattle,WA
"Kodiak Concrete Coatings, Inc.",http://www.kodiakconcretecoatings.com/,ChIJ2QdCSy6jhVQRpvQLHdr9-4E,Seattle,WA
"Concrete Restoration, Inc",http://concreterestorationinc.com/,ChIJb7n5xUtAkFQRmLlRee7Mn70,Seattle,WA
Mad City Coatings,https://madcitycoatings.org/,ChIJK4IfFD2vmA0RM9NyNRz5ThY,Seattle,WA
precision concrete surfaces,http://pcsfloors.com/contact.html,ChIJAQCwIVhzkFQRN565ZtcQF74,Seattle,WA
"Ace Concrete Finishing, Inc.",http://www.aceconcretefinishing.com/,ChIJTwPYnD8RkFQR5t-mzyfg7xI,Seattle,WA
GP Concrete Contractors,https://gpconcretecontractorsseattle.com/,ChIJRfDV2Z1rkFQRkzOxUUqHIBo,Seattle,WA
Coatings Plus,http://www.specialtycoatingsplus.com/,ChIJoalBLc5CkFQRzPkCItV3W_c,Seattle,WA
MelbigAldana Concrete Solutions LLC,https://www.melbigaldanaconcretesolutions.com/,ChIJJzjkXhvBE2IRTq4ErcJljcE,Seattle,WA
VIP Polished Concrete,http://www.vippolishedconcrete.com/,ChIJ_QR4k8tdkFQRJnAjmtfbin0,Seattle,WA
FRS Remodeling Seattle,https://frsremodelingseattle.com/,ChIJcUSsaUtDkFQRV7Chc-yB7l8,Seattle,WA
On-Time Cement Contractors,https://otconcreteco.com/,ChIJeRcV_QtBkFQRxeOXgT1bi9E,Seattle,WA
APEX Specialty Coatings,https://www.apexseattle.com/,ChIJGc5gCq9YkFQRNaMRksaiza8,Seattle,WA
Radical Epoxy,https://www.radicalepoxy.com/,ChIJgSZrqTUkyoQRD8yafAqoSH4,Riverside,CA
Temecula Epoxy Flooring,https://www.temeculaepoxyflooring.com/,ChIJE-i5-wd_24AR1TPjFIUOhdc,Riverside,CA
951 flooring concepts LLC,,ChIJn3EBQFppcEAROFPRjEPfsDU,Riverside,CA
Rockin Epoxy,https://therockinepoxy.com/?utm_source=omg-gbp&utm_medium=webclick,ChIJTSRevY8d24ARFNOHOVp9V5M,Riverside,CA
Factory 1 Epoxy Floor Coatings & Supply,http://www.f1coatings.com/,ChIJy_jQbvHI3IAR83AR1UyfkV4,Riverside,CA
Epoxy Express LLC,https://www.epoxyexpress.biz/,ChIJtfT3oP-REYgRxKHMtV4SCPs,Riverside,CA
Norco Epoxy Concrete Coating,http://norcocoatings.com/,ChIJh5eBmIfJ3IAR4YKzhirHo_w,Riverside,CA
Floor Mastery - Epoxy Coatings & Polish,https://floormastery.com/,ChIJ64qDgGgEY6sR9wDOvzU97k0,Riverside,CA
Get It Done Epoxy LLC,http://getitdoneepoxy.com/,ChIJBUcwFsAzw4AR1tfgZ_jVaKQ,Riverside,CA
Starlux Spaces,http://www.starluxempire.com/,ChIJU99D1ISx3IARI5pplhyO4Wg,Riverside,CA
United Epoxy Floors,http://unitedepoxyfloors.com/,ChIJQ2K9ZdDL3IARNvwqo7qKtjc,Riverside,CA
CCI Corrosion Control Industries,,ChIJezpKsLmt3IAR_aLHnDnquqs,Riverside,CA
ONEFLOORS Concrete Coatings,http://www.onefloors.com/,ChIJJ2cZbF3I3IARA8Jb9bTgv-c,Riverside,CA
Propoxy Solutions,https://www.propoxysolution.com/,ChIJt_3r9srhtmwRjNy-uHMESi0,Riverside,CA
Elite Crete Systems California,http://elitecretesystemscalifornia.com/,ChIJV5ZWrus0w4ARPqQYchRXi4I,Riverside,CA
Empire Coating Solutions,https://www.socalecs.com/,ChIJA0_jkhWl3IARcuH321E_jao,Riverside,CA
Allpoxy Epoxy,,ChIJrUlPvzCx3IARMuZD8SahBXM,Riverside,CA
Happy Epoxy Garage Floors & Commercial,https://maxepoxysolutions.com/,ChIJ7eTLwguy3IARTEFGEERX5qI,Riverside,CA
Proset Epoxy Floors,,ChIJ3VTZhIL82Q4RfMdLtEkzBD8,Riverside,CA
Floorizon,https://callfloorizon.com/,ChIJKarTEuiw3IARvwTwnNpYkSw,Riverside,CA
Epoxy-Southern California Garages (Epoxy Coatings),http://www.southerncaliforniagarages.com/,ChIJ0fJUi2Os3IARegqrERVhdtU,Riverside,CA
Epoxy-Rite,https://epoxy-rite.ca/,ChIJH1JDnF0rO4gRc1siWlPnWOQ,Riverside,CA
"Mike's Custom Flooring, Inc.",http://mikescustomflooringinc.com/,ChIJGywPebKs3IAReIwKgcgXENY,Riverside,CA
Diamond Crete Inc,http://diamondcreteinc.com/,ChIJg8HCL7Ov3IARUYq3OgDsUeQ,Riverside,CA
Garage Innovations,https://www.garageinnovations.net/,ChIJ_WrRqjGx3IAR-sOwBrPL_f8,Riverside,CA
Absolute Best Concrete Coatings,http://www.absolutebestconcretecoatings.com/,ChIJh1FX6jxNw4AR-8daLz6fM1E,Riverside,CA
Clean Krete,https://www.cleankrete.com/,ChIJBSAb1Q6C3IARdgJ2eboRoeo,Riverside,CA
"Concrete Protection Systems West, Inc.",https://www.cps-west.com/,ChIJdYz87F00w4ARUkcabAsyuX8,Riverside,CA
Concrete Reviver,https://concretereviver.com/,ChIJzbgmJlCb3IARrTyiRntZ-AE,Riverside,CA
Cal-Crete Construction Co,,ChIJpx8aUA-x3IARb09CRuvZa8c,Riverside,CA
Classic Coatings Systems INC,https://classiccoatingssystems.com/,ChIJnTu4kVPI3IARbogNih0tFPg,Riverside,CA
Inland Concrete Riverside,,ChIJh_cNyyKv3IARrN_X7Drn6b8,Riverside,CA
Designer Concrete Outlet,,ChIJ7RxI2Giv3IARNQRiSYLXX9E,Riverside,CA
"Competitive Asphalt Coatings, Inc.",,ChIJ42F4ucSq3IAR9NYHIGvEIS8,Riverside,CA
Eagle Concrete,https://eagleconcrete.construction/,ChIJ2ffUObmx3IARGza0Sn0-vQU,Riverside,CA
Desert Concrete Overlays,http://www.desertconcreteoverlays.com/,ChIJMY4m94WAfGcR2t3engE4AcE,Riverside,CA
"R.A. Rich Concrete, Inc.",http://www.rarichconcrete.com/,ChIJxXzi9eOv3IARR9CN9f_3zwk,Riverside,CA
Epoxy Floor Connect,http://epoxyfloorconnect.com/,ChIJDWTdCgUV4wkRA1hxHWAbHt0,Minneapolis,MN
763 Epoxy Floors,https://www.763epoxyfloors.com/,ChIJ_7XkE_dhs1IRjWCblGeTvAo,Minneapolis,MN
Innovative Garage Flooring,https://www.innovativegarageflooring.com/,ChIJZb0I67sls1IRXHgVt0bAGMU,Minneapolis,MN
The Concrete Guy | Commercial Epoxy Flooring & Coating Contractor in Minnesota,https://concreteguymn.com/?utm_campaign=gmb,ChIJKzUf0DYu9ocRID_xIW6At-U,Minneapolis,MN
Concrete Coatings of Minnesota,https://www.concretecoatingsmn.com/,ChIJlz1vH5_R94cRgT2HHUT5m6Q,Minneapolis,MN
Garage Floor Geeks,https://garagefloorgeeks.com/,ChIJhR0FlPc-R2IRju-pNljuq0g,Minneapolis,MN
Home Garage Floor,https://www.homegaragefloor.com/,ChIJ9xyyqY9ns1IRKjbnxXtjqCE,Minneapolis,MN
Alamtal Flooring of MN,https://alamtalflooring.com/?utm_campaign=gmb,ChIJu328ybVJs1IR0xz8RS-osNM,Minneapolis,MN
The Coating Crew,http://www.coatingcrew.com/,ChIJjStiQ4rH94cRlQRouNqrKts,Minneapolis,MN
Expert Floor Coating,https://expertfloorcoatings.com/,ChIJKc9kqXI09ocR-KYwdjt6q_E,Minneapolis,MN
Pro Garage Floors,https://progaragefloors.com/,ChIJKRX6FJrW-A8RAiFrWTYFIxM,Minneapolis,MN
Penntek Industrial Coatings,https://www.penntekcoatings.com/,ChIJ3UHemzxI9ocRKF3xkUljSKA,Minneapolis,MN
Garage Floors and Beyond,,ChIJi1nGyy4g9ocRttWiqiEW7E8,Minneapolis,MN
MN Performance Coatings INC,http://www.mnperformancecoatings.com/,ChIJs0tY2UU3s1IRObY6nsFlpEc,Minneapolis,MN
Joseph and Sons Flooring,https://josephfloor.com/,ChIJz-B6ixTiU20Rnv1VnYxfkXs,Minneapolis,MN
Grizzly Concrete Solutions,https://grizzlyconcretesolutions.com/,ChIJr6aUzPEzs1IR6nvP-RjfHUw,Minneapolis,MN
Durall Industrial Flooring,http://concrete-floor-coatings.com/,ChIJmxF2U-Qk9ocReLdzblRIJ-k,Minneapolis,MN
Garage Floors Unlimited LLC,http://gfunlimited.com/,ChIJ__-vKHcW9ocRwTRNhp9Fhbg,Minneapolis,MN
Midwest Flooring LLC,https://www.midwestflooringmn.com/,ChIJjyQkCrVIi6ARql4COOJs4gU,Minneapolis,MN
Hard Top Wood Flooring & Tile Solutions,https://www.hardtopwood.co/,ChIJUfQwUrkn9ocRtpZ4f9GqnR0,Minneapolis,MN
"Sota Coating, LLC",https://sotacoatingllc.com/,ChIJA6s8LwAzs1IRI5c4jLFijww,Minneapolis,MN
Garage Floor Outfitters of Minnesota,https://garageflooroutfitters.com/,ChIJjd_3-Rw99ocRsJFU7Vzd6oA,Minneapolis,MN
South Metro Garage Coatings,https://www.southmetrogaragecoating.com/,ChIJcb74yAct9ocRiYkFmzso6nQ,Minneapolis,MN
Great Garage Floors,https://greatgaragefloors4u.com/?utm_source=gbp&utm_medium=organic,ChIJq0vQwgdNs1IR9HAIMtui4uU,Minneapolis,MN
Volt Coatings,https://voltcoatings.com/,ChIJp3g3wJTf9YcR0J4ATC0Qc-0,Minneapolis,MN
Garage Solutions Minneapolis,https://www.garagesolutionsminneapolis.com/,ChIJT-MmSEkz9ocRwcerQloG6JE,Minneapolis,MN
"Elite Specialty Coatings, LLC",https://www.elite-specialtycoatings.com/,ChIJNQk1YYjNslIRfUyUkMIIUns,Minneapolis,MN
Garage Force of NYA,https://nya.garageforce.com/,ChIJRYgp0Bvt9YcRuN6EWyNQUeg,Minneapolis,MN
Surface Werks,http://www.surface-werks.com/,ChIJAQAAABwj9ocRWG2gohDiHM4,Minneapolis,MN
Northland Coating Inc,https://northlandcoating.com/,ChIJAyBf5ks89ocRdJ45eL2MuGs,Minneapolis,MN
Superior Garage Floor,https://superiorgaragefloor.com/,ChIJCb5STKnl94cRzQcj867Jt9c,Minneapolis,MN
Cosmic Concrete Coatings,http://www.cosmicconcretecoatings.com/,ChIJa2G6Jpszs1IRHMxpoF0DT0s,Minneapolis,MN
Endless Poxybilities,https://endlesspoxybilities.com/,ChIJkxvMp4pps1IRZ6Bz15lAujo,Minneapolis,MN
"Concrete Coatings, Inc., A Fenix Group SPC Company",http://www.concretecoatingsinc.com/,ChIJrcZWTaADU4cRc4muREdELiI,Minneapolis,MN
"E&M Coatings, LLC",http://www.emcoatingsllc.com/,ChIJi7E3aH4Hs1IRvnX0aACFZqw,Minneapolis,MN
Concrete Treatments Inc,http://www.concretetreatmentsinc.com/,ChIJgQZnM3hns1IRW09umq0lvfM,Minneapolis,MN
St. Paul Concrete Coatings,https://stpaulconcretecoatings.com/,ChIJazuztuTRslIRqKxxtD5Fwag,Minneapolis,MN
CCS Concrete Coating Solutions,http://ccscoatings.com/,ChIJ993St8kbs1IRCgieDexOsVY,Minneapolis,MN
Concrete Science LLC,https://www.concrete-science.com/,ChIJTUQkF2NPs1IRrsz7JWSE4bc,Minneapolis,MN
Custom Concrete Coatings,http://www.customconcretecoatings-mn.com/,ChIJuS08_28RryoR0gbn_IWfthI,Minneapolis,MN
Xtreme Coatings,https://xtremecoatingsmn.com/,ChIJmdQ_InwlwWURDH2Mgaanlhg,Minneapolis,MN
Slab Lab Coatings (formerly Enduracrete Coatings),http://slablabcoatings.com/,ChIJf8DPT0tbWIoRzRZM57Y0iS0,Minneapolis,MN
Concrete Coating Systems,https://ccs-mn.com/,ChIJWTHJbXtG9ocR5hgi1hiMGHQ,Minneapolis,MN
Legacy Concrete Coatings,https://www.legacyconcretecoating.com/,ChIJRW6YGCJf94cR7zOI2x5Ser4,Minneapolis,MN
Guardian Concrete Polishing and Coatings,https://guardianmn.jobbersites.com/,ChIJS0yiL3IZs1IRBYg5HxZzv5Q,Minneapolis,MN
Master Concrete Company,https://www.masterconcretemn.com/,ChIJNRNWf1oYs1IRtM7SgBimJh0,Minneapolis,MN
GF- One Coatings,http://www.gfonecoatings.com/,ChIJy4XQHZjSslIR93sFygoJw6I,Minneapolis,MN
Sonshine Coatings,http://www.sonshinecoatings.com/,ChIJvel3AfCLslIRzRgtOhbhFdc,Minneapolis,MN
Permanent Coating Solutions,https://www.permanentcoatingsolutions.com/,ChIJESBnvWP39YcRklFF3jgWmh4,Minneapolis,MN
Concrete Dynamics LLC,http://www.concretedynamicsmn.com/,ChIJkVCxKrlps1IRJ5Q6W-s9Qbk,Minneapolis,MN
Calco Concrete Coatings,http://calcoconcretecoatings.com/,ChIJpTD62pmuuEYRjxPGvcAo_PQ,Minneapolis,MN
Premier Epoxy and Concrete,http://www.premierepoxyandconcrete.com/,ChIJUW3nbELztFIRVlcKZiWUblE,Minneapolis,MN
Decorative Concrete Coatings LLC,http://decorativeconcretecoatings.co/,ChIJB_dCzZq8yGwRozqkLjYC9gg,Minneapolis,MN
Bulldog Coatings,http://bulldogcoatingsmn.com/?utm_source=google&utm_medium=local&utm_campaign=1&utm_content=primary,ChIJPWUxqer39ocR6PE9rRZzDV0,Minneapolis,MN
High Performance Coatings Inc MN,http://highperformancecoatingsmn.com/,ChIJOwRXUndfs1IRgfE3aztr3LQ,Minneapolis,MN
Minnesota Concrete Floor Coatings,http://mnconcretefloorcoatings.com/,ChIJse5oSEik9YcRTFIlz7fBkJ8,Minneapolis,MN
Md Concrete + Epoxy,https://mdconcrete.net/,ChIJ9bgIKCRI9ocRx5fMUFYvX64,Minneapolis,MN
K&M Coatings,,ChIJhzqNNNrWyVIRO7m8sorp_Io,Minneapolis,MN
ACT Restoration Inc.,https://www.actrestoration.com/,ChIJvzhACMU5s1IR2t1rRx-EEFI,Minneapolis,MN
Advantage Coating,https://www.advantagecoating.com/,ChIJXXvGaE0F9ocRumfzEKw6h5c,Minneapolis,MN
Duluth Coating Solutions,http://www.duluthcoating.com/,ChIJX3ixeXTKr1IRAd7ec9dxZFI,Minneapolis,MN
Med City Epoxy Coatings,http://medcity-epoxy.com/,ChIJJ7suDM9f94cReOwaW7G3NVY,Minneapolis,MN
"Central Lakes Coatings, LLC",http://www.centrallakescoatings.com/,ChIJ07oztGbNtVIRGv1XcKljt1M,Minneapolis,MN
Dani Mar Concrete & Epoxy,http://www.danimarconcrete.com/,ChIJFepmJfnLslIRRaSY9EHzJJ4,Minneapolis,MN
Philadelphia Epoxy Flooring,https://epoxyflooringphiladelphia.com/?utm_campaign=gmb,ChIJv0Vs--DFxokRgSWVZBsFfOM,Philadelphia,PA
EPOXY DEPOT Philadelphia,http://epoxydepotusa.com/,ChIJIV9BdozrxokR3Zmn8Mb9sWY,Philadelphia,PA
Prime Epoxy Flooring,https://primeepoxyflooring.com/,ChIJg1l-RlIDx4kRJsuNKt3s538,Philadelphia,PA
Epoxy Flooring Professional,,ChIJYwXaPYuqfWUR3vegA5vaso4,Philadelphia,PA
Bluehawk Industrial Coatings Epoxy Floors,https://bluehawkindustrialcoatings.com/,ChIJxZHRJdvDxokRrsowaPjZWcE,Philadelphia,PA
Swayd Epoxy Floors,https://swaydepoxy.com/?utm_source=google-my-business&utm_medium=organic&utm_campaign=phl,ChIJSWZGnarJxokRbxHU1eklip8,Philadelphia,PA
Epoxy Floor Experts,https://epoxyfloorexperts.com/,ChIJk_RZw4HlxYkR6V6BFdXxmrM,Philadelphia,PA
"DCE Flooring, LLC",https://www.dceflooring.com/,ChIJrYDaR1JQwYkR11nJCX3Mw1E,Philadelphia,PA
Fortress Floors of Pennsylvania,https://fortressfloorcoatingspa.com/,ChIJbcCUzp-9xokRxf0M38I562c,Philadelphia,PA
Epoxy Empire LLC,https://epoxyempirellc.com/,ChIJyS8RzyUlxokRa37cQmvtMcU,Philadelphia,PA
Bull Custom Coatings,https://bullcustomcoatings.com/,ChIJHwYQmnFNwYkRkkGdxUfV9TA,Philadelphia,PA
Guardian Epoxy Flooring,,ChIJ0Vg9pWrHxokRGzYdZomMWeI,Philadelphia,PA
East Coast Floor Coatings - Epoxy Flooring,https://eastcoastfloorcoatings.com/,ChIJdbd-OEYswYkR2v6iaEn510E,Philadelphia,PA
A & B Epoxy LLC,http://aandbepoxy.com/,ChIJVVVBXcjlxokRJ6jeMYtmf2M,Philadelphia,PA
Absolute Epoxy,https://www.absoluteepoxy.com/,ChIJk2cvnUoZxokR_afThUTvoDA,Philadelphia,PA
J Squared Specialty Floor Systems,https://www.eliteepoxies.com/,ChIJ4cbEVshQtEQR7HTSJYNDg2g,Philadelphia,PA
Philadelphia Garage,http://www.philadelphiagarage.com/,ChIJMV4ZrGbxxokR0lkadasC0A0,Philadelphia,PA
Concept In Concrete Inc,https://www.philadelphiaconcretefloor.com/,ChIJr8TUUhROwYkR7UnIgOMYT-E,Philadelphia,PA
Foxy Coatings,https://foxycoatings.com/,ChIJ70ugs0x_-mgRwZDllGHUbKo,Philadelphia,PA
Roche Epoxy Floors,http://www.rocheepoxyfloors.com/,ChIJWboc3J4txIkRZFPB7qvNJRo,Philadelphia,PA
Garage Floor Coating of New Jersey,http://www.garagefloorcoatingofnj.com/,ChIJgwKvWb7PxokRfGp75uNqJbY,Philadelphia,PA
Garage Floor Coating of The Main Line,https://mainlinegaragefloorcoating.com/,ChIJVVUFKYu_xokRvtdm4JFcTmA,Philadelphia,PA
Cheltenham Coating Company,http://cccsealcoating.com/,ChIJs5JMnu6wxokR64klTqYrK7o,Philadelphia,PA
Grasso Services,https://grassoservices.net/,ChIJBSFENC-pxokRWz07VpHFaIY,Philadelphia,PA
East PA Garage Floor Coating,https://www.garagefloorcoatingpa.com/,ChIJNfdDYxogxYkRLKlikaGRZOI,Philadelphia,PA
Epoxy Solutions And More,https://epoxysolutionsandmore.com/?utm_campaign=gmb,ChIJ50jtZRvDxokRMlH8d0wPHiM,Philadelphia,PA
Duramax Concrete Coatings LLC,https://duramaxcoatings.com/,ChIJNbsqIQZpxokRrFvNCchXq78,Philadelphia,PA
Floorguard,http://www.floorguardeast.com/,ChIJR1QwVztVxokRg-vUIr6WdS8,Philadelphia,PA
Atlas Concrete Coatings,https://atlasonedayfloors.com/,ChIJby5DmrahxokRQB91sNNy7N4,Philadelphia,PA
Transylvania Concrete Coatings,https://onedayfloors.com/?utm_source=GMB,ChIJOWRB5oLRxokRZxddYFPgGYc,Philadelphia,PA
"Top Coat Concrete, LLC",https://topcoatpa.com/,ChIJK77IF0Fky4kRBpbTB7XVPvc,Philadelphia,PA
M & J Concrete Coatings LLC,http://www.mandjconcretecoatings.com/,ChIJu3IvIarpyIkRZ2ODs3ZsTIs,Philadelphia,PA
Precision Concrete Coatings,https://www.precisionconcretecoatings.com/?utm_source=organic&utm_medium=gbp&utm_id=google,ChIJA0OqJscjxIkRjPZZDLh9UpQ,Philadelphia,PA
Prestige Concrete Contractors,https://prestigeconcreteservices.com/,ChIJr5XS7ZC3xokRGzOijqM8x_s,Philadelphia,PA
Enhanced Concrete Surfaces,http://www.enhancedconcretesurfaces.com/,ChIJQykB0RTBxokRd0ofIx-DolY,Philadelphia,PA
MARK Concrete Contractors,https://www.markcement.com/,ChIJRY6ypgrGxokRh4MTbkuTV0c,Philadelphia,PA
MR Concrete Contractor Solutions,,ChIJDWWZLQ5ZrIkR0mNt5tyVyiE,Philadelphia,PA
Dependable Concrete Contractor,http://www.dependableconcrete.com/,ChIJu2JZNpu5xokR7eBL0PQhv_k,Philadelphia,PA
The Concrete Protector of Philadelphia,http://www.theconcreteprotectorofphiladelphia.com/,ChIJf3u9hgfBxokRvogg-4ijtp4,Philadelphia,PA
Stamped Concrete Contractors Philadelphia,,ChIJr7VvSSm1xokRbAaX2BEePkg,Philadelphia,PA
J&J Cement Contractors,https://jjcementllc.com/,ChIJvfu5xXTFxokRwj2ezugyQpo,Philadelphia,PA
CP Concrete & Sons LLC,https://www.cpconcreteandsonsllc-pa.com/,ChIJyfUbL-LHxokRY5qmuETbfZk,Philadelphia,PA
Allen Lee Concrete Polishing,http://www.allenleeconcrete.com/,ChIJeXzkW4yjxokRSk9SuSYu8Cw,Philadelphia,PA
Empire Concrete Solution LLC,,ChIJKRQrAWQhVIgRqT2_41LfkJk,Philadelphia,PA
Marcello Family Cement Work,http://allcementwork.com/?utm_source=gbp,ChIJ5wmNeKe2xokR5YfAw9y_txo,Philadelphia,PA
Top Coat Epoxy,http://topcoatepoxy.com/,ChIJY79GQHuLXIYRDEB8nDNIxJg,San Antonio,TX
ResinTex Epoxy,https://resin-tex.com/,ChIJ7VRKO3BjXIYRxN6kglCjNII,San Antonio,TX
LEX Floors - Epoxy Resin Metallic and Flakes,https://www.lexfloors.com/,ChIJfwi0JkmCpo8Rw_pJuUmiNtM,San Antonio,TX
New Era Epoxy Flooring San Antonio,https://neweraepoxysanantonio.com/,ChIJka70Z0FhXIYRf7KkjlJoa2s,San Antonio,TX
Epoxy Co.,https://www.epoxyco.us/,ChIJxXKdmsNnXIYRdMy3A-nTo6A,San Antonio,TX
Blupoxy Coatings LLC,https://blupoxy.com/,ChIJq1K0rNLzrSARKEps2Q29NaY,San Antonio,TX
Surface Solutions Llc,http://surfacesolutionssa.com/,ChIJgVR7a1lfXIYRBOLkKPJh5a8,San Antonio,TX
A&K Epoxy,https://akepoxy.com/,ChIJmdQ-bPqJW4YRDSUYnNSbaSA,San Antonio,TX
Teo’s Floors - Epoxy Resin Metallic,,ChIJD0VHvaxdUasRoTe6rdL9u3I,San Antonio,TX
Diamond Topcoat Polished Concrete & Epoxy,http://www.diamondtopcoat.com/,ChIJYaV5kgyyF48R5TSsdZ6LSWA,San Antonio,TX
New Wave Coatings,http://newwavecoatings.com/,ChIJZ6_C-SeHXIYRbM4I-wpZEgU,San Antonio,TX
"Kingdom Concrete Coatings, LLC",https://sa-kcc.com/,ChIJcXGA_wpfXIYRXGtg2cuIhvU,San Antonio,TX
"Lone Star Decorative Concrete Supply - San Antonio, Texas",http://www.lonestardecorative.com/,ChIJj4Sw1Tv1XIYRj5NSrlXgfsI,San Antonio,TX
Texas Resin,http://www.texasresin.com/,ChIJSZfeXUGIsSoRT8Y3bOnCEgI,San Antonio,TX
CTF Luxury Coatings,https://ctfluxurycoatings.com/,ChIJha_0NABfXIYR5luw_wJ5Lzs,San Antonio,TX
Global Garage Flooring & Design of Central Texas,https://centraltexas.globalgarageflooring.com/,ChIJj6MQFRGdXIYRsqX8dwDyL2w,San Antonio,TX
Garage Force San Antonio,https://sanantonio.garageforce.com/,ChIJaRtgS4FjXIYRC81egGYnTwQ,San Antonio,TX
Deluxe Garages,https://deluxegarages.com/,ChIJj7qEtRalXIYR0EJNzQzyYeA,San Antonio,TX
Stain Tech,https://staintech.com/?utm_source=google&utm_medium=gbp&utm_campaign=gbp_listing&utm_content=website_button,ChIJRa2KCGmJXIYR-zIQHvlCvJo,San Antonio,TX
CSM Concrete Coatings,http://csmconcrete.com/,ChIJXYeRCPWMXIYRez5iHp9U8nY,San Antonio,TX
Sundek of San Antonio,https://www.sundeksanantonio.com/,ChIJHZo3tYeJXIYR1IpzDTf67vk,San Antonio,TX
Alamo City Coatings LLC,http://www.alamocitycoatings.com/,ChIJuwM_JxuOXIYRJsQzwSJ_uqQ,San Antonio,TX
Custom Concrete Solutions,https://www.customconcretesolutionssa.com/,ChIJc1izwkCSXIYRe8SWfEj-ti4,San Antonio,TX
USA Concrete Coatings,http://www.usaconcretecoatings.com/,ChIJvxypcSxfaIYRHBAkvSHtcpk,San Antonio,TX
Precision Specialty Concrete Contractors,http://precisiondecorativeconcretesa.com/,ChIJwzIgE71hXIYR8Ll3E1Hc7xY,San Antonio,TX
San Antonio Concrete,https://www.sanantonioconcretecontractors.com/,ChIJwYOuCXxpXIYRv3xxfOZ-kuM,San Antonio,TX
Lucky's Concrete San Antonio,http://luckysconcretesanantonio.com/#contact?utm_source=google&utm_medium=local&utm_campaign=maingbp,ChIJJbxpB51fXIYR_8npLBPQYqw,San Antonio,TX
Stain Concepts,https://www.stainconcepts.com/,ChIJb1db5U9fXIYRXi0Z8y60r9E,San Antonio,TX
Moniz Concrete Coatings,,ChIJV0XDJWGNXIYR6qvPjAVsVGU,San Antonio,TX
Iron Rock Concrete,https://ironrockconcrete.com/,ChIJdSlIMOiIXIYR_7dU8c-qVQ8,San Antonio,TX
ED Concrete Contractors of San Antonio,http://edconcretecontractors.com/,ChIJWRv0eoiJXIYRTlTQfqUmdmQ,San Antonio,TX
ConDecor Superstore San Antonio,https://condecorsa.com/,ChIJN4WJfCVgXIYRRq7t-C1tysw,San Antonio,TX
Modern Day Concrete,https://moderndayconcrete.com/,ChIJCQD4Q0GLXIYR7NzkqT7DV7s,San Antonio,TX
Martinez Flooring Company,http://fredmartine5.wix.com/martinezflooring,ChIJgx6IENFYXIYRBBxJDpxuO7E,San Antonio,TX
Affordable Concrete San Antonio,https://affordableconcretesanantonio.com/,ChIJ0WSCm1xZXIYR6jscaB7vuLQ,San Antonio,TX
Specialty Coating Products,http://www.scpsolution.com/,ChIJeTTJFHCLXIYR1lsB6OhFeA0,San Antonio,TX
"Epoxy Floors By Welch, LLC",https://epoxyflooringkc.com/,ChIJQQoqIqCdwIcR4_m-22vH8Hs,Kansas City,MO
Epoxy Flooring Kansas City,https://www.epoxykansascity.com/,ChIJrTReBfXzwIcREZQe01DpAH0,Kansas City,MO
Elite Epoxy Floors,https://www.eliteepoxyfloorsofkc.com/,ChIJJbVjZgEfwYcRwqhnUq4Jzl8,Kansas City,MO
Amazing Garage Floors Kansas City,https://amazinggaragefloors.net/,ChIJ-_dDjoC-wIcRxyIcIKFerZo,Kansas City,MO
Unique Epoxy Designs,https://www.unique-epoxy.com/,ChIJQVHJQ2FfwIcRp21mGRwrFUg,Kansas City,MO
APEX Concrete Coatings,https://www.apexcckc.com/,ChIJ_5UCNnrvwIcRuZDYtnHBAlU,Kansas City,MO
Gateway Custom Coatings,https://gatewayepoxy.com/,ChIJ-eMvjWymPAcRklK9orhsh2Y,Kansas City,MO
Epoxy Coating Specialists,http://epoxyspecialists.com/,ChIJQ9nTOhvuwIcRDJU95eiULIk,Kansas City,MO
Treadwell Epoxy Flooring + Polished Concrete Kansas City,https://wetreadwell.com/,ChIJFXqCZ07rwIcRN5SI6EJeh2U,Kansas City,MO
Good Boy Coatings,https://www.goodboycoatings.com/,ChIJZQfv-ok9lWIRip-PW6dKcP4,Kansas City,MO
Select Coatings,https://select-kc.com/,ChIJw1zlIeiVwIcRiUzmQsXwNOs,Kansas City,MO
Conkrete Ink,https://conkreteink.com/,ChIJpwDvhXsfwYcRA4nlXn1s6vg,Kansas City,MO
Onyx Luxury Epoxy,https://www.onyxluxuryepoxy.com/,ChIJt2gA8KnrwIcR4cuISAEthrE,Kansas City,MO
KC Epoxy Supply,,ChIJBTgZlkwZwIcRC9ow3BVHcx0,Kansas City,MO
Concrete Floor Supply,https://concretefloorsupply.com/,ChIJE7PM20LdwIcRVRMmKI_OsGw,Kansas City,MO
Project One Coatings,http://projectonecoatings.com/,ChIJUxC_-p-sSg0RKahMWjCotcE,Kansas City,MO
Banner Garage,https://www.bannergaragekc.com/?utm_campaign=gmb,ChIJwR3V3qaXwIcRVW31jJoMesE,Kansas City,MO
Stampcrete of Kansas City,https://stampcreteofkc.com/,ChIJVfcoOMPBwIcRKU7AhFxqGWo,Kansas City,MO
Speedy Concrete Coatings,https://www.speedyconcretecoatingskc.com/,ChIJEaGKv4O_wIcRwKCa-BLVvm4,Kansas City,MO
"Artistic Flooring Solutions, LLC",http://artisticflooringsolutions.com/,ChIJGZuEMoLbwIcRd5-tlw5iPds,Kansas City,MO
Anthem Concrete Coatings,https://www.anthemconcretecoatings.com/,ChIJkbHOnRZcsk4ROSHDmpnxz0w,Kansas City,MO
Superior Floor Care,http://superiorfloorcare.org/,ChIJ0y6r9Ab1wIcRmUm4NLoymMU,Kansas City,MO
Superior Surface Solutions,http://www.superiorsurfacesolutions.com/,ChIJb6MvnvfwwIcRMOqarGWN3yk,Kansas City,MO
Superior Epoxy Supply - Kansas City,https://superiorepoxysupply.com/,ChIJmwCfr2mVwIcRvugl_PeyWIM,Kansas City,MO
Garage Force of Kansas City & Lawrence,https://kansascity.garageforce.com/,ChIJLZXx9Qdvv4cRcutQyMmAi5s,Kansas City,MO
"Big Red Decorative Concrete, LLC",https://www.bigreddecorativeconcrete.com/,ChIJdXCYe8ZZwIcRKP5nBuHE47s,Kansas City,MO
Performance Concrete Coatings Llc,,ChIJZbIcOye7wIcRkRFPwJFNOFY,Kansas City,MO
PolyMagic,https://www.polymagic.com/,ChIJPSpbce3dwIcRO7-lfkP3Urw,Kansas City,MO
Garage Flex,http://www.garage-flex.com/,ChIJd9ISgMbnwIcRvLas9FQtG80,Kansas City,MO
Pro Concrete Design,https://proconcretedesign.com/,ChIJY9qunJvjwIcRl1DjfmwUvnE,Kansas City,MO
Mix-Rite Concrete Coatings,http://www.mixriteconcretecoatings.com/,ChIJF6mSiQEhwYcRg2G-YKlQKvc,Kansas City,MO
NWMO Concrete Coatings,https://www.nwmoconcretecoatings.com/,ChIJfYi88llF8YsRtrUtSxcNpCU,Kansas City,MO
Legacy Concrete Contractors Kansas City,https://legacyconcreteco.com/,ChIJ0-ijiEP7wIcRYQ4ZsDfGsd4,Kansas City,MO
Midwest Concrete Coatings,http://www.mwconcretecoatings.com/,ChIJndvzJ6lvlIcRJxcwzj1RzyI,Kansas City,MO
Shinecrete,http://www.shinecrete.com/,ChIJt6cI3UO_wIcRWxlsw_A2W3o,Kansas City,MO
EverLevel Concrete Repair,https://www.everlevelconcrete.com/,ChIJ__9vevnvk4cRuldskMp1mPw,Kansas City,MO
Aesthetic Concrete Designs,https://www.decorativeconcretekc.com/,ChIJJ0QwXPW9wIcREjjm01Oe37s,Kansas City,MO
"Enriquez Concrete Construction, LLC",https://enriquezconcrete-construction.com/,ChIJ8UfTU2n0dQ8RhAD-wkUlYEM,Kansas City,MO
Kansas City Concrete & Asphalt Services Inc,https://www.kccas.com/,ChIJ3xt7ng4iwYcR-Uihda37jIU,Kansas City,MO
Sacramento Epoxy Floors Co,https://sacramentoepoxyfloorsco.com/,ChIJjUk5q83ZmoARFJjs08JHG50,Sacramento,CA
Timeless Epoxy Systems,https://timelessepoxy.com/,ChIJ10tXTzRcAGMRPTK-d1Q_4I0,Sacramento,CA
Platinum Epoxy Designs LLC,https://www.platinumepoxydesignsca.net/,ChIJtXRlqD4Zm4AR9fIbnjwd9GM,Sacramento,CA
IZ Creative Concrete,https://izcreativeconcrete.com/residential/,ChIJGbYgh7fXmoARshmKC7tMJ84,Sacramento,CA
Epoxy Floor Pros,https://www.epoxyfloorpros.com/?utm_source=google&utm_medium=organic&utm_campaign=google_my_business,ChIJy3gVYvrBmoARmy5p4jnjQHU,Sacramento,CA
We Sell Epoxy,https://www.wesellepoxycoatings.com/,ChIJSUW7YFZnAIoRoqm7kyRepQM,Sacramento,CA
Garage Force of Sacramento,https://sacramento.garageforce.com/,ChIJSRGmUInnmoARHDcd-YZw4Ng,Sacramento,CA
Sacramento Wallpaper Installation,https://bestwallpaperinstaller.com/locations/wallpaper-installer-sacramento/,ChIJ-z7vsu8DNC8RzbQl8AR2xGM,Sacramento,CA
KRAVCHUK FLOORING,,ChIJ-w6oI8zamoAR-qJr1SNVvfY,Sacramento,CA
"Pacific Decorative Concrete, Inc",http://www.pacificdecorative.com/?y_source=1_MTAzMzY5NzgwNi03MTUtbG9jYXRpb24ud2Vic2l0ZQ%3D%3D,ChIJVVXFZFvfmoAR6h8f0bZm7u0,Sacramento,CA
CAPS Custom Floors and Refinishing,,ChIJ20G8b3nZmoARc28u7XQD-dY,Sacramento,CA
What It Takes Coating Supplies,http://www.whatittakessacramento.com/,ChIJD0DYaH3XmoAR7UYRhgcGY4M,Sacramento,CA
Concrete Resurfacing Systems,http://www.conresys.com/,ChIJl5ll2eHZmoARvFD4yGFF7v8,Sacramento,CA
VELASCO'S PAINTING,http://velascos-paintingca.com/,ChIJZWhJLdvZmoARZ9jejFQ7VsM,Sacramento,CA
Renova Concrete Designs,http://www.renovaconcrete.com/,ChIJ2VZZidbbmoARVcWrQPW3SsU,Sacramento,CA
Fresno Epoxy Crew Floor Refinishing & Concrete Coating,https://fresnoepoxycrew.com/?utm_campaign=gmb,ChIJ7f62U7pClIARidJERkjAqU8,Sacramento,CA
COATING PRO INC.,https://www.coatingproinc.com/,ChIJo52qN_cZm4ARxhiVrXECwiA,Sacramento,CA
Top One Coatings,https://toponecoatings.com/,ChIJ9cW0yTgHhYARLVRLyMN5pYg,Sacramento,CA
Sierra Concrete Resurfacing,http://www.sierraconcreteresurfacing.com,ChIJ3yMHfEgZm4ARRCaHD-YjIGY,Sacramento,CA
Sacramento Concrete Contractors,https://sacramentoconcretecontractors.com/?utm_source=google&utm_medium=gmb&utm_campaign=organic+gmb+click&utm_id=ads,ChIJHSKMt2nRmoARtVi3n-8W8FU,Sacramento,CA
Innovative Concrete Solutions,https://www.sacramentoconcretesolutions.com/,ChIJP3bCG6vlmoARvwIkpOiZay0,Sacramento,CA
CA Pro Concrete,https://www.caproconcrete.com/,ChIJfUjavsvamoARqZP4X08swEs,Sacramento,CA
Concrete Contractors Sacramento,http://concretecontractorsacramento.com/,ChIJDVXu_57ZmoARjWcgSlxiwuQ,Sacramento,CA
Richardson's Concrete Effects,http://www.concretefix.net/,ChIJQbyDPJ3emoARRaquD1J1pZY,Sacramento,CA
ab concrete coatings,http://www.abconcretecoatings.com/,ChIJc2gvqUYRm4AR8oYUE66M6Is,Sacramento,CA
Otto Concrete,http://www.ottoconcrete.com/,ChIJhUv245DgmoARezYOqHjOkEI,Sacramento,CA
JR CONCRETE SERVICES INC.,,ChIJV_vkWATRmoARa5ZNiKIdKFQ,Sacramento,CA
Spray Tech Systems Inc.,http://www.stscorp.biz/,ChIJ6bAnQvnnmoAR6mSgRoux54o,Sacramento,CA
DNA Restoring Concrete Inc,http://www.dnarestoringconcrete.com/,ChIJkWAb_OINkIAR96GqcJB5BQk,Sacramento,CA
Groundworks,https://www.groundworks.com/locations/groundworks-sacramento-ca/?utm_source=google&utm_medium=organic&utm_campaign=gmb_gw-smf,ChIJHXJDhqvZmoARxICg4hJUeaM,Sacramento,CA
Revision Custom Concrete Coatings,http://www.revisioncustomconcretecoatings.com/,ChIJ7VBkw6txm4ARBSMvws87uwo,Sacramento,CA
Vergara Construction,http://concrete4less.com/,ChIJtxvoz03QmoARdABSsLyhjdg,Sacramento,CA
Concrete Coatings Connect,https://www.concretecoatingsconnect.com/,ChIJHzgeLpHbmoARm2YRarFqGoI,Sacramento,CA
Ausdecking,https://ausdecking.com/,ChIJR6p1TJfTmoARWLLDhUyDJ6A,Sacramento,CA
Sanders Concrete Construction,http://sandersconcreteconstruction.com/,ChIJewUj3TEf2YgRCUpWunkR7ls,Sacramento,CA
Dynasty Epoxy Indianapolis,http://www.dynastyepoxy.com/,ChIJdzWoEPHAGwURg1HAtRqgspQ,Indianapolis,IN
Gonzalez Epoxy Flooring LLC,https://www.gonzalez-epoxy-flooring-llc.com/,ChIJQ20PSwpRa4gRoSbbX-RNA90,Indianapolis,IN
ARQ Floor Coatings,https://www.indianapolis.arqcoatings.com/,ChIJucUL5rivFIgRfG11rK1xsos,Indianapolis,IN
Epoxy Flooring Specialists,http://www.epoxyindy.com/,ChIJ2XAk9bO2FIgRptm_tcvWE-Q,Indianapolis,IN
Indy Floor Coating,https://www.indyfloorcoating.com/,ChIJo6L2BXxNa4gRcJVoGX83SYk,Indianapolis,IN
Level 10 Coatings,https://level10coatings.com/,ChIJQxH7tlyrbIgRTjDloPS6T-8,Indianapolis,IN
Midwest Floor Restore,http://www.midwestfloorrestore.com/,ChIJBe4Wu3Raa4gRXhh6N_nP4wM,Indianapolis,IN
Diamond Shine Epoxy Flooring & Concrete Resurfacing,http://www.diamondshineepoxyflooring.com/,ChIJpdeIKyW3FIgRsHgAXf801oU,Indianapolis,IN
American Concrete Renovations,https://www.americanconcreterenovations.com/,ChIJYeQkNuhVE4gR7NL1TXw2D1g,Indianapolis,IN
Hoosier Industrial Coatings,http://hoosieric.com/,ChIJPwaKPTlva4gReYhcbJZMP68,Indianapolis,IN
"Surface Solutions, Inc.",http://www.surfacesolutionsusa.com/,ChIJcQfQroaqbIgRL08EKS8h14U,Indianapolis,IN
High-Tech Flooring,http://www.high-techflooring.com/,ChIJf5mRIUpgQAgRvR1lyXgq6is,Indianapolis,IN
Guy Concrete and Garage Coatings,https://guycoatings.com/?utm_source=google&utm_medium=organic&utm_campaign=gbp_profile,ChIJxf_piJ9La4gRKGWM0uC-vSk,Indianapolis,IN
Iron Eagle Coatings,https://ironeaglecoatings.com/,ChIJReqdZ3IVmw4RqIFRvsJ66Gc,Indianapolis,IN
Fishers Garage Floors,http://www.fishersgaragefloors.com/,ChIJFWDDCvK1FIgRZELi8hlxauY,Indianapolis,IN
Indy epoxy flooring,https://www.indyepoxyflooring.com/,ChIJ4YrNUrKzFIgRSpdJK_xEooM,Indianapolis,IN
Pafix Concrete & Epoxy Flooring,https://pafixconcreteepoxyflooring.com/,ChIJW1kKWeWtFIgRu1nxEZT8C8Y,Indianapolis,IN
Creative Flooring Inc,https://creativeflooring.com/,ChIJaYOBpQxNa4gRtQTE-HMfEjk,Indianapolis,IN
MDJ Epoxy Flooring and concrete re-hab.,,ChIJ__8zoTxea4gR8CadSTxvFrY,Indianapolis,IN
Innovative Garages,https://www.innovativegarages.com/?utm_campaign=gmb,ChIJN-mbUmJTa4gRZD-Ur21CvRw,Indianapolis,IN
Desco Floor Systems,http://www.descofloors.com/,ChIJgUBdXpXNFIgR7OcMJymd6fU,Indianapolis,IN
Core Source Supply,https://local.floorguardproducts.com/indianapolis/,ChIJlYXUqbZRa4gRdHrCJ2wDqSo,Indianapolis,IN
Fórte Surfaces,https://fortesurfaces.com/?utm_source=google&utm_medium=organic&utm_campaign=gbp,ChIJVcbQZuBEa4gRxp125chqrtg,Indianapolis,IN
DMG Surfaces & Drywall My Garage,http://dmgsurfaces.com/,ChIJHV3ZlwSxFIgRNsptEw3rq9o,Indianapolis,IN
Southern Indiana Epoxy Flooring LLC,https://southernindianaepoxy.com/,ChIJo3tTB4woaGoRatpdtsaOXtw,Indianapolis,IN
Innovative Garages and More,https://innovativegaragesandmore.com/,ChIJNfTdYIevbIgRvPXIjhTeO3w,Indianapolis,IN
Garage Floor Coating Pros,https://www.epoxyflooringfortwayne.com/garage-floor-coating-fort-wayne/,ChIJ4_o4XRnlFYgRz6mpOL3Lz9Y,Indianapolis,IN
Concrete By Design,https://www.concrete-by-design.com/,ChIJ9-Uf9_u1FIgR_Yt3OJ6imjg,Indianapolis,IN
Sullivan's Concrete Coating,https://www.sullivansconcretecoating.com/,ChIJVfxplGT7a4gR-zg9vdpLvlg,Indianapolis,IN
AdPro Concrete Coatings,https://adproconcretecoatings.com/,ChIJRUG2-18lFYgRcbxKH33BWJo,Indianapolis,IN
Concrete Indy,http://concreteindy.com/,ChIJna4lkllBa4gRGGd20M56OkY,Indianapolis,IN
Indy Decorative Concrete,https://www.indydecorativeconcrete.com/,ChIJ7eKSEeZEa4gRBIrV_LtXUGI,Indianapolis,IN
Indianapolis Concrete Contractors,https://www.indianapolisconcretecontractors.com/,ChIJAQBETX5Ea4gRyYj0ZophHTQ,Indianapolis,IN
LevelUp Concrete Solutions,https://golevelup.com/,ChIJN4cgXnavFIgRktabkDG89M4,Indianapolis,IN
Quality Concrete Construction,https://qualityconcreteconstructionllc.com/,ChIJq3S_YqupbIgRR5HNBXI1qKQ,Indianapolis,IN
Martin Construction - Flooring Company - Fence Contractor,http://martinconstructionteam.com/,ChIJoR4KsJ5Ra4gRh23o4qtClDM,Indianapolis,IN
B1st Concrete Coatings,https://b1stcoatings.com/,ChIJgf2LUoOvbIgRKwPpF_ZBXSk,Indianapolis,IN
317 Seal Inc,https://www.317seal.com/?utm_source=google&utm_medium=organic&utm_campaign=gbp_listing,ChIJsQPbcvitFIgRnbOogetlbi8,Indianapolis,IN
Guardian Concrete Coatings,https://www.guardyourfloor.com/,ChIJ7afD9BcNgSIR24EElek_31A,Indianapolis,IN
Seal Now,https://www.sealnow.com/,ChIJnQFC-hC1FIgR-hE_5vLf8KM,Indianapolis,IN
A-1 Concrete Leveling & Foundation Repair Indianapolis,https://www.a1concrete.com/locations/indiana/indianapolis,ChIJK8lsiQOrFIgRxxJFtmKpOno,Indianapolis,IN
TH Concrete,https://thconcrete.com/contact-us/,ChIJtfiOrRvSFIgR9aywWlOkUP4,Indianapolis,IN
Alternative Surfaces,https://www.alternativesurfaces.com/,ChIJu6szbICglVQREivMd7j_1II,Portland,OR
Bach Custom Coatings,https://bachcustomcoatings.com/,ChIJb1rYJutwlVQRUqyBX3tBI5I,Portland,OR
Diamond Group Epoxy Floors,https://www.diamondgroupepoxyfloors.com/,ChIJ4ZfUX-hF7gwR8HKnaLK3cWw,Portland,OR
JCL Concrete Polishing and Epoxy Coatings,http://www.jclpolishing.com/,ChIJSxSzCT-mlVQRWzigeXTtObM,Portland,OR
Pacific Shield Coatings,https://pacificshieldcoatings.com/,ChIJS-8lKASllVQRpzG-akSYft4,Portland,OR
Pacific Northwest Epoxy & Coatings Supply,https://www.pnwecs.com/contact-us,ChIJ__8veNaalVQROZkmLXPVAfQ,Portland,OR
Complete Coatings NW,http://www.completecoatingsnw.com/,ChIJe7OuPSYlQkwRhM0FILrzepU,Portland,OR
Specialty Coatings,https://specialtycoatings.us/contact-us/,ChIJTXRBqv8MlVQRShhX6uuXkb8,Portland,OR
Concrete Protective Solutions,https://www.concreteprotectivesolutions.com/,ChIJQSHdVRF1lVQRYoasZzHgLbY,Portland,OR
Your Concrete Guy,http://yourconcreteguy.com/,ChIJyesg0gkKlVQRqTecnsTWwwc,Portland,OR
"NW Industrial Flooring, Inc.",http://www.nwindustrialflooringinc.com/,ChIJP0cRzHiilVQRlONC4AltofU,Portland,OR
Palmer's Concrete Coatings,https://www.palmersconcretecoatings.com/,ChIJr55Rk2mblVQRcgvgo_Q0ZNI,Portland,OR
"Floor Solutions, LLC",http://www.floorsol.com/,ChIJPZ74deIJlVQR2wfdu76a7Fo,Portland,OR
A-MAX Gym Floor Installation & Refinishing,https://www.a-maxhardwood.com/service-areas/oregon/portland/,ChIJuRlK_jwNlVQRScoisiCarLs,Portland,OR
Pure Floors Inc,http://purefloorsinc.com/,ChIJc2qn8WELlVQRsBc_206Rt6U,Portland,OR
"Night Owl Floor Services, Inc",http://www.nightowlfloorservices.com/,ChIJi3hQIfR2lVQRY0g5VPzwSr4,Portland,OR
Colonial Service,https://www.colonialservice.net/,ChIJyf6EyJColVQRONyccW_vsGc,Portland,OR
"Iconic Floor Coatings, LLC",https://iconicfloorcoatings.com/,ChIJ5e0O7rFrwFQRbYjkF7Y6HgU,Portland,OR
DELUXE CONSTRUCTION & COATINGS,,ChIJbZU2YPttlVQRc_N7o6rHSQI,Portland,OR
Advanced Concrete Technologies,https://advancedconcretetechnologies.net/,ChIJ__8DrpChlVQR4NY37PQsMCY,Portland,OR
Clean-Coat,https://www.clean-coat.com/,ChIJAQGCZ2gNlVQRJDySRjlE0KQ,Portland,OR
Detail Concrete,https://detailconcretellc.com/,ChIJqxbIEPmhlVQRBC6kBZqk0Bk,Portland,OR
Portland Concrete Design LLC,,ChIJ53jvshUPlVQRjZ3jerDHgJ4,Portland,OR
"TOA Concrete Construction LLC/Driveways, Patios and Sidewalks in Portland Oregon",https://www.toaconcrete.com/,ChIJVVWx8xSilVQRzOOY0Cz7qLw,Portland,OR
Austin Epoxy Floor Coating,https://www.austinepoxyfloorcoating.com/,ChIJ33_8Rg9LW4YRW2JcvdR_lL4,Austin,TX
AUSTIN EPOXY METALLIC LLC,https://austinmetallicepoxy.com/,ChIJI-XKnAAtW4YRTnydNkm3hk0,Austin,TX
Epoxy Floors Austin,https://westech4epoxyfloorsaustin.com/,ChIJlVK7Bg9NW4YRFeblhivdPTA,Austin,TX
Texas Tough Tops Austin Epoxy,http://www.texastoughtops.com/,ChIJtzobgGFJW4YRxJem-nK7R9M,Austin,TX
Formula Concrete Coating Austin,https://concretecoatingaustin.com/,ChIJ45uNs7lLW4YR0qnGxyb_s7Y,Austin,TX
LUXURY EPOXY CONCRETE,https://lidiuskacampa2.wixsite.com/luxury-epoxy-concr-1/contact-8,ChIJhXtIX5-1RIYRmk2BsoX5I-g,Austin,TX
"Artcrete Designs - Epoxy Floors, Polished & Stained Concrete | Austin",http://www.artcretedesigns.com/,ChIJ7-eVm_fLRIYR9D_c30nDnHY,Austin,TX
Casey Custom Epoxy Floor Coating,https://caseycustomllc.com/,ChIJ9fUldFpTW4YRyGJOzNGcMvU,Austin,TX
New Era Epoxy Flooring Austin,https://neweraepoxyflooringaustin.com/,ChIJYV61q1DNRIYRMHB_sIWEUcg,Austin,TX
Stained Concrete ATX,https://stainedconcreteatx.com/,ChIJEQPYrGBVW4YRXJ1T8D5HQ28,Austin,TX
"Simple Epoxy LLC,",https://www.simpleepoxy.com/,ChIJmfewuVtfW4YR7fu2WI4KZNE,Austin,TX
Black Diamond Garages,https://www.blackdiamondgarages.com/,ChIJ6ea_c2IzW4YRR4zyHVa2uKE,Austin,TX
Epoxy World Official,,ChIJsWDY5MMzW4YR1sxXW1lfHbw,Austin,TX
DBP Texas Epoxy,https://www.dbptexasepoxy.com/,ChIJK_uY0akH8mYRf5fwoqSYrNw,Austin,TX
Heritage Floor Coatings,https://www.heritagefloorcoatings.com/,ChIJ7YORUYlR12sRgsP0wSNWjPg,Austin,TX
Organized Garage Austin,https://ogaustin.com/,ChIJ_fasHcnLRIYRzlUagA3RaPU,Austin,TX
Texas Tough Concrete Coatings,https://texastoughconcretecoatings.com/?utm_campaign=gmb,ChIJvQZoWtnlfgsRg1pIdPleEKw,Austin,TX
Capital City Flooring Austin,http://www.ccfloorsaustin.com/,ChIJY2c0McjLRIYR6aVJ5F1xngs,Austin,TX
MD Concrete Creations,https://mdconcretecreations.com/,ChIJyXNiXSUMrwgR7CQMZGraFb8,Austin,TX
Texas Premier Coat Resurfacing,https://www.texaspremiercoat.com/,ChIJucNkiXa0RIYRHGv5UwxybHY,Austin,TX
Sundek of Austin,https://www.sundekaustin.com/,ChIJAQtZ7fLLRIYR42gnF1ntNNA,Austin,TX
"Innovative Surfaces Of Texas, Austin",http://www.istaustin.com/,ChIJhUqgEEHRRIYRFPCGWvz_suA,Austin,TX
All Innovative Concrete LLC,https://allcrete.net/,ChIJAQDsGy7NRIYRwZGpXUXR8pU,Austin,TX
King Kong Coatings,https://kingkongcoatings.com/areas-we-serve/concrete-coating-temple/,ChIJ9RNyYlRtRYYRKFbVOiskm4o,Austin,TX
Elegant Coatings,,ChIJF16rqZfNRIYRVDsSOtZex5s,Austin,TX
Sanchez Coatings,https://www.sanchezcoatings.com/,ChIJe4jatefFRIYRZFxNy4tt2FY,Austin,TX
Prime Concrete & Concepts,http://www.pccatx.com/,ChIJFeuqXJZXW4YRkZxarqkwdNc,Austin,TX
Precision Polishing and Coatings,https://www.precisionpolishingtexas.com/,ChIJUQZykNLRRIYRdrAldi5igLo,Austin,TX
Texas Concrete Flooring,http://www.txconcreteflooring.com/,ChIJxSQZXNS0RIYRdqsRpIMGb1E,Austin,TX
KoolCote,http://www.koolcote.com/,ChIJeSbEQsraRIYRrd3_LPkC_eA,Austin,TX
Cornerstone Concrete Stain,https://www.cornerstoneconcretestain.com/,ChIJa8UHFyTLRIYRP-BHYMkUx4I,Austin,TX
Advanced Concrete Protection,,ChIJSTBzM8_LRIYRM9QzlqRcgxw,Austin,TX
Beach Epoxy Pros,https://beachepoxyfloors.com/,ChIJa_8AXyPBuokRkClhgkVmFSQ,Virginia Beach,VA
Bay Epoxy Pros,https://bayepoxypros.com/,ChIJkcPM4Ct5sIkRiBNTC6iutAg,Virginia Beach,VA
East Coast Epoxy & Coatings LLC,https://www.eastcoastepoxyandcoatingsllc.com/,ChIJx0QdoLltDCoRRvAvWOBeOBI,Virginia Beach,VA
Xtreme Resin Epoxy Flooring,https://xtremeresin.com/,ChIJh-8NrI1FtawRiHbJ_XDToks,Virginia Beach,VA
Flawless coating and design LLC,https://flawlesscoating.com/,ChIJJeKi2qrBuokR3zCHyHP5EOQ,Virginia Beach,VA
Epic Flooring Solutions,https://epicflooringsolutions.com/?utm_source=google&utm_medium=organic&utm_campaign=gbp-website-link,ChIJ45WjGpel6EQRRb_Y7L92yQ0,Virginia Beach,VA
Defense Flooring,https://www.defenseflooring.com/,ChIJPWfJDkOQtIIRJIoEdIeHQ8k,Virginia Beach,VA
Dominion Coatings,http://www.dominioncoatings.com/,ChIJPe_BOe69uokRxNeXXbL4d-E,Virginia Beach,VA
Creative Epoxy Concepts,https://creativeepoxyconcepts.com/,ChIJ_2BQNwN1sYkRPSzcnQFqN7s,Virginia Beach,VA
Artistic Flooring,https://artisticflooringva.com/?utm_source=gbp,ChIJw5PEcV_BuokRuckhYhU66Rg,Virginia Beach,VA
FloorTech Concrete Coatings,http://www.floortechconcretecoatings.com/,ChIJFxEpKWnBtokRYhZXF8s8QzA,Virginia Beach,VA
Distinguished Designs,https://ddconcrete.net/,ChIJfQODX4W8uokR3-qNjfKRFOo,Virginia Beach,VA
Epoxy Systems,http://www.epoxysystems.net/,ChIJ5bmprYoSsYkRYtZdvNN-AAk,Virginia Beach,VA
Dominion Coating Tools & Equipment,http://dominioncoatingtools.com/,ChIJa5mseUGpuokRL60tVMwSdXw,Virginia Beach,VA
Precision Floors,,ChIJ2d1dAlfruokRAU8IuD1rKz8,Virginia Beach,VA
Water Works Detailing & Services,http://www.waterworkservices.com/,ChIJY7QEO4F5OSARssRA4vJmbAE,Virginia Beach,VA
Top Floors,https://www.mytopfloors.com/,ChIJx4v5ReuVuokR89HGzrh990I,Virginia Beach,VA
"Anderson Flooring, Inc.",https://andersonflooringinc.com/,ChIJRS_5fNuVuokRSccoUkK5M7U,Virginia Beach,VA
International Flooring Inc,http://internationalflooring.com/,ChIJB1vG3K2XuokR_NU-ZrGxos0,Virginia Beach,VA
A&B Floors,http://anbfloors.com/,ChIJh5fzJ-XBuokRjIFr2LqF58Q,Virginia Beach,VA
Athens Custom Flooring/A1 Floors of Hampton Roads,https://www.athenscustomfloors.com/,ChIJqzM1SDvBuokR_nMFcnABdiU,Virginia Beach,VA
"Scott's Hardwood Floors, LLC",https://www.scottwoodfloors.com/,ChIJyWE9FWijuokRe-tASc09enk,Virginia Beach,VA
S&S Flooring Studio,https://flooring-studio.com/,ChIJwekgj5DquokRtD2s7kWXDSc,Virginia Beach,VA
PRO FLOORS,https://profloorsva.com/,ChIJZTujU_yMbEgRykRyZm24SWQ,Virginia Beach,VA
The Floor Trader,https://www.floortraderofvirginia.com/,ChIJt7MA-QjAuokRO7UuPa0FxAU,Virginia Beach,VA
Reap Industries Floor covering,http://www.reapindustries.com/?page_id=9,ChIJNapzuTHquokRYYMPOHNOtPI,Virginia Beach,VA
Garage Ovation,http://www.garageovation.com/,ChIJ_7FmqH1ctokR_9w6FdgwU7k,Virginia Beach,VA
Ultimate Garage Floors,https://www.ultimategaragefloorsva.net/,ChIJbfQ9IZzptYkRp_dEVcxzF0g,Virginia Beach,VA
Garage Force of Richmond West,https://richmondwest.garageforce.com/,ChIJSQX0QszZQ6gRHMc5lVIQR1U,Virginia Beach,VA
Williams Stamped Concrete & Resurfacing,http://virginiabeachvaconcrete.com/,ChIJvZhhh8GVuokRbTr3dCX5S2w,Virginia Beach,VA
Concrete Virginia Beach | Stamped Concrete Virginia,https://www.concretevb.com/,ChIJ_3BX3d-ZuokRj-MYlpOX95I,Virginia Beach,VA
Experience Concrete Design,http://www.experienceconcrete.com/,ChIJq89wUESUuokRAEW4XP0TEV8,Virginia Beach,VA
Best Concrete,https://bestconcretepatios.com/,ChIJy5Oh24eXuokRcXbcnZpydrc,Virginia Beach,VA
M E Concrete,https://meconcrete.us/,ChIJPU8s5PAAK2cRYDzytuyeOw8,Virginia Beach,VA
Tailored Concrete Coatings,http://www.tailoredconcretecoatings.com/,ChIJucf9t6fntYkRFIdo_gaXVbg,Virginia Beach,VA
Eastcoat Concrete Coatings & Rehab,http://www.eastcoat.com/,ChIJGf1My046sYkRo3ox5-lR--c,Virginia Beach,VA
Integrity Concrete Coatings,https://integrityconcretecoatingsllc.com/,ChIJDdkGsd9NsokRxXbfYgsyk8U,Virginia Beach,VA
"Blue Coast Concrete, LLC",https://bluecoastconcrete.com/,ChIJefJImiHruokRiJSWyQygX-I,Virginia Beach,VA
Polished Concrete Solution,,ChIJF85e3fPruokRM6SQbcvWhBo,Virginia Beach,VA
"C4 Concrete Technologies, LLC",,ChIJs__oaK3BuokRjt4gRih7AKg,Virginia Beach,VA
"AHV Contractor, LLC",https://www.ahvcontractorllc.com/,ChIJQZ0XGEyVuokRkW614WNV3kA,Virginia Beach,VA
Sundek of Tidewater,https://www.sundekoftidewater.com/,ChIJye90bFKFuokR4BPxAY43K3Q,Virginia Beach,VA
Commonwealth Epoxy Coating Inc,http://www.commonwealthepoxy.com/,ChIJ3-0CMpN4sIkR_5xfEjQEXoQ,Virginia Beach,VA
"Virginia Foundation Solutions, Inc.",https://vfsworks.com/?utm_campaign=Google+Business+Profile+Virginia+Beach,ChIJL2ZfMB7AuokR4fOzKlsjKEA,Virginia Beach,VA
CE Construction,,ChIJbeKGdhTruokR-HMoJF6aYg0,Virginia Beach,VA
Bordeaux's Custom Coating,http://www.bccoating.com/,ChIJV0jtSFeUuokRmGnkoiF19gY,Virginia Beach,VA
United Floor Coatings,https://www.unitedfloorcoatings.com/?utm_source=google&utm_medium=organic&utm_campaign=gbp,ChIJtZtWPJqfVogRQwH7V_mKEGs,Charlotte,NC
The Epoxy Floor Company,http://theepoxyfloorcompany.com/,ChIJm-lkenmfVogRWdIBm53gLKU,Charlotte,NC
V&V Epoxy Solutions LLC,https://vvepoxysolution.com/?utm_source=omg-gbp&utm_medium=webclick,ChIJlYEIPdU7VIgR67AtRwlVleg,Charlotte,NC
Garage Force of Greater Charlotte,https://greatercharlotte.garageforce.com/,ChIJJZ00TzmDVogRhNwb4vVZ_Bw,Charlotte,NC
Titan Garage Floors Inc,https://titangaragefloors.com/?utm_campaign=GoogleLocalListing&utm_medium=organic&utm_source=google,ChIJV4pSZoxTq4kR6UnzYHIRsYw,Charlotte,NC
Dogwood Epoxy,https://dogwoodepoxy.com/,ChIJmdqfI_cxVIgRYeOE3B_AeiI,Charlotte,NC
EZ Epoxy Flooring and Power Washing,http://ezepoxyflooringandpower.com/,ChIJa_hk4v9iq6gR4BbDZ0aFsjo,Charlotte,NC
Southeast Floor Maintenance,https://www.southeastfm.com/,ChIJ__8PxxMgVIgR6JUYl29Ii1g,Charlotte,NC
Top Flight Garage Floors,https://topflightgaragefloors.com/?utm_source=google-gbp&utm_medium=organic&utm_campaign=gbp,ChIJQXT1QLyPVogRPGPJSl93w84,Charlotte,NC
Carolina Epoxy Coatings,https://www.carolinaepoxycoatings.com/,ChIJDUViok6fVogRDmWULE3rFGs,Charlotte,NC
Renuity,https://renuityhome.com/north-carolina//?utm_source=gmb&utm_medium=Yext&y_source=1_NjY1MDE5MjMtNzE1LWxvY2F0aW9uLndlYnNpdGU%3D,ChIJjW4CgRgFVIgRdahYCTQxOOM,Charlotte,NC
LDX epoxy,,ChIJvSykT0iZVogRloX4osIjOVs,Charlotte,NC
Best In Show Garage,https://www.bestinshowgarage.com/,ChIJCQfHd0lTUYgRE4SfPuWoTXo,Charlotte,NC
International Coatings LLC,http://internationalcoatingsllc.com/,ChIJTTBCt3yMmU8ResLLd06_k_o,Charlotte,NC
Concrete Coatings of the Carolinas,https://concretecoatingscarolinas.com/,ChIJ3WkdmQ4gVIgRiTjiX5rkKDo,Charlotte,NC
Spartan Concrete Coatings,http://www.spartanconcretecoatings.com/,ChIJf88lhCoFVIgRDJclW5a5I_A,Charlotte,NC
Winston Salem Epoxy Flooring,https://winstonsalemepoxyflooring.com/,ChIJOfXjmGOvU4gR13K0tRBJV-8,Charlotte,NC
Freedom Garage Coatings,,ChIJWcks41klVIgROsx7_sTMlcQ,Charlotte,NC
Carolina Custom Garages,http://www.carolinacustomgarages.com/,ChIJc-iPmA4gVIgRsn5yyDWyU2Y,Charlotte,NC
"Carolina Garage Works, LLC",https://carolinagarageworks.com/,ChIJDQu2m5GtVogRACKoMHw2eW0,Charlotte,NC
Garage Floor Coating of Atlanta,http://www.garagefloorcoatingofatlanta.com/,ChIJV4WBhBxv9YgRtgxHjwyOx_Q,Charlotte,NC
Legacy Concrete Coatings,,ChIJwX1R6rQnVIgRPulLNfXtW4A,Charlotte,NC
Bullseye Concrete Coatings,https://www.bullseyeconcretecoatings.com/,ChIJy4IMOFaNVogRgtSiWucsTMQ,Charlotte,NC
Tagg Concrete Coatings of Charlotte,https://www.taggconcretecoatings.com/service-areas/charlotte/,ChIJh7fvZAuo5owRBZDONqJdFIQ,Charlotte,NC
Panther Coatings,https://panthercoating.com/,ChIJQQNBMv2oHWoRgBapMreCDOk,Charlotte,NC
Sundek of Charlotte,http://sundekcharlotte.com/,ChIJ_2Pf2GklVIgR1MmmaQq0aCA,Charlotte,NC
Youngblood Waterproofing & Concrete Services,https://www.youngbloodwcs.com/,ChIJPXQyDw-zVogROhVIqMQ13x0,Charlotte,NC
Rhino Concrete,https://rhinoconcretenc.com/,ChIJ0Z9lya4dVIgRbPlu9lM6DLA,Charlotte,NC
Sin City Garage Floors,https://www.sincitygaragefloors.com/,ChIJRUAhy3PPyIAR8xGpzA02Tx4,Las Vegas,NV
Fastlane Coatings,http://fastlanecoatings.com/,ChIJYbO1QozByIARPWsBaKluOhk,Las Vegas,NV
Infinity Epoxy LLC,http://www.epoxylasvegas.com/,ChIJZVmZxLPHyIARL8D0XqODPWA,Las Vegas,NV
Craftsman Coatings Inc,https://craftsmancoatings.com/,ChIJU2K_MbvWyIAR5wv6Tdxxf4g,Las Vegas,NV
Creative Coatings - Las Vegas Decorative Concrete,https://creativecoatingslv.com/?utm_campaign=gmb,ChIJWe18wgjGyIARY1bsQBgVmKI,Las Vegas,NV
Great American Concrete Coating,https://gaccvegas.com/,ChIJjdmXaBzrVoUR1hZJG0ORtL0,Las Vegas,NV
The Concrete Protector,https://theconcreteprotector.com/,ChIJz7IISlDnyIARvJO-km680VM,Las Vegas,NV
Tip Top Epoxy Garage Flooring Services Vegas,,ChIJp_G3orOTyIARpnoTul5j_DY,Las Vegas,NV
Vegas Modular Flooring LLC,https://modularflooringlasvegas.com/,ChIJi6M7i965yIAR8RkCyvq3s1Y,Las Vegas,NV
Desert Polymer Flooring - Las Vegas,https://desertpolymerflooring.com/?utm_source=google&utm_medium=gbp&utm_campaign=lasvegas,ChIJ17qVLRHJyIARxt49UYiYYwM,Las Vegas,NV
Rax Masters,http://raxmasters.com/,ChIJ9_sRb1bDyIAROZysc4avePU,Las Vegas,NV
Concrete Texturing,https://ctvegas.com/,ChIJGXvAVtCSyIARb8YY5Aq8zh8,Las Vegas,NV
Taylor Made Epoxy,,ChIJieMrnD_FyIAR_6nQ3l3C_9s,Las Vegas,NV
Epoxy Floors And More,,ChIJMY_YFzTHyIARB-v7rPu6QYw,Las Vegas,NV
Pebble Stone Coatings,http://www.pebblestonecoatings.com/,ChIJtZCwmBzEyIARjAMh8BTaags,Las Vegas,NV
"Vegas Hardscape, LLC",http://vegashardscape.com/,ChIJG35QDkS_yIARMIewayjfJ5Y,Las Vegas,NV
Diamond Shield Coatings,https://diamondshieldcoatings.com/?utm_source=google&utm_medium=organic&utm_campaign=gmb,ChIJUZh4zgHHyIARj4Qp0zY_6eA,Las Vegas,NV
Garaginization of Las Vegas,https://garaginization.com/las-vegas/?utm_source=google&utm_medium=organic&utm_campaign=gbp_las_vegas,ChIJwRIcJ6S_yIARNI7wYN56aH8,Las Vegas,NV
Rhinos Contracting LLC,https://rhinoscontractingnv.com/,ChIJbZY_sES5yIARmFduU3d4v7E,Las Vegas,NV
WESTDECK CONCRETE COATING,http://westdecklv.com/,ChIJCxqVNfXCyIARj9039GRjEKM,Las Vegas,NV
Concrete Restored,http://www.concreterestored.com/,ChIJtRCzOBHOyIARdXs4XnTeFt4,Las Vegas,NV
Premier Coatings,https://www.premiercoatingsnv.com/,ChIJY2JFA0HByIARpylnS4ecR9o,Las Vegas,NV
Americote Coating Systems Inc,http://www.americote.com/,ChIJO4dq2RzryIARWmkzPQqXQKk,Las Vegas,NV
Excel Concrete & Coating,,ChIJ39Iu_EDByIARLJHc7u1p7D4,Las Vegas,NV
Prime Coatings,http://www.nvprimecoating.com/,ChIJK_M6PADFyIARoCY5bPOMXjI,Las Vegas,NV
Centurion Concrete Contractors - Las Vegas,https://centurionconcretelasvegas.com/?utm_source=googlebusinessprofile&utm_medium=organic&utm_campaign=Google+Business+Profile,ChIJg4jc8tfFyIARyQP9BYle88s,Las Vegas,NV
Stamped Concrete Contractor Las Vegas,https://stampedconcretelasvegas.org/,ChIJTRG0RM_byIARC6a9K1wlLGY,Las Vegas,NV
Concrete Diamond Polishing Innovations,https://cdpilv.com/,ChIJn5TuFoTGyIARQaQCY_WXysA,Las Vegas,NV
"Concrete Coatings, Inc.",,ChIJO0SlvtvRyIARr8wc7f0_Knk,Las Vegas,NV
5 Star Concrete Coatings,,ChIJ0ZbsEFLAyIARC0wGZGcJKCQ,Las Vegas,NV
King Concrete Contractor Las Vegas,https://kingconcretecontractorlasvegas.weebly.com/,ChIJP_HoyvHByIARWdWskngB1fM,Las Vegas,NV
Decorative Concrete Supply (South),https://dcslv.net/,ChIJExV6YxPGyIAR2wN-P_DP9nA,Las Vegas,NV
Peach State Epoxy & Coatings,http://peachstateepoxy.com/,ChIJFXf1wL9t9YgRm4F67F8WAqo,Atlanta,GA
Atlanta Concrete Coatings,https://atlconcretecoatings.com/?utm_source=google&utm_medium=organic&utm_campaign=gbp_listing,ChIJp-ZK8auT9YgR_2y_iWeVVDY,Atlanta,GA
Supreme Epoxy Of Georgia,https://www.supremeepoxygeorgia.com/,ChIJ44FiUjvfwyURnzqrXPAt-vg,Atlanta,GA
GA Epoxy,http://gaepoxy.com/,ChIJ4VDWaCZqeKwRhPCh7VFe8Pk,Atlanta,GA
XPS Xpress - Atlanta Epoxy Floor Store,https://xpsxpressatlanta.com/,ChIJmUe7q4sR9YgRzBe8BPRK9vs,Atlanta,GA
Titan Garage Flooring Solutions,https://titanflooringapplications.com/georgia?utm_source=Organic%20Search&utm_medium=GBP&utm_campaign=GBP,ChIJLY77QHd19YgRMNyZvqkJ2-U,Atlanta,GA
1080 Floor Coating,https://www.1080floorcoating.com/,ChIJ6WGrExXr9IgRoHXzc19xsXA,Atlanta,GA
Grindkings Atlanta Polished Concrete,https://www.grindkingsflooring.com/,ChIJp3DheQcR9YgRQs0RvQZWljU,Atlanta,GA
BadAss Garage Floors,https://mybadassgaragefloor.com/,ChIJmS9iF9IL9YgRBUsEvg5uFII,Atlanta,GA
Khays Services,https://www.khaysservices.com/,ChIJK4RnNawR9YgRzohIuXfFoY8,Atlanta,GA
FLAWLESS Grind & Polish Flooring LLC,http://flawlessgrind-polishflooring.com/,ChIJUQ4QvFiz9YgRXTj4nNcpk1s,Atlanta,GA
Liquid School of Epoxy,http://liquidepoxyschool.co/,ChIJjSA0ibr99IgREA4nB6kWYdQ,Atlanta,GA
Rejuvenate Flooring,http://www.rejuvenateflooring.com/,ChIJA6OByRID9YgR4FdLdkZHx5A,Atlanta,GA
ACC Facility Services - Concrete Polishing Atlanta,https://www.atlantaflooring.io/,ChIJAQBANXoE9YgRP6lam9TFK4s,Atlanta,GA
Luxe Atlanta Flooring,https://luxe-floor-innovations.tech/,ChIJexhs2xNFfoARUXeeRk9fC5o,Atlanta,GA
Coating Connect,,ChIJRZ6yv3IF9YgRrHuj5pdreVk,Atlanta,GA
Full Coverage Painting and Flooring,https://www.fullcoveragepaintingflooring.com/?utm_source=google&utm_medium=organic&utm_campaign=google_business_profile_atlanta,ChIJgxgMNr8T9YgRL-aztSeitNo,Atlanta,GA
Garage Expressions,https://garageexpressions.com/,ChIJHb-Eqp-w9YgRnZIRux_aTn4,Atlanta,GA
Garage Force of North ATL Metro,http://northatl.garageforce.com/,ChIJteETNZd3sg4RoGXGrgdEyFw,Atlanta,GA
Garage Floor Masters of Alpharetta,https://georgiagaragefloorcoatings.com/,ChIJx1WXf-p19YgR1Hk90PFXsE0,Atlanta,GA
DuraCoat Construction,http://www.duracoatconstruction.com/,ChIJp4OhoWxWNkERup6YFaMPhkY,Atlanta,GA
Jax Concrete Coatings Atlanta,http://jaxconcretecoatings.com/,ChIJHScpsUFP9YgRwDAM1-Vl_bk,Atlanta,GA
Deluxe Finish Garage Floors,http://www.deluxefinish.com/,ChIJcU9psgts9YgRUz9V-wG6fgw,Atlanta,GA
Garage INK,http://www.garageink.net/,ChIJ97K8Ij6Z9YgRuaqLhgmQdJg,Atlanta,GA
Polished Concrete Atlanta,https://www.polishedconcreteatlanta.com/,ChIJbQ2rBDc89YgRXLFvXco-dis,Atlanta,GA
Concrete By Design LLC,https://www.cbdcoatings.com/?utm_source=gbp&utm_medium=organic&utm_campaign=local-listings,ChIJfzu3CHxe_ogRreFlhXyBCNE,Atlanta,GA
Valen Concrete Coatings,https://valenconcretecoatings.com/,ChIJxxRrGcNd9IgRkOkipB2NaZM,Atlanta,GA
Envirodek Concrete Resurfacing,http://www.envirodek.com/,ChIJA-0JLlQI9YgRf1BjyXQpeqw,Atlanta,GA
Advanced Concrete Coatings LLC,https://accoatingsllc.com/,ChIJPX0mz5--3koRtepM11LIRQo,Atlanta,GA
Ninja Concrete Coatings,https://www.ninjacoatings.com/,ChIJl-YDursV9YgRaQRfoLTLDUI,Atlanta,GA
Professional Concrete Coatings,,ChIJCb3nB5XD9YgRRyR-9T_0cFg,Atlanta,GA
Atlanta Concrete Coatings,http://www.atlantaconcretecoatings.com/,ChIJdZUazo2f9YgRCSv9i7xqjdg,Atlanta,GA
"Concrete Resurfacing Products, Inc.",https://www.concreteupgrades.com/,ChIJvYDxUpKX9YgRVBCs2ZlKsfs,Atlanta,GA
Robles Concrete Services,https://roblesconcreteservices.com/,ChIJGZNL1yKR9YgRJGc1EpAe0YE,Atlanta,GA
Classic Concrete Coatings,,ChIJOfl2qAa79YgRuhk1XszTsPU,Atlanta,GA
Concrete Solutions of Atlanta,http://www.concretesolutionsofatl.com/,ChIJA_4bMvJl9YgR_A14e6Ub8t4,Atlanta,GA
Under One Roof Services,https://under1roofservices.com/,ChIJ7ybTDfu99YgR6BpMAJV8fWU,Atlanta,GA
Concrete Coatings of the South,http://concretecoatingsaugusta.com/,ChIJwUlUtHPT-YgRGoFd0EAblvQ,Atlanta,GA
Atlanta Concrete,https://atlantaconcrete.us/,ChIJdYSCcm7NiogRv8dYCY-qnD8,Atlanta,GA
Peachworks Concrete & Design LLC,https://www.peachworksconcrete.com/,ChIJt-PkfVUMomQRvaOz-InUZ6A,Atlanta,GA
LCH Concrete & Restoration,http://www.lchconcrete.com/,ChIJG6IVZvz19IgRScN5qomlwKQ,Atlanta,GA
DECPOXY - Designer Epoxy and Concrete Coatings,http://decpoxy.com/,ChIJt04A61UFUUkRHfKH1ea6Vk4,Atlanta,GA
AAA Southern States Refinishing,http://southernstatesrefinishing.com/,ChIJDzhg-DCO9YgR0uvjkrg9fSw,Atlanta,GA
Ice Coat Epoxy,https://icecoatepoxy.com/,ChIJ83zOg3b59IgRQX6bBCRh0Jc,Atlanta,GA
"J P Concrete Creations, Inc.",https://jpconcretecreations.com/,ChIJffvM_AY_9YgRhCDulHsJ890,Atlanta,GA
Atlanta Concrete Solutions,http://atlantaconcretesolutions.com/,ChIJK_WF3PMH9YgR2ESM09sQxpc,Atlanta,GA
Shark Coatings,https://sharkfloorcoatings.com/,ChIJ7UwOpcLL5YgRoUOcJ4KostI,Atlanta,GA
Epoxy Floor Coating DMV,https://www.epoxyfloorcoatingdmv.com/,ChIJ_e2nLTnJt4kRD4XxS3S-3bA,Washington,DC
DMV Epoxy Pro,https://dmvepoxypro.com/,ChIJ2cRXhFBBtokRJ5TCMv-RxnA,Washington,DC
XPS Xpress DC,https://xpsxpressdc.com/,ChIJBUcG_2C_t4kR4rD3olKdNPk,Washington,DC
DC Excel Epoxy Flooring,,ChIJgzJuRvG3t4kRQi-7B6TA0G0,Washington,DC
D. D. Epoxy Home Improvement,https://ddepoxyhomeimprovement.com/,ChIJeYzjTDS3t4kR63HUvAAOmmU,Washington,DC
District Floor Depot,https://www.districtfloordepot.com/?utm_source=google&utm_medium=organic&utm_campaign=gmb&utm_content=dcrhodeisland,ChIJDQRSG4zHt4kRrhES0b0RXiY,Washington,DC
HMM Flooring,https://hmmcontractors.com/hmm-flooring,ChIJ-XRaA0_Jt4kR3s94MM_Okyo,Washington,DC
EpoxyNova Contracting LLC,https://epoxynovaco.com/,ChIJSxTuCm-3t4kRGritHssU_vY,Washington,DC
Floors on 14th,http://www.floorson14.com/,ChIJx8PKbOi3t4kRHUwMtAmD35c,Washington,DC
Virginia Epoxy Flooring Co.,https://epoxyfloorva.com/,ChIJG6ox0wG3t4kR0achOncJIo8,Washington,DC
Fantastic Hardwood Floors LLC,https://fantastichardwoodfloors.com/,ChIJ_yokuFhbwoQRr0EC1KxDi1s,Washington,DC
Artistic Hardwood Floors,http://artistichardwoodfloors.com/,ChIJXdrC0_nHt4kR1i9lHHqOiZc,Washington,DC
Universal Floors Inc,http://www.universalfloors.com/,ChIJ58IHkOrJt4kRq2Mt2vYokBM,Washington,DC
Elegant Floor Services,https://www.elegantfloorservices.com/,ChIJBeb-hNPIt4kRef84A-uSyXI,Washington,DC
Sandex Flooring LLC,https://sandexflooring.com/,ChIJGyVlrFvFt4kRRj6u8YEAqb4,Washington,DC
APC Epoxy Superstore,,ChIJswD1po_Bt4kRpgVVCZCQKV4,Washington,DC
"LUX Concrete Coatings, LLC",http://luxcoatings.com/,ChIJbxOUbyCwZycRkkgAg2MsDjw,Washington,DC
"Scott Decorative Concrete, LLC",http://www.washingtonstampedconcrete.com/,ChIJyZ-62_63t4kRphaKMQjy1ME,Washington,DC
Concrete Solution LLC,http://concretesolutionllc.net/,ChIJ__8TiQxItokRiIDOBDNIgD8,Washington,DC
"Ferguson Concrete Coatings, LLC",http://www.fergusonconcretecoatings.com/,ChIJ8YJvkMmWBAERVTBDPShQgt0,Washington,DC
Collins Concrete Coatings,https://collinsconcretecoatings.com/?utm_source=google&utm_medium=gbp&utm_campaign=local_seo,ChIJgedvLPVqtokROQ3xfJIUFrA,Washington,DC
Concrete Etc.,https://theconcrete-etc.com/,ChIJ4-JMEKHNt4kRnhVufMjta3M,Washington,DC
Sundek of Washington,https://www.sundekofwashington.com/,ChIJ9W0KL4NGtokRTkfSz_-x-OY,Washington,DC
Concrete Coating Systems LLC,http://www.concretecoatingsys.com/,ChIJ_____88fyIkRajz5uwk_fcc,Washington,DC
Platinum Concrete Coatings by ProPaint Systems,https://platinumconcretecoatings.net/,ChIJY_kYbUjZx4kRZ-R3u7zi8M4,Washington,DC
In The Mix Artistic Decorative Concrete LLC,https://www.inthemix-adc.com/?utm_source=GMB,ChIJtVeSf0BwdUURioZXRqw7ZaI,Washington,DC
Catalyst Floor Coatings LLC,https://catalystcoatings.com/,ChIJ5WwpQ7m7qYsRRlHj6ZtTPsU,Washington,DC
North American Coating Solutions,http://nacoatingsolutions.com/,ChIJJWJrSx7eJIgRLgXhMirOo3s,Washington,DC
DC CONCRETE LLC,http://dcconcretellc.net/,ChIJOVCI-ELJt4kRSC8YyC52Nzc,Washington,DC
Creative Concrete Corp.,http://www.creativeconcrete.com/,ChIJjTEO1tbIt4kRVBEKEwTmraY,Washington,DC
East Coast Decorative Concrete,http://www.ecsurfaces.com/,ChIJlRqoxv1WtokRzLZPT0AO7Kw,Washington,DC
Bright Concrete LLC,http://brightconcretellcs.com/,ChIJ24dgXwHBt4kRwZcAtS2bV1A,Washington,DC
OCD Epoxy Terrazzo Flooring,https://ocd-flooring.com/,ChIJq6puIqYc2YgRT7F0ooZDMl0,Coral Springs,FL
Soflo Epoxy,https://www.sofloepoxy.com/,ChIJH8coZpbROAMRrg8YNi_0FX4,Coral Springs,FL
Southside Epoxy Flooring,https://www.southsideepoxy.com/,ChIJlxEgCgMF2YgRfZWcK_43Vig,Coral Springs,FL
All Star Epoxy Flooring.,https://www.allstarepoxyfl.com/,ChIJp2te6BEC2YgRqb75UHf2A8w,Coral Springs,FL
AMAZING EPOXY GARAGE FLAKE FLOOR COATING COMPANY OF CAPE CORAL FLORIDA LLC,https://amazingepoxygarageflakefloorcoatingcompanyofcapecoralflorida.com/?utm_source=omg-gbp&utm_medium=webclick,ChIJpypqacFB24gRLLM7mmiOElM,Coral Springs,FL
Elite Epoxy LLC,http://elite-epoxy.us/,ChIJXYxqZI8to6cR8gOGpAjLFPE,Coral Springs,FL
Queens of Floors,https://www.queenoffloorsfl.com/,ChIJ7bGszfsF2YgRcN2VF-oP-qE,Coral Springs,FL
EpoxysWorld-Cape Coral,http://www.epoxysworld.com/,ChIJp0sBcl1B24gRa-Vu5G-_sKw,Coral Springs,FL
Epoxy Waves,https://epoxywaves.com/,ChIJH7qMCDoH24gRqSnj0XvyDxE,Coral Springs,FL
Satin Finish Epoxy Flooring,https://www.satinfinishconcrete.com/,ChIJg4vj6ngC2YgRNXD1AZ1GBDY,Coral Springs,FL
Incredible epoxy,,ChIJhcdEnBYH2YgRvP-mo_xXXn8,Coral Springs,FL
Epoxy Warehouse USA,https://epoxywhse.com/,ChIJFWpzovVB24gR7qEpzpIs2JQ,Coral Springs,FL
Americas Industrial Coatings | Epoxy Floors,https://americasindustrialcoatings.com/,ChIJSVTyjusB2YgRfyUQVeoPaoE,Coral Springs,FL
JDL Surface Innovations,https://jdlsurfaceinnovations.com/,ChIJjSN0ajdB24gRfUrtBptzC90,Coral Springs,FL
Boca Raton Epoxy Flooring,http://epoxybocaraton.com/,ChIJDSK1k30e2YgRhYOx0DyQaWI,Coral Springs,FL
1 Day Concrete Floor Coating,https://1dayfloorcoating.com/,ChIJjY8HgX2s2YgRz-JVLRl39M8,Coral Springs,FL
Floor Logic,https://floorlogic.com/,ChIJyV_DaMgD2YgRPwPTH_gzyXM,Coral Springs,FL
Latux Epoxy & Flooring,https://latuxepoxy.com/,ChIJSXbLAUMD2YgRp9R3yLy820Q,Coral Springs,FL
Floor Coating Source,https://floorcoatingsource.com/,ChIJZXBgDj9D24gRiqKUFnslPXM,Coral Springs,FL
BNZ Epoxy Flooring,http://bnzepoxy.com/epoxy-floor-installation/,ChIJneY_l5gE2YgRv0JZ8Xocir4,Coral Springs,FL
JBL Flooring Removal Solutions,https://jblflooringsolutions.com/,ChIJiTmWhxcD2YgRH_tcL2xouDY,Coral Springs,FL
Specialty Flooring,https://www.specialtyflooringstore.com/,ChIJf-nQYEoF2YgRmDuMf_wuw9c,Coral Springs,FL
Image Custom Coatings,https://imagecustomcoatings.com/,ChIJxXRHbnhE24gRwSV4Uch2xgY,Coral Springs,FL
54flooring Corp,https://54flooring.com/,ChIJgR6bYvUNVYQR0uFW6Jk-Pdo,Coral Springs,FL
Corporate Flooring Solutions Inc.,http://corporateflooringsolutionsinc.com/?utm_source=gmb&utm_medium=referral,ChIJpaO6dk6h2YgR0mOAvCrDV6I,Coral Springs,FL
Advanced Surfaces Inc.,http://www.advancedsurfaces.com/,ChIJ1Rjah1Idw4kRtLhknAp2ww0,Coral Springs,FL
Gator Epoxy Solutions,https://gatorepoxy.com/,ChIJH3D1mYLf2IgRqR_0Jyc9g50,Coral Springs,FL
Capital Coatings Epoxy Group,http://www.capitalcoatingsgroup.com/,ChIJd8pQ3z8B2YgRiOy8gEMi9go,Coral Springs,FL
Figueroa Epoxy Flooring,https://figueroaef.com/,ChIJ-UC0dkonFU8RyhU-2j3TGrM,Coral Springs,FL
Your Garage Floor,https://yourgaragefloorflorida.com/,ChIJdbkl0MgW24gR-w8qjyZf6Jw,Coral Springs,FL
Black Rhino Garage Floors Fort Lauderdale,,ChIJDVqLGwYH2YgR8YJAYKaxXQA,Coral Springs,FL
The Coating Crew of Southwest Florida,http://www.coatingcrewflorida.com/,ChIJFUf2lcVB24gRLbcxdqbB3ag,Coral Springs,FL
Concrete Solutions Today LLC,https://concretesolutions.today/,ChIJA45HyeBeRWkR4sU3w1F_GUI,Coral Springs,FL
Southern Concrete & Epoxy Inc.,https://sceswfl.com/,ChIJ8Z9K4LA524gRPIKSRMcA7A8,Coral Springs,FL
C&C DECORATIVE CONCRETE,http://www.ccdecorativeconcrete.com/,ChIJO_7Q-QTb54gR4-QMJtz-vd8,Coral Springs,FL
Black Horse Concrete Coatings,https://www.blackhorseconcretecoatings.com/,ChIJwWcOzeqS50IR3TZqlSHzAM0,Coral Springs,FL
Concrete Coatings of South Florida,,ChIJAew8rDiq2YgRRL95hLr2rRw,Coral Springs,FL
National Concrete Polishing,https://nationalconcretepolishing.net/location/pompano-beach-florida/?utm_source=Google&utm_medium=Google+My+Business&utm_campaign=GBP-traffic,ChIJj2FdNgUd2YgR0v9MFDvVjaI,Coral Springs,FL
Deese Elite Concrete Coatings - Capital City,https://deeseelitecc.com/,ChIJdy0bcMDz7IgR4q5e_NChE2Q,Coral Springs,FL
Bay to Bay Resinous Coatings & Waterproofing,http://www.btbsr.com/,ChIJebfY7g4P2YgRlJcaQ27YPP0,Coral Springs,FL
Gold Coast Surfaces Inc.,https://goldcoastsurfaces.com/,ChIJQds0wgzg2IgRUabhplosU_s,Coral Springs,FL
A Plus Concrete Restoration,http://aplusconcreterestoration.com/,ChIJuWgvcqQE2YgRnGLZmPV0-Tg,Coral Springs,FL
"Creative Concrete & Restoration, LLC",http://ccnrflorida.com/,ChIJ0_twAn0J2YgRG7qSxIzGEVE,Coral Springs,FL
Concrete Restoration Team,http://concreterestorationteam.com/,ChIJ5yUGvSrj2IgRAbJIvx2Klak,Coral Springs,FL
Columbus Epoxy Flooring,http://columbusepoxyflooring.com/?utm_campaign=gmb,ChIJfWNicBmTOIgR6WBFZqazRH8,Columbus,OH
Premier Concrete Coatings Columbus,https://pccofcolumbus.com/,ChIJIatWaXuUOIgRnCmFn5wk3Go,Columbus,OH
Columbus Epoxy Floors,http://www.columbusepoxyfloors.com/,ChIJ8TpqKzYO2KcRUztpQaZALL0,Columbus,OH
Infinity Concrete Coatings,http://www.infinityfloorcoatings.com/,ChIJJUuEL_kG4gsR1-54Dh4RnjQ,Columbus,OH
Columbus Garage Floor Coating,http://columbusgaragefloorcoating.com/,ChIJW-6Ge_aOOIgR34rTHSo6IeY,Columbus,OH
"Deco-Coat Flooring, LLC",http://www.decocoatepoxy.com/,ChIJ8zzumk-bOIgRWBDkdrZbfMc,Columbus,OH
Concrete Polish and Epoxy Ohio,https://columbuspolishandepoxy.com/,ChIJI2lc3CmLOIgR97cKzoEzlz8,Columbus,OH
Imperial Floor Coatings,https://www.imperialfloorcoatings.com/,ChIJw7-IHiRTBCYR_HQ8K4s5Gb8,Columbus,OH
"Showroom Floors Ltd, Epoxy Floors, Columbus, Oh",https://showroomfloorsltd.com/,ChIJBXEBoFDzOIgR7j8ThdZoKi4,Columbus,OH
Wyckoff Epoxy Flooring,https://www.wyckoffepoxy.com/,ChIJAeWh-LSiMIQRSRzMav6UgOU,Columbus,OH
Solutions for Organizing Spaces,https://solutionsfororganizingspaces.com/,ChIJVcx9n_ZhOIgRW8Ndgfu01Qc,Columbus,OH
Affordable Epoxy Solutions LLC,,ChIJif_ipxmFOIgR3UnQvki7rBU,Columbus,OH
Buckeye Epoxy Flooring,https://buckeyeepoxyflooring.com/contact-buckeye-epoxy-flooring.html,ChIJ27ipO8ORR4gRxkYcP-aY2wo,Columbus,OH
Epoxy and Polished Floors of Columbus,,ChIJO6CfynKTOIgR-2z0qL3jKc4,Columbus,OH
Embellish By MJ,https://www.embellishbymj.com/,ChIJX_ZsPEGROIgReaA5HNsGMkA,Columbus,OH
Your1DayFloor.com,https://your1dayfloor.com/,ChIJHay2wifrOIgRkiAVAGAcKMI,Columbus,OH
American Concrete Surfaces,https://americanconcretesurfaces.com/,ChIJ8dgPvOuzN4gRh9xNqBIe9K4,Columbus,OH
Black Swamp Epoxy Floors,https://www.blackswampepoxyfloors.com/,ChIJtSQaAcZdIgERlM8x1MaplAE,Columbus,OH
Garage Floor Coating - The Great Lakes,https://www.garagefloorcoatingofgl.com/,ChIJ_2S_4HN8PIgRUYy7eL2BAwQ,Columbus,OH
Integrity Floor Coating,https://integrityfloorcoating.com/,ChIJAQDw1SfFOIgRv3U-7pZcyRo,Columbus,OH
Essential Epoxy,http://essentialepoxy.homes/,ChIJRaN_oSvJlEsRxkcLF_F3wuA,Columbus,OH
Columbus Concrete Coatings,https://columbusconcretecoatings.com/,ChIJx43MHThpOIgRRsR14fGEFH0,Columbus,OH
Ohio Garage Interiors,https://ohiogarageinteriors.com/,ChIJGbcdhpzqMIgRmDmqyvf_dro,Columbus,OH
Garage Force of Dayton,https://dayton.garageforce.com/,ChIJ84roKLiPQIgR8HowPLtqWlw,Columbus,OH
Garage Finisher,http://garagefinisher.com/,ChIJlRhYdTQdMYgR7pAXjq2KsH8,Columbus,OH
Black Raptor Garage Floors,http://www.blackraptorfloors.com/,ChIJwaqAk8urPogR8SeqXi-n7qY,Columbus,OH
Polypro concrete coatings Columbus,http://www.polyproconcretecoatings.com/,ChIJVwtuawCdOIgRKNX1MWRfzac,Columbus,OH
TrueCoat Concrete,https://truecoatconcrete.com/,ChIJg4wIyQJ8Fy4RPFcnZBQnUcQ,Columbus,OH
3G Concrete Coatings,http://3gconcretecoatings.com/,ChIJryvt7D05OIgRSsjuC_NUENw,Columbus,OH
Custom Concrete & Coatings,http://customconcreteandcoating.com/,ChIJWStpT9-hPogRb7362Eh_GVA,Columbus,OH
Miller Epoxy & Concrete Coatings,https://millerepoxy.com/,ChIJKeADt5NkviERZ9JCRc-eNHg,Columbus,OH
Royal Concrete,https://royalconcreteoh.com/?utm_source=GBP&utm_medium=organic,ChIJNQEbwKSLOIgRwcDmpEhXFiM,Columbus,OH
ON Concrete Design LLC,https://www.onconcretedesign.com/,ChIJ8X2_6AWTOIgRBmlsc8GuJH0,Columbus,OH
"Concrete Contracting Solutions, Inc.",http://www.concretecontractingsolutions.com/,ChIJlWVpe06POIgRGkGVy9Jfz8E,Columbus,OH
Luxury Concrete Coating,https://luxuryconcretecoating.com/contact-us-decorative-coatings/,ChIJyf-6t6-FQIgR5W6kP6pielU,Columbus,OH
Capital City Concrete,https://capcityconcrete.com/,ChIJqcNlj9L1OIgRwr0IqFYJcL8,Columbus,OH
Deco-Crete Supply,https://www.columbusohiodecorativeconcrete.com/,ChIJCVKUSgWJOIgRXS0uw5l4_Ag,Columbus,OH
Ed's Concrete Construction LLC,http://edsconcreteconstruction.com/,ChIJs9jmxNxO_CARM5ij6hH-VDs,Columbus,OH
Concrete Contracting of Columbus,http://ohio-concrete.us/,ChIJZdyqvJSJOIgRZXWRHA7h-BU,Columbus,OH
Top Level Concrete,https://toplevelohio.com/,ChIJYTrNPWXtOIgRIQh9fQfUrwo,Columbus,OH
SealMaxx of Columbus,https://sealmaxxofcolumbus.com/,ChIJ8akCL26KR4gRVpelIYcZXEE,Columbus,OH
Trusted Coatings,http://www.trustedcoatings.com/,ChIJXXmQgYbzOIgRljpdNfqpZRo,Columbus,OH
Supreme Concrete Solutions,https://supremeconcreteohio.com/,ChIJAe-E-vqJOIgR6wlmWg8eRn4,Columbus,OH
MCL Concrete LLC,http://mclconcrete.com/,ChIJHVLGO3r1OIgRyVRqT7bHXME,Columbus,OH
Superior Concrete Columbus,https://superiorconcretecolumbus.com/,ChIJk6CJscWPOIgRPxXBFlKMeNE,Columbus,OH
Bonded Resurfacing,https://bondedresurfacing.com/?utm_source=gbp,ChIJWQAuTDycn4oRxAjpDGnv9f8,Columbus,OH
Spartan Coatings,https://www.spartancoat.com/,ChIJYfghxX6pBYgRNXZeTl8Uo4A,Milwaukee,WI
AMN Epoxy Flooring,,ChIJCTlJtKfPBYgRG1PZ_5nFjvM,Milwaukee,WI
Epoxy Flooring Done Right,https://epoxyflooringdoneright.com/,ChIJlUhvKT-yBYgRJGzuSL8_qC8,Milwaukee,WI
Twisted Floors,https://twistedfloors.com/?utm_source=google&utm_medium=organic&utm_campaign=gbp,ChIJfdVL4BKDBYgRIlJASjwDFfg,Milwaukee,WI
Concrete Coatings,,ChIJafMs4D0DBYgRAwRcRTmWkPM,Milwaukee,WI
Wisconsin Concrete Coatings,https://www.wiconcretecoatings.com/,ChIJY1tDhMWCdEkR6tBKa2Rzl20,Milwaukee,WI
Wisconsin epoxy concrete floor coatings,https://bestwisconsinepoxyconcretefloorcoatings.com/,ChIJqz9rqd2xBogR11E2bD6wd-M,Milwaukee,WI
Cuervo Concrete Coating,http://cuervoconcretecoating.com/,ChIJ0xGHpeMPBYgRaXMdM8pquYc,Milwaukee,WI
Excel Concrete Coatings,http://www.excelconcretecoatings.com/,ChIJ64DAoYO3nGIRTTHpSP4QMu4,Milwaukee,WI
RI Floor Coatings,https://rifloorepoxyllc.com/,ChIJK2SyVmFaBIgR-0r-zRRHnrY,Milwaukee,WI
Apex Epoxy Flooring - Waukesha,,ChIJmb8ROAAFBYgROahO2mLjMoM,Milwaukee,WI
M&P Concrete Coatings,https://www.mpconcretecoatings.com/?utm_source=google&utm_medium=wix_google_business_profile&utm_campaign=5573402208317758784,ChIJExGs3QmscqER96llxXhevsM,Milwaukee,WI
"Epoxy Flooring Specialists, LLC",https://www.epoxyflooringspecialistwi.com/,ChIJgyT1ijCtA4gR7jdeijJgUvA,Milwaukee,WI
Creative Maintenance Solutions,https://creativemaintenance.com/,ChIJcRb2QowdBYgRR5fbQQOpPks,Milwaukee,WI
Nu-Look Floors USA,http://www.nulookfloorsusa.com/,ChIJO-odWYWpBYgRoJ94UoUt6jM,Milwaukee,WI
Duraguard - Protective and Decorative concrete floor coating systems,https://www.duraguardsolutions.com/,ChIJWW22YJ9DBYgR4AJFWwvTrA0,Milwaukee,WI
Artistic Concrete Coatings Wisconsin,http://www.artisticconcretewi.com/,ChIJNy4sDg4JBYgR6s1vpw9iam8,Milwaukee,WI
Showtime Floors LLC,https://www.showtimefloors.com/,ChIJfRPJPDKrBYgRoKMhimYujR0,Milwaukee,WI
Level Headed Concrete Coatings,https://levelheadedconcretecoatings.com/,ChIJX0HA1aKrBYgRaPpvEGpCJKs,Milwaukee,WI
24 Karat Concrete Coatings,https://www.24karatcoatingswi.com/,ChIJhfn5MKiMSUoRcvULhuoiF-M,Milwaukee,WI
Colorful Concrete Solutions,https://www.colorfulconcretesolutions.com/,ChIJCeu1pDqvBYgRbqREWWUkKdg,Milwaukee,WI
PremierGarage of Milwaukee,https://www.premiergarage.com/near-me/waukesha-wi/?utm_source=Internet&utm_medium=Directory&utm_campaign=GOOGLE-PLACES/,ChIJv9fOYuWqBYgR0OPNi813sWs,Milwaukee,WI
Garage Force of Madison,https://madison.garageforce.com/,ChIJsb7IG3GpB4gRVVM7fIs6NFM,Milwaukee,WI
Garage Floor Coating of Michigan,http://www.garagefloorcoatingsofmichigan.com/,ChIJp6ElbHGAIYgRIzEDc96KdUA,Milwaukee,WI
SurfaceX Concrete Coatings,https://www.surfacexcc.com/,ChIJl8xw682Ac4cRBr6hpPRNh-k,Milwaukee,WI
Jims Concrete Coatings,http://jimsconcretecoatings.com/,ChIJhWxaNexbBogRKwB53lw93dU,Milwaukee,WI
"BAM! Coatings, Garage & Basement Concrete Floor Coatings",https://www.bamcoatings.com/,ChIJoc84a2avA4gR7jBrs2dsNfA,Milwaukee,WI
Anguiano's Sealcoating & Striping LLC + Concrete Division,https://www.anguianossealcoating.com/,ChIJq08nsgEaBYgRobwe_6OxQww,Milwaukee,WI
Lorenz Concrete & Coatings LLC,,ChIJOzlKkBV-BYgR8qpgffW4C_E,Milwaukee,WI
Polyurea Concrete Coatings,http://polyureaconcretecoatings.com/,ChIJe6YxbxnLBYgRIXn-Ar-IRjg,Milwaukee,WI
W.M Creative Concrete,http://www.wmcreativeconcrete.net/,ChIJIRxKVRAXBYgRirv_4EyJ6dw,Milwaukee,WI
High Caliber Concrete Coatings LLC,http://www.highcaliberconcretecoatings.com/,ChIJ_ZzCPF6PYGcREkFCTiOAaFc,Milwaukee,WI
Eagle Concrete Polishing & Coatings,http://fb.com/eagleconcretepolishing,ChIJpUS_rAmVBYgR0zTDWOjAcNI,Milwaukee,WI
"Kevco, Inc.",https://kevcoinc.net/,ChIJhyk7SpkWBYgRV3yeBdjW65E,Milwaukee,WI
SureStep LLC,https://surestepllc.com/,ChIJP2N-DRUxqU0RmdPEP0iqTYw,Milwaukee,WI
Victory Outdoor Services,http://victoryoutdoorservices.com/,ChIJWTTveb0BBYgRaI73v76L17s,Milwaukee,WI
Midwest Concrete Technologies,https://midwestconcretetech.com/,ChIJU9zow--6BYgR6PGFkKsBh5c,Milwaukee,WI
Dornbrook Construction Inc.,https://www.dornbrookconstruction.com/?=GBP,ChIJjzvNIUIbBYgRKjvdNZygd6U,Milwaukee,WI
Lakeside Concrete,https://www.lakesideconcretellc.com/,ChIJQYFwZAmZtmMRicNdti3p98I,Milwaukee,WI
Ascent Epoxy Salt Lake City,https://www.epoxyfloorsaltlakecity.com/,ChIJx2G8OAxhUocROiwOSozupaw,Salt Lake City,UT
Elevated Coatings,https://elevated-coatings.com/?utm_source=google-gmb-maps&utm_medium=gmb-website-button&utm_campaign=locl.io&utm_content=dccff86e-9d31-42ad-a0dc-7f01f81847f8,ChIJy8Nst1qFUocRwKMcmyG2omQ,Salt Lake City,UT
Rocky Mountain Garage Pros,https://rockymountaingaragepros.com/,ChIJs9LmDI9l9qERFGGGIxHD2Dc,Salt Lake City,UT
Elite Concrete Coatings,https://www.eliteconcretecoatingsslc.com/,ChIJ7xfVU8WJUocRkNfVG51aNUY,Salt Lake City,UT
Summit Coatings LLC,https://www.summitcoatingsutahllc.com/?utm_source=google&utm_medium=business-profile&utm_campaign=gbp,ChIJQ_j19xV-TYcRX7gwt5cLW90,Salt Lake City,UT
Wyatt's Epoxy Supply Store (XPS Xpress Draper),https://www.wyattsepoxy.com/,ChIJzco4Gg-HUocRjtRx-UYgOTk,Salt Lake City,UT
High Mileage Flooring,https://www.highmileageflooring.com/,ChIJa1eSFu33UocRz_bo8ygNI8w,Salt Lake City,UT
LevelX Coatings,https://levelxcoatings.com/,ChIJ4zewyO3fOgARcBjXzQIvhLk,Salt Lake City,UT
RaceDeck Garage Floors,https://racedeck.com/,ChIJqU5F4l_zUocRlp0-_OHLAm4,Salt Lake City,UT
Prime Epoxy,https://prime-epoxy.com/,ChIJKzYTfF31jiAR1hOvBnJd56U,Salt Lake City,UT
Tephra,http://tephraconcrete.com/,ChIJawOz9PPaukYRak6RTRpM8f0,Salt Lake City,UT
Cardinal Coatings,http://www.cardinalcoatings.com/,ChIJ5_L011yKUocRBWoD6kISXA0,Salt Lake City,UT
Invictus Coatings,http://invictuscoating.com/,ChIJ-ZdmCxvzUocRtuwXZkDIqX4,Salt Lake City,UT
Epotech Solutions,https://www.epotechsolutions.com/,ChIJVfbfFADtUocRSSaBDXMMvyU,Salt Lake City,UT
The Coating House,https://shopcoatinghouse.com/,ChIJ5XyPjB6LUocR6i3hc3GZDkI,Salt Lake City,UT
Accent It,http://www.accentitutah.com/,ChIJ4xR37RSLUocRsL0-FmypsHY,Salt Lake City,UT
Resin Guys LLC,,ChIJk0OfD2WLUocRU8_J48MgAaI,Salt Lake City,UT
Hamilton Flooring and Tile SLC,https://hamiltonfloor.com/,ChIJj2CC2UJJiygRhDlBIN6nRgI,Salt Lake City,UT
Snaplock Industries,https://www.snaplock.com/,ChIJ26tQ4l_zUocRDGzRRz4YItc,Salt Lake City,UT
BigFloors,http://bigfloors.com/,ChIJ_XrEA2DzUocRAR2S5vpi04c,Salt Lake City,UT
Unlimited Coatings,https://ultdcoatings.com/,ChIJ_-nCTcyLUocRNW_xO3YvNr0,Salt Lake City,UT
NxtGen Resins,,ChIJhT1binCLUocRGF5UZ3LAvPg,Salt Lake City,UT
Alta Paints & Coatings - Salt Lake City,https://altapaints.com/?utm_source=google&utm_medium=gbp&utm_campaign=saltlakecity,ChIJKxqBNfqKUocR_P8wYCMu7q0,Salt Lake City,UT
Quality Pro Coatings,http://qualityprocoatings.com/,ChIJy-LxOmtiUocRMThKcDXSCMA,Salt Lake City,UT
Complete Concrete Coatings,https://utahconcretecoating.com/,ChIJTz6qRXcDU4cR8dSTawvUAek,Salt Lake City,UT
M3 Concrete Coatings and Restoration,https://www.m3concretecoatings.com/,ChIJTUga38SMwocRNkYF7efy1Os,Salt Lake City,UT
Solid Garage Floor Coatings of Utah,https://www.utahgaragefloorcoatings.com/,ChIJpTkOTAsNU4cRlcFIe2u-r8Y,Salt Lake City,UT
Epoxy Genius,https://www.epoxygenius.com/?utm_campaign=gmb,ChIJceWu22mJUocRbri3WNsPB9w,Salt Lake City,UT
Refresh Floor Coatings,https://refreshfloorcoatings.com/about-us/,ChIJ__9PQH2HUocROjLuozpkWsk,Salt Lake City,UT
Grayfield Garage Coatings,http://www.grayfieldgaragecoatings.com/,ChIJX1qbTMSkZqkR5wUmpnjPxgg,Salt Lake City,UT
Steelcoated Floors South Valley,https://scfsouthvalley.com/,ChIJgVyBSj93ywER0ZuEkNMEEmk,Salt Lake City,UT
Professional Concrete Services,http://proconcreteutah.com/,ChIJ_7jbrYOJUocRxFcR-YHHtbs,Salt Lake City,UT
Barefoot Concrete Coatings,https://barefootconcretecoatings.com/,ChIJe11TRLCJUocR1y8-u4k8DBU,Salt Lake City,UT
MC Concrete Coatings LLC,https://www.mcconcretecoatings.com/,ChIJnbR2_kaFTYcR-UXfqSOzO84,Salt Lake City,UT
Summit Concrete Coatings,,ChIJBf4ytzH3UocRYNJJ-O7XKc8,Salt Lake City,UT
Caliber Concrete Coatings and Design,https://caliberconcretecoatings.com/,ChIJgxJcQFpkxagRKooYF1cxHwc,Salt Lake City,UT
"Mountainview Concrete Coatings, LLC",http://mvcoatings.com/,ChIJZU7Ox7r2UocRrY7_gaFyrsQ,Salt Lake City,UT
Concrete Color & Design,http://www.concretecoloranddesign.com/,ChIJNWQJs4aIUocRH0qlz9Wu7WE,Salt Lake City,UT
Intermountain Coatings,http://www.intermountaincoatings.com/,ChIJX8kSEDKKUocRBigr0vLeZeg,Salt Lake City,UT
Hermetic Coatings,https://www.hermeticcoatings.com/,ChIJaaz4sJgpLUcRuqux41llqRo,Salt Lake City,UT
Rose Concrete Coatings,https://radconcretecoatings.com/,ChIJVWP_9GZhUocR8RClprqfwlg,Salt Lake City,UT
Concrete Design Systems,http://concretedesignsystems.com/,ChIJVV7BRDWATYcRDNY68FLS5pk,Salt Lake City,UT
Alpha Concrete Coatings,,ChIJAQAQgt33UocRpHFllvoot0Y,Salt Lake City,UT
CDC Restoration & Construction LC,https://cdcrestoration.com/,ChIJLzmryEaKUocR3ZfPDuCCaZs,Salt Lake City,UT
Creative Concrete Solutions,http://www.utahconcrete.net/,ChIJs3mGisCJUocRtusQCjhAh1w,Salt Lake City,UT
Hard Rock Concrete Coatings,https://www.hardrockconcretecoatings.com/about-us/,ChIJAQAQv1gFUocRuCH5ZNHrMAs,Salt Lake City,UT
Coatings & Restoration,http://candrcoatingsllc.com/,ChIJ_____xv1UocRq298Y13oxsA,Salt Lake City,UT
KM and Sons Concrete Contractors,https://kmandsonsconcretecontractors.com/,ChIJgXrCmZn1UocR7oZt-tijTKc,Salt Lake City,UT
ProTech Coatings,http://www.protechcoatings.net/,ChIJP8GUBFOLUocRZKeIbRaPvz8,Salt Lake City,UT
Garage Force of OKC,https://okc.garageforce.com/,ChIJhUr-sa0fsocRJtjGF54nnZc,Oklahoma City,OK
2 Tom’s Epoxy Flooring,,ChIJ9ZB2wTEZsocRBl-zEq50fFs,Oklahoma City,OK
XPS Xpress - Oklahoma City Epoxy Floor Store,http://www.xpsxpressoklahomacity.com/?utm_campaign=gmb,ChIJXao6e-gZsocRJv-DsndEpMU,Oklahoma City,OK
Blue Shield Floor Coatings,http://www.blueshieldfloors.com/,ChIJz_4LVzAyzi4RCJdZ066GGdQ,Oklahoma City,OK
Elite Garage Floors,https://www.elitegaragefloors.net/,ChIJP7hxsvbGpgURfzIeVqF6Ywc,Oklahoma City,OK
MT Custom Coatings,http://mtcustomcoatings.com/,ChIJrz58OwX3sYcRatnjjNC8OFo,Oklahoma City,OK
ICS Concrete Coatings (OKC),https://www.icsconcretecoatings.com/,ChIJaVNthz8XsocReB-hhZ6uaqY,Oklahoma City,OK
"Quality Floor Company LLC,",https://qualityfloorcompany.com/,ChIJD1iGqdcbsocRxawVGFtQ6PE,Oklahoma City,OK
Sealwize of Oklahoma,https://sealwizeofoklahoma.com/,ChIJC1qrMx4fsocRK2lb6EZJjUQ,Oklahoma City,OK
Garage Innovations,https://garageinnovation.com/,ChIJnwY8_6obsocRhxI4vZRxzwY,Oklahoma City,OK
Moon Decorative Concrete,https://moondecorative.com/,ChIJXceOBOQZsocR2JgY5SD8X6g,Oklahoma City,OK
Epoxy Pros LLC,,ChIJUaRvfrI9socR3SnjCDIZS-Q,Oklahoma City,OK
"Ardor Solutions, LLC.",https://www.ardorsolutions.com/?utm_source=google&utm_medium=organic&utm_campaign=gmb-listing&y_source=1_MTUzOTcxMTMtNzE1LWxvY2F0aW9uLmdvb2dsZV93ZWJzaXRlX292ZXJyaWRl,ChIJ1V4NCwQVsocR_YaQNVflTP8,Oklahoma City,OK
Install Pros LLC,http://installprosok.com/,ChIJd0S1xR0fsocRNRtkZ6jVOHU,Oklahoma City,OK
Werm Flooring,http://www.wermflooring.com/,ChIJsWOloSwQsocR22Sa3yQ2W_A,Oklahoma City,OK
Garage Solutions,https://garage.solutions/,ChIJvzOcnslPtocRgt3POCNyTLI,Oklahoma City,OK
Accurate Concrete Coatings,http://accuratecoatings.net/,ChIJ-2bmXwnttocRxpD-6Nkw9i0,Oklahoma City,OK
Polished Concrete and Coatings,https://www.polishedconcreteandcoatings.com/,ChIJFVrx-iIXsocRMlcB1KZ3y3Y,Oklahoma City,OK
"MODERN COATINGS, LLC.",http://moderncoatingsok.com/,ChIJgx4XwooUsocR-Og_5LJRWjA,Oklahoma City,OK
OKCrete OKC Concrete Contractor,https://www.okcretesolutions.com/locations/oklahoma-city/,ChIJBX7dtij0giQRdeZYuNsj2NU,Oklahoma City,OK
Owens Concrete Staining LLC,https://www.owensconcretestaining.com/,ChIJWVn7iQE_socRh_6aqI19AII,Oklahoma City,OK
"Alex's Construction Co, Llc",https://alexsconstruction.com/?utm_source=local&utm_medium=organic&utm_campaign=gbp,ChIJ61xAC4MbsocRxhdw3VZsqzE,Oklahoma City,OK
JK Industries,http://www.jkirestoration.com/,ChIJBQAlCOiKsYcR_mxky0NqGAo,Oklahoma City,OK
OKC Discount Concrete,https://concrete-okc.com/,ChIJI1psdhQbsocRx9talyQVQ_A,Oklahoma City,OK
Decorative Concrete of Oklahoma,http://www.decorativeconcreteofoklahoma.com/,ChIJU1SpR1Zlq4cRqQGjO9JH1sM,Oklahoma City,OK
Richard's Custom Concrete,http://www.richardscustomconcrete.com/,ChIJo4SioVoWsocR35bSxkOzdzk,Oklahoma City,OK
Innovative Concrete Solutions,https://icsokc.com/,ChIJY9QEpVwWsocRbbUYOGy8UVM,Oklahoma City,OK
Affordable Coating Solutions,https://www.affordablecoatingsolution.com/,ChIJAbj5VBEUsocRLunwUCzVOfM,Oklahoma City,OK
Advanced Concrete Designs,https://advancedconcretedesignsok.com/,ChIJ473b9GYZsocRxdt0pWAPYj4,Oklahoma City,OK
Lucky's Concrete,http://luckysconcreteokc.com/?utm_source=google&utm_medium=local&utm_campaign=gbp,ChIJuUsQ-sIRsocRd-OYjiVlNWc,Oklahoma City,OK
Kenzies Coatings epoxy and decorative concrete,,ChIJ-X6dGcwVsocR6_BvplaLEQg,Oklahoma City,OK
Precision Floor Coatings,https://www.precisionfloorcoatingsnc.com/,ChIJuadPhp4IuwAR6XU4rxOgPYQ,Raleigh,NC
Garage Force of Raleigh,http://www.raleigh.garageforce.com/,ChIJX17GN7phrIkR5wHqt9B_Ch4,Raleigh,NC
United Floor Coatings - Raleigh,https://www.unitedfloorcoatingsraleigh.com/,ChIJKeTe515frIkRHAUOrHQN5W8,Raleigh,NC
Triangle Superior Wallsystem and Epoxy,https://www.trianglesuperiorwallsandepoxy.com/,ChIJ6U-O1s9XrIkR7_DpZQ0h5Bo,Raleigh,NC
Epoxy Flooring,https://www.epoxyflooringraleigh.com/get-in-touch/,ChIJf3Yc6k1frIkR8VhS9pbgU7E,Raleigh,NC
"Uhl Stonework & Epoxy Floors, LLC.",http://www.uhlstonework.com/,ChIJ_dsESjGIrIkRdkJjpzZIJBQ,Raleigh,NC
EYP Creative Concrete Coatings,https://www.eypcreativeconcretecoatings.com/,ChIJd4KS6173rIkRtCyqpS8rwls,Raleigh,NC
Triangle Epoxy Floors,http://www.triangleepoxy.com/,ChIJ__8rHl1grIkRjGVukP8T638,Raleigh,NC
Southeast Epoxy,https://www.southeastepoxyfloors.com/,ChIJ7QQeFuVrAIkR-aHexpkwjZE,Raleigh,NC
919Epoxy,https://www.919epoxy.com/,ChIJgfkmFY1frIkR-s2mLDnhFps,Raleigh,NC
Concrete Conversions,https://myconcreteconversions.com/,ChIJKzwQeoVZrIkR1w2QldpHqoU,Raleigh,NC
P&W Renovations and Design,https://www.pwrenovations.com/,ChIJa8KigYleoWARDUaU3HYSo1M,Raleigh,NC
ProShield Surface Coatings,https://www.proshieldsurfacecoatings.com/,ChIJhRog170HsIYRS7zn7hr4Ds0,Raleigh,NC
Maxzon Flooring,,ChIJAQCQgLb3rIkRQ5rzAcZuUrE,Raleigh,NC
Summit Industrial Flooring,https://sumind.com/raleigh-nc/,ChIJfa1L_alQrIkRBx88krtFFPk,Raleigh,NC
"FloorChem, Inc",https://www.floorchem.com/,ChIJi7WfwUX0rIkR9RVAEtZvPIM,Raleigh,NC
Garage Gladiators,https://garagegladiatorsnc.com/,ChIJY2ivJXBjrIkRqjurWNcTSAE,Raleigh,NC
Fortress Floor Coatings Carolina,https://fortressfcc.com/,ChIJOURdAKRXrIkROzcGNk0g85M,Raleigh,NC
Cransten,https://cransten.com/raleighhandymanandremodeling,ChIJ0xNnYZJfrIkRo2TC0wYnA5s,Raleigh,NC
Gemstone Coating,https://gemstonecoating.com/,ChIJExuF52tZrIkRaHLLr2rV5xE,Raleigh,NC
Advanced Concrete Coatings,http://www.coverconcrete.com/,ChIJV7aHvbRRrIkRw64qM-x2M30,Raleigh,NC
Sundek of North Carolina,https://www.sundeknc.com/?utm_source=google&utm_medium=organic&utm_campaign=gmb,ChIJC_hzo9RRrIkRYloCdzjhSAc,Raleigh,NC
"Concrete Transformations, Inc",http://www.transformmyconcrete.com/,ChIJIWLozJRZrIkRuFax9JZZIak,Raleigh,NC
Choice Concrete Coating,http://www.choiceconcretecoating.com/,ChIJ110FJ5wOqQgROKJmMuiCa_o,Raleigh,NC
Carolina Concrete Coatings,https://www.concretenetwork.com/contractor/carolina-concrete-coatings-raleigh-durham-nc_104482/,ChIJyYaYNCEDrYkRT0D-6-apKkE,Raleigh,NC
GQ Concrete,https://concretesupplycarolina.com/,ChIJMXZqHOpZrIkRJye_f0ZSDas,Raleigh,NC
Barbare's Concrete Company,http://www.barbaresconcrete.com/,ChIJodVdo0v4rIkROyO5qSA47TM,Raleigh,NC
Parral Concrete LLC,https://parralconcretenc.com/,ChIJC4xVvQiLrIkR8YSEaXvstfU,Raleigh,NC
Dynamic Concrete Solutions,http://dynamicconcretesolutions.com/,ChIJze9AX9yTrIkRjuQ7ZU6Mris,Raleigh,NC
RGPACK CONCRETE,http://rgpackconcrete.com/,ChIJxxoUBrxXrIkRmsHCZtc6ax8,Raleigh,NC
Advance Concrete LLC,http://www.advance-concrete.com/,ChIJyXKzn7XCrokRSmCjZ7kbEaM,Raleigh,NC
Anderson Painting,https://www.andersonpaintingnc.com/,ChIJtYBYAtf1rIkRtky61a1C5zw,Raleigh,NC
CDG FLOORING,http://cdgflooring.com/,ChIJxVBx4T7Ab6UR5R4shuOFO2Q,Raleigh,NC
Art By Resin,https://art-by-resin.com/,ChIJgWLl_LL_DogR4nhM2WMPc8Y,Aurora,IL
Floorguard,https://floorguard.com/?utm_source=google&utm_medium=organic&utm_campaign=gmb,ChIJGcdmb1HlDogRnjRGb0HvH2c,Aurora,IL
Magic Poxy,http://magicpoxy.com/,ChIJhQsviV8FD4gRi98JpNyosOc,Aurora,IL
Floor Coatings Group,https://floorcoatingsgroup.com/,ChIJ3QljQWSnDogR4SWutNZEJ_s,Aurora,IL
Mirage Floor Coatings and Treatments,https://miragefloorcoatings.com/,ChIJlRVJPaYWNqMRPYy8GEhXaP0,Aurora,IL
Razor Rock Concrete Coatings,,ChIJpV0XEmzvDogRc1bW3mUx3ms,Aurora,IL
Next Level Concrete LLC,,ChIJVWHfQFPvDogRtg1rr1V1ZcU,Aurora,IL
Art In Concrete,https://artinconcretellc.com/,ChIJLSQiUiesXIERwmxs-riSBys,Aurora,IL
Custom Concrete Coatings Inc,,ChIJ2Z7r-3ldDogRwYEX77wVJa8,Aurora,IL
Gonzo's Concrete,https://gonzos-concrete.com/,ChIJEzXjhPeMEEwRHpiPCCYOw8w,Aurora,IL
RP Concrete Design Inc,https://rpconcretedesign.com/,ChIJr7ShbK_7DogRuuwZzIcFr6M,Aurora,IL
Cleveland Epoxy & Coating Pros,https://www.clevelandepoxyflooring.com/,ChIJeyEfGzPxMIgR3_Dvrj_GyWE,Cleveland,OH
That Epoxy Guy,https://www.thatepoxyguy.com/,ChIJW82Ne_mpS4MROllPaSuO8ro,Cleveland,OH
Cleveland Concrete Coatings,https://clevelandconcretecoatings.com/?utm_source=google&utm_medium=organic&utm_campaign=gbp_listing&utm_content=website_button,ChIJ5T0P56uONK0Ri-0pE4M5Fbs,Cleveland,OH
True Shield Experts – Epoxy Flooring & Garage Coatings,https://www.tsecoating.com/,ChIJQzLMJMgxPo4RO9Bf_nAuftw,Cleveland,OH
Proactive Floor Coatings & Epoxy Floors,http://www.proactivefloorcoatings.com/,ChIJSZOK22X4IAIR53MOwsy3y-U,Cleveland,OH
Classic Concrete Coatings,https://classic-concrete-coatings.com/,ChIJNQ28UTwrs40RjqFuXz3ZquE,Cleveland,OH
"Professional Choice Floor, Tile & Epoxy Services of Lorain",https://loraincountyflooring.com/,ChIJEbDKt_WZMIgRUkshHXZp2no,Cleveland,OH
Infinite Designs Flooring Solutions,https://www.infinitedesignspro.com/,ChIJ__9GavOnMIgRHGq9bQzx0Vo,Cleveland,OH
Forte Garage Floor Coating,https://www.fortegaragefloorcoating.com/,ChIJMTptAa8yMYgR1HbyOlsFxm8,Cleveland,OH
Rio Flooring Systems Inc.,https://www.riofloor.com/,ChIJq6rq6F36MIgRbecpqzdu5v4,Cleveland,OH
"Superior Floor Coatings, LLC",https://superiorfloorcoatingsohio.com/,ChIJKaj-Wj0YN4gResnZ3HYguN0,Cleveland,OH
Savage Surfaces,https://www.savagesurfaces.net/,ChIJHbsjPLpFkmURK_8CYKzazPE,Cleveland,OH
D2 Innovations,https://www.d2-innovations.com/,ChIJfXYcmmabMIgR3u8_sZP-9mg,Cleveland,OH
"Cheetah Floor Systems, Inc.",https://www.cheetahfloorsystems.com/,ChIJVxcMHqbpMIgR8UhO5Ygodfk,Cleveland,OH
Encore Garage Ohio - Akron,http://encoregarageohio.com/,ChIJ7Qsici_YMIgRACnhPdw7V1Y,Cleveland,OH
Fantastic Floors by Miller Custom Exteriors,https://fantasticfloors.net/,ChIJ5bGg435rN4gRQHWtJwse2HI,Cleveland,OH
Clean Custom Concrete LLC,https://cleancustomconcrete.com/,ChIJ-Z_BPeWOBKwRjn0tGCrrAt8,Cleveland,OH
Aristo-Crete LLC,http://www.aristo-crete.com/,ChIJPTDxRYaxO4gRV_x2fW22KXg,Cleveland,OH
Alexander Concrete Coatings LLC,https://alexanderconcretecoatings.com/,ChIJL-rim8HjM4gRA53rLVQU3HU,Cleveland,OH
SBR Concrete Polishing INC.,http://www.sbrconcrete.com/,ChIJ80479nodMYgRmOwL4u0U31Q,Cleveland,OH
Green Bee Epoxy &Polished Concrete,https://www.greenbeecoatings.com/,ChIJq6raxTNBOogRG75cVkJgjU0,Cleveland,OH
J&P Coatings,https://www.jandpcoatings.com/about-us/,ChIJBwhleXl0MYgRxl_8396GicE,Cleveland,OH
Walkway Restoration Inc,https://www.walkwayrestoration.com/,ChIJexqu7AvvMIgRnVlnv2ofikA,Cleveland,OH
Deco-Crete Supply,https://www.decorativeconcretecleveland.com/,ChIJvRV9OF_kMIgRtxb4GZEok58,Cleveland,OH
K&B Concrete Coatings,https://kbconcreteltd.com/,ChIJyTfLdilL8qgRko6sCWmJKnw,Cleveland,OH
Beltran Concrete Polishing & Epoxy Flooring Solutions,http://www.beltranconcretesolutions.com/,ChIJY700b2x5PIgRr5sFiWb4dZM,Cleveland,OH
Pro Concrete & Construction,https://www.proconcreteofavon.com/,ChIJ74fJR69SViUR9PopjCA89Dw,Cleveland,OH
Level Man Concrete Leveling,https://ohiolevelman.com/,ChIJy2yMTw91OogRE4BnCwChnBs,Cleveland,OH
Memphis Coatings Company,https://memphiscoatingscompany.com/,ChIJbZ1UnwGbf4gRDZn76iIhCEk,Memphis,TN
Industrial Applications - Epoxy Flooring & Polished Concrete Contractor,http://www.iasolutions.com/,ChIJueWPXImPf4gR8X84uG6LCwY,Memphis,TN
Deas Garage Floors,https://www.deasgaragefloors.com/?utm_source=gmb,ChIJBxHOBjILf4gRKTeD-vjpe40,Memphis,TN
DecoCrete Coatings,https://www.deco-creteinc.com/,ChIJC7hV6QCbf4gR1AqYJlb2c54,Memphis,TN
Floorcrafters hardwood and Epoxy Memphis,http://www.floorcraftersmemphis.com/,ChIJszRlntaDf4gRDAhD1_bhX7E,Memphis,TN
"Concrete Pro Coatings, LLC",https://concreteprocoatings.com/,ChIJYY6cUuWdf4gRisGMmq6fEh0,Memphis,TN
TSS Supply - Epoxy Flooring Products and Polished Concrete Contractor Products,https://tsssupply.com/,ChIJkyi0tH5-1YcRTI-z3eMfOPU,Memphis,TN
MSEPOXY Epoxy Flooring,http://www.msepoxy.com/,ChIJrSax8OjJKYYR1BJPDHxhXTA,Memphis,TN
IPOXI Floors,http://www.ipoxifloors.com/,ChIJOwn6OqCdf4gRRwM_wiPVx_E,Memphis,TN
Max Floor Specialists,https://maxfloorspecialist.net/,ChIJZ7EXvmhj1YcRC58944RToz8,Memphis,TN
B & B Floors Inc,http://bandbfloors.com/,ChIJoS5WOHmFf4gR_Ligmk_3_Vo,Memphis,TN
Mid South Flooring LLC,http://midsouthflooring.com/,ChIJZ2EbI4ILf4gRH_1aYP-C35w,Memphis,TN
Vincraft Industrial Floor Care,http://vincraftindustrial.com/,ChIJueWPXImPf4gRd2Ms0xX_sNs,Memphis,TN
Thermal Corrosion Solutions LLC,https://thermalcorrosionsolutions.com/,ChIJ054HQNGPf4gRk8ODElu0w4w,Memphis,TN
Memphis Garage & Closets,https://www.garageandclosets.com/lakeland-tn?utm_source=gmb,ChIJZdG4Liief4gRHirhw-q89P0,Memphis,TN
"Hudson Concrete Solutions, LLC",http://hudsonconcretesolutions.com/Contact.html,ChIJeywN_RWBf4gRRtaT4a7mvro,Memphis,TN
Baltz & Sons Concrete,http://baltzconcrete.com/,ChIJJz3WOF-ff4gR4OVRa7MwY8g,Memphis,TN
901 Castor Concrete Services,https://castorconcrete.com/,ChIJRdxu2UDPPiMRhyPprqdSiLQ,Memphis,TN
Dalton Concrete Memphis,https://memphis.daltonconcrete.com/,ChIJ_f-3Nm1sTmQRrBl8yQ8n23k,Memphis,TN
Ts Concrete Contractors,,ChIJL6ruQqmBf4gRtbOQ3bWCSS8,Memphis,TN
K Concrete Coatings,http://kconcretecoatings.com/,ChIJH4R5nsDSL4cRB2nfIiOueTE,Memphis,TN
East Tennessee Concrete Color Coating,http://fantasticconcretefinishes.com/,ChIJj-rIU98qXIgRgpgA_jUWgCY,Memphis,TN
"BHS Concrete, LLC",http://bhsconcrete.com/,ChIJA9d6--ODf4gR0Cy1yy9yomA,Memphis,TN
Cancino Concrete,https://www.cancinoconcretepros.com/,ChIJMQlLOwB5f4gR0I1plJ4rzpQ,Memphis,TN
SE Memphis Magnificent Concrete,,ChIJ1RXJj2ibf4gRBQAxr8CeuPw,Memphis,TN
DFX Foundation & Waterproofing Experts,https://dfxrepair.com/memphis-tn/?utm_source=google_maps&utm_medium=organic&utm_campaign=memphis_gbp,ChIJ53Gcj9u_f4gRbMY3qM8rXZ0,Memphis,TN
Legendary Concrete,https://www.legendaryshine.net/,ChIJ9TzD-MH3Y4gRT0iMqWmpFso,Memphis,TN
901 Asphalt Maintenance LLC,https://901asphaltmaintenance.com/,ChIJVVUljpaA1YcRbaQoIrRmTQI,Memphis,TN
Bluff City Concrete,https://bluffcityconcretellc.com/,ChIJMVRA2hiDf4gRphS7jvMvNv8,Memphis,TN
North Florida Epoxy Floors,https://northfloridaepoxyfloors.com/,ChIJwzyWiXjP5YgRR_xEPNlijtg,Jacksonville,FL
Garage Kings LLC,https://garagekingsfl.com/,ChIJHxNBG_3N5YgR_z11P-tWMag,Jacksonville,FL
Jacksonville Epoxy,http://www.jacksonvilleepoxy.com/,ChIJnboaBYBYIowRLjKlqfD3bio,Jacksonville,FL
Custom Floor Coatings LLC,http://www.floorcoatingfl.com/,ChIJkQLUusIp5IgR0zZss8mVZfc,Jacksonville,FL
It’s Epoxy Supply & Design,https://itsepoxysurface.com/,ChIJbTEp28a35YgRApMXi8yxdsE,Jacksonville,FL
Floor Grip Medic LLC Concrete Coatings,https://floorgripmedic.com/,ChIJjxrDxjXL5YgRo6-IK75D1n0,Jacksonville,FL
Checkmate Coatings,https://checkmatecoatings.com/?utm_campaign=gmb&utm_source=gmb,ChIJpXGonxa55YgRyoQ2tVUrqpQ,Jacksonville,FL
JAX Epoxy Floors (Residential Flake Floors and Concrete Polishing),https://jaxepoxyfloors.com/,ChIJjVQN1mIv5IgRxFxGIIsUxu4,Jacksonville,FL
Matt’s Decorative Flooring,http://www.mattdecofloor.com/,ChIJR8ZIg0Az5IgRIKhDmh9nS4Y,Jacksonville,FL
King Concrete Coatings,https://king-concrete-coatings.org/,ChIJD4YiEJnJ5YgRY_USIid2w9U,Jacksonville,FL
Elite Epoxy Flooring,https://eliteepoxyflooring.com/,ChIJvzHYLOD574gR6Ryzy9DMhU4,Jacksonville,FL
Great American Epoxy Floors,http://www.greatamericanepoxyfloors.com/,ChIJMyG2ii6gxqYRq2iwa6R7XLo,Jacksonville,FL
EPOXY FLOOR COATING USA LLC,https://epoxyfloorcoatings.net/,ChIJj6UkBDGP3YgRHbq9-smu36I,Jacksonville,FL
Beaudry and Son Epoxy Flooring,http://www.beaudryandsonepoxyflooring.com/,ChIJfXfhXk7L6IgRhCJ-4DEM7_g,Jacksonville,FL
AI Coating | Advance Industrial Coatings,https://www.aicoat.com/?utm_source=google&utm_medium=gmb&utm_term=website,ChIJR6BsRzu25YgRNe2IXLMY1sI,Jacksonville,FL
Epoxyjax LLC,,ChIJ67hP75V2mgoR5bWD08h4Bjg,Jacksonville,FL
EZ Garage Solutions,https://www.ezgaragesolutions.com/,ChIJD8owepwy5IgRJ2_Po4-CAjI,Jacksonville,FL
Epoxy Flooring,https://www.epoxyfloorjacksonville.com/contact-us,ChIJq6rGXUbB5YgRjtnwbUJtNGw,Jacksonville,FL
Poly Shield Coatings,https://polyshieldcoatings.com/,ChIJG4Lhqp_L5YgRWDIN-ZCFLVo,Jacksonville,FL
Jax Surface Pros,http://www.jaxsp.com/,ChIJr9GgZp9J5IgR97sOdQKWF8g,Jacksonville,FL
Brightway Coatings,https://concretecoatingsjax.com/,ChIJXZ08Q9yPzoMR5ubAw4Lvxto,Jacksonville,FL
Bullard Garage Coatings,https://bullardcoatings.com/,ChIJXwG88p235YgRcrY8mRK79go,Jacksonville,FL
Flagler Concrete Coatings,https://www.flaglerconcretecoatings.com/,ChIJt5B3uqyv5YgRs9x4H-GYNgU,Jacksonville,FL
Armored Coatings INC,https://armoredcoatingsinc.com/,ChIJe9S74zLp5YgR5Ne-Y4SpHEA,Jacksonville,FL
Creative Epoxy and Concrete Coating,https://creativeepoxyandconcretecoatingllc.com/,ChIJV0vU1JIl74gR9UhykeZ5d84,Jacksonville,FL
LCE Concrete Contractor Jacksonville,https://lceconcretecontractorjacksonville.com/,ChIJaWVoWx4tW4YRRmJfyp1hHoo,Jacksonville,FL
N.FL.Concrete Flooring & Staining Inc,http://www.nflconcreteflooring.com/,ChIJXcoc6BNL5IgRJ9OP0elGJzk,Jacksonville,FL
Chhem Coatings,https://chhemcoatings.com/,ChIJsR7hzaDB5YgRLbREx7fvcrE,Jacksonville,FL
Tampa Epoxy,http://www.tampa-epoxy.com/,ChIJxyj3paQt3YgRsf7V8hDDpAo,Tampa,FL
DiamondShield Epoxy Floor Coatings,https://diamondshieldepoxys.com/,ChIJHVPPahxo2IYRyFIPM19GX2o,Tampa,FL
Performance Floors & Coating,https://performancefloorsandcoating.com/,ChIJ4xWkJv7KSKkRpYAup3WSK4E,Tampa,FL
Premier Epoxy,https://premierepoxytampa.com/,ChIJs8Si23PTwogRLjza9EI9VCk,Tampa,FL
"Dynamic Floor Coatings, LLC",https://www.dynamicfloorcoating.com/,ChIJW0FVt1_DwogRWaeC-0_3XRg,Tampa,FL
Garage Doctors | Tampa Epoxy Flooring,https://www.garagedoctors.com/,ChIJaRudyZLHwogRJYKmu3QgB5k,Tampa,FL
Alanis Epoxy Solutions LLC,https://alanisepoxy.com/,ChIJFeiRvCLPwogRsE9z_QH_zyU,Tampa,FL
Tampa Bay Concrete Coatings | Epoxy Flooring & Polished Concrete,http://www.tampabayconcretecoatings.com/,ChIJdfulC-NsBI8RQ12Is7Zg9Io,Tampa,FL
Gulf Coast Epoxy LLC,http://gulfcoastepoxycoatings.com/,ChIJDbbpzUT9wogRZ4JPH3TxPCo,Tampa,FL
Tampa Epoxy Supplies,https://tampaepoxysupplies.com/,ChIJx30878DHwogRMJNrXiBLsZY,Tampa,FL
XPS Xpress - Tampa Epoxy Floor Store,https://xpsxpresstampa.com/?utm_campaign=gmb,ChIJMVTddQLBwogR8rIv_4DZTKE,Tampa,FL
Tru Grit Coatings Epoxy Flooring,http://www.trugritgarageflooring.com/,ChIJLX-_Lh463YgRfIa7aW_uC50,Tampa,FL
Epoxy School of Tampa,https://www.epoxyschooloftampa.com/,ChIJE3PA8JzHwogRgPhPlEnnptA,Tampa,FL
Restore Custom Coatings,https://restorecustomcoatings.com/,ChIJn-1Vy2Yp5ogREvxFBMuQuuc,Tampa,FL
Van Delta Epoxy Floors,http://vandeltafloors.com/,ChIJKSXYEJ96uagRHG23Mu7hyq8,Tampa,FL
Tampa Bay Concrete Polishing & Concrete Coatings | Polished Concrete & Epoxy Floors,http://concretecoatingsflorida.com/,ChIJmyDjPGzFwogRGpSTn_ZBues,Tampa,FL
Tom Wilson Epoxy,,ChIJn815egmVwogRa0GnpO-0Gg4,Tampa,FL
Eternal Epoxy,,ChIJy2k5jKHBwogReki5O5QMEys,Tampa,FL
Ox Floors,http://www.oxfloors.com/,ChIJ9zVsbwvPwogRyjILUVPhghY,Tampa,FL
Shoreline Shine Epoxy,https://shorelineshineepoxy.com/,ChIJ_QRxfk_pwogRgUomVZ9egns,Tampa,FL
Trademark Garage Floors,https://www.trademarkgaragefloors.com/,ChIJAAAAAAAAAAARky5SkrUk6mc,Tampa,FL
Integrity Concrete Coatings,https://integrityconcretecoatingsfl.com/,ChIJWcLBFwvFwogR6g2K1-zlhZQ,Tampa,FL
Firehouse Floors Tampa Bay- Epoxy Coating Specialists,http://epoxyfloorstampabay.com/,ChIJzfGcJvkfw4gRFlMWqMkncek,Tampa,FL
Paradise Garage Floors,http://www.paradisegaragefloors.com/,ChIJ558wHNkOuicR_39rt6Tc-4g,Tampa,FL
Tampa Bay Concrete Polishing & Concrete Coatings | Polished Concrete & Epoxy Floors,https://www.concretepolishflorida.com/,ChIJGYav9qTdwogRm5sENZ7gZ3A,Tampa,FL
Florida Concrete Coating,https://flconcretecoating.com/,ChIJeSqWoYHhWiwRV00U8GEm9ZA,Tampa,FL
Lakeland Concrete Polishing & Concrete Coatings | Polished Concrete & Epoxy Floors,http://lakelandpolishandepoxy.com/,ChIJgwQCtQ053YgRQy_rjBEPME4,Tampa,FL
Superior Concrete Coating,https://superiorconcretecoating.com/?utm_source=gmb,ChIJY_VquW33vUkR50ue0GPZt0I,Tampa,FL
Suncoast Floor Coatings,https://suncoastfloorcoatings.com/,ChIJBdjewR-kSi4Rq682x8HVFug,Tampa,FL
Hard Architectural Finishes,https://www.hafconcrete.com/,ChIJWa-cCkGdi2ERx0PylGNx2QI,Tampa,FL
Supreme Concrete Coatings,https://www.supremeconcretecoatings.com/,ChIJ_T7BARjBwogRewYZcgLLVm4,Tampa,FL
"Clearwater Epoxy Flooring, Concrete Pool Deck Coatings & Resurfacing",https://www.palmharborepoxyflooring.com/clearwater.html,ChIJB4Wviaj7wogR5Pfb25qYJVE,Tampa,FL
Premier Floors Custom Concrete Coatings LLC,https://premierfloorsfl.com/,ChIJebhpRzWr3IgRlTof15wkvOY,Tampa,FL
Quikcoat Concrete Coatings LLC,https://www.quikcoatconcretecoatings.net/,ChIJ97zUyYf7wogRFvirCxoB8xw,Tampa,FL
DecoCrete Services,https://decocreteservices.com/?utm_source=google&utm_medium=organic&utm_campaign=gbp_listing,ChIJVdnTWqtBw4gRPSm1LwiP97w,Tampa,FL
Designer Concrete Coatings,,ChIJdaF70CxH3YgRulNeplq3KgA,Tampa,FL
Garage Floor Coating of Nashville,https://www.garagefloorcoatingofnashville.com/,ChIJA8n7Xk9iZIgRCsSzVzfE_sE,Nashville,TN
"Specialty Coatings, Inc.",https://specialtycoat.com/,ChIJb3OWC_Z5ZIgRDbu6whQPp-0,Nashville,TN
Best Tech Coatings,https://besttechcoatings.com/,ChIJeS__vfpwZIgRtqbK3HKWCd8,Nashville,TN
Epoxy Depot Nashville,https://epoxydepotnashville.com/,ChIJwTkiXDJlZIgRvDgs9VCQG94,Nashville,TN
My Garage Floor Guys,https://mygaragefloorguys.com/,ChIJV_YPtKiBZIgRxmYnRUSdvmo,Nashville,TN
Resinous Flooring Supply Southeast,https://rfsepoxyflooringnashville.com/?utm_source=Google&utm_medium=GMB&utm_campaign=maps,ChIJd47WbAF5Y4gROrwjIZZ8a6o,Nashville,TN
Titans Epoxy Flooring LLC,https://www.titansepoxyflooring.com/,ChIJv8q4bQAfZIgRZRC65DZME1s,Nashville,TN
XPS Xpress - Nashville Epoxy Floor Store,http://www.xpsxpressnashville.com/?utm_campaign=gmb,ChIJG2w9J01vZIgRmwsmpWGp7gw,Nashville,TN
Garage Floorz,http://www.garagefloorz.com/,ChIJOc652ZkPZIgRJk_S48mvTZc,Nashville,TN
TKO Concrete Coatings,https://tkoconcrete.com/,ChIJmbioentmZIgRJOsx8WkeO5Y,Nashville,TN
"Everlast Epoxy Systems, Inc.",https://www.everlastepoxy.com/,ChIJRY3L5wA774gRRGgqkq87zjs,Nashville,TN
Tuff Dog Coatings,https://www.tuffdogcoatings.com/,ChIJ_YmxWchnZIgRUK7FNhsC024,Nashville,TN
JBA Concrete Solutions,https://www.jbaconcretesolutions.com/,ChIJHY_6ritpZIgRDXA5Kw9cfZg,Nashville,TN
Maverick Concrete Coatings,https://maverickcctn.com/,ChIJ93U-2q48eG8RYZaIRwXZRr4,Nashville,TN
OCS Concrete Solutions,https://www.ocsconcretesolutions.com/,ChIJ48PhwBUig6MR3fKfJ--jOZA,Nashville,TN
Elite Floor Solutions,https://www.elitefloorsolutions.com/?utm_source=gmb,ChIJeR7MZdf4lCkRJhWcKReW5xE,Nashville,TN
Nikka Corp,http://nikkacorp.com/,ChIJIeJp-xBnZIgR-vwqSRikbic,Nashville,TN
Lux Concrete Coatings,https://www.luxconcretecoatings.com/,ChIJTX9BM2X15a4RJwuXmnN0ytY,Nashville,TN
Willow Flooring,https://willow-flooring.com/,ChIJdbUlCvEAdSIR4YVeGwBA2YE,Nashville,TN
"Leaf Home Garage Flooring, LLC",https://www.leafhomegarageflooring.com/,ChIJu-Of0U75Y4gR-6wjnN1pPmE,Nashville,TN
Premier Concrete Polishing and Coatings,http://www.polishtn.com/,ChIJs4px4yxhZIgRKT_eQ9cukPk,Nashville,TN
TGG Garage,https://www.tgggarage.com/,ChIJQQHi7TWdY4gR8jJ_fdBAPYc,Nashville,TN
Superior Garage,,ChIJFSpPVgTvra8RP-po_l4xNGE,Nashville,TN
Garage Floor Masters of Knoxville,https://www.tennesseegaragefloorcoatings.com/,ChIJoVXkq1M7XIgRwE-1btD7xx4,Nashville,TN
Armour Coatings Epoxy Garage Flooring,http://www.armourcoatings.us/,ChIJq5cgwqpgCyAR8Lhio-lpG6o,Nashville,TN
Pacific Concrete Resurfacing Corp.,https://www.pacificconcreteresurfacing.com/,ChIJ42HAk0BwZIgRFhlFBfiUs94,Nashville,TN
Sundek of Nashville,https://www.sundeknashville.com/,ChIJrW5RNc9BZIgRrbGHpd0izx8,Nashville,TN
"Tennessee Sky Concrete, LLC",http://tennesseeskyconcrete.com/,ChIJfZEzLecllqcRkq9FJLHI5Hc,Nashville,TN
Clemons Concrete Coatings,http://www.ccc-usa.com/,ChIJFTs8yZJoZIgRkCG1cFNi5S4,Nashville,TN
Creative Concrete Solutions,https://creativeconcretetn.com/,ChIJBYwsJjv2Y4gRblvlL097Bc8,Nashville,TN
Custom Concrete Coatings,,ChIJc1kXRbbZZIgRx83TQQTlHHA,Nashville,TN
Kingdom Come Concrete LLC,https://www.kingdomcomeconcrete.com/,ChIJW4bnObTzsosRzzNBnz-29w0,Nashville,TN
Signature Epoxy Floors,https://signatureepoxyfloors.com/,ChIJeWIX-BP_CUoRdnMVmvK6SCI,Fort Worth,TX
Fortress Floors DFW,http://fortressfloorsdfw.com/,ChIJjVy_pfXXTYYRPHef3Y2TM0I,Fort Worth,TX
Firehouse Garage,https://www.fhgarage.com/garage-floor-coatings/,ChIJKyqsI1zdTYYR16IF3KVCJBY,Fort Worth,TX
Custom Epoxy Surfacing,http://www.customepoxysurfacing.com/,ChIJdyiaAJTrToYRZD2IkqqGROo,Fort Worth,TX
"Distinctive Concrete Concepts dba DCConceptsDFW,LLC",https://dccsurfacesolutions.com/,ChIJcSF8n2bcTYYRPpeW8b6F3Iw,Fort Worth,TX
Texas Garage Floor Coating | FW,http://www.shieldepoxyflooringpro.net/garage-floor-fort-worth,ChIJ7wpHTFx3ToYRwGB1UC95nP8,Fort Worth,TX
Titan Garage Floors DFW,http://titangaragefloorsdfw.com/,ChIJJwqy1T5xToYROHAAqrHk2EU,Fort Worth,TX
DFW Polyaspartic Coatings,,ChIJOzUPaBMLToYR-608M-Adfws,Fort Worth,TX
Rock Hard Concrete Coatings,http://www.rhconcretecoatings.com/,ChIJXVbwL8h_ToYRnwG12YcUp-4,Fort Worth,TX
Epoxy-King.com,https://epoxy-king.com/,ChIJlTci0EjpW0cRQSbHrKdL-hM,Fort Worth,TX
Concrete Pro Supply - Decorative Concrete Supply,http://www.concreteprosupply.com/,ChIJAWZrBPNvToYRkpSl6bgYu_U,Fort Worth,TX
Smallcrete,https://www.smallcrete.rocks/,ChIJ-d7yLQbXTYYRUyaUjG9EioA,Fort Worth,TX
Lucky’s Concrete,https://luckysconcretefortworth.com/?utm_source=google&utm_medium=local&utm_campaign=gbp,ChIJ2bkQxylyToYRFDqBddN3JfA,Fort Worth,TX
"Allied Concrete Systems, LLC",http://www.alliedconcretesystems.com/,ChIJSxkcGwdjToYRGveCSvBS90w,Fort Worth,TX
Industrial Flooring Technologies - Epoxy Floors CT,http://www.industrialfloortech.com/,ChIJQR6GZLva54kR0oyIL-IzT7Y,Bridgeport,CT
Epoxymize,https://www.epoxymize.com/,ChIJ3c2mkdCoaS0R7M493fs7E34,Bridgeport,CT
American Poly Concrete Floor Refinishing,http://americanpolyfloor.com/?utm_source=google&utm_medium=gmb&utm_campaign=seo,ChIJo0FRK0Fv5okRECbj39TefuU,Bridgeport,CT
CMK Coatings Corp,https://cmkcoatings.com/,ChIJEbCPeZcN6IkRNAsoWTWSu3E,Bridgeport,CT
Global Garage Flooring & Design,https://globalgarageflooring.com/?utm_source=google&utm_medium=organic&utm_campaign=gbp-listing,ChIJs4uK5PzH54kRJgPH1aL7hb0,Bridgeport,CT
Better Way Painting & Flooring LLC,http://betterwaypaintingandflooring.com/,ChIJM2-GlMIO6IkRz0BFI2okggc,Bridgeport,CT
Everlast Industrial Flooring,http://www.everlastflooringct.com/,ChIJIbyl0-qy54kRFGEVRrMEk2c,Bridgeport,CT
C&A Wood Floors and paintings,http://www.cawoodfloorsllc.com/,ChIJ_6lPIiu2loIRgCo6YJKHAAk,Bridgeport,CT
Lotus Wood Flooring,https://lotuswoodflooring.com/,ChIJCSms6_kP6IkRuwBOGH7TfY0,Bridgeport,CT
"EASTWOOD GROUP, LLC",http://www.eastwoodgrp.com/,ChIJI7gU-lAa6IkRGZAe7BTySa0,Bridgeport,CT
Empire Floors LLC,https://empirefloorspro.com/,ChIJ8V1q5NmuYCQRLsCC1-63ILc,Bridgeport,CT
AB Flooring Services,http://abflooringct.com/,ChIJswDvGk0P6IkRA8YowGz6Eek,Bridgeport,CT
Everything Epoxy Installation LLC,https://everythingepoxyfloor.com/,ChIJY_G-XiBU5okRODxiD8oBGRw,Bridgeport,CT
ABC Epoxy Flooring Service,https://abcepoxyflooringservice.buzz/,ChIJF83l1TwP6IkReqULdZyOxOY,Bridgeport,CT
X Floors USA,https://xfloorsusa.com/,ChIJT6krCEwP6IkRaECaGKSiM-o,Bridgeport,CT
Pro Coating LLC,https://www.procoatingepoxy.com/,ChIJqTEi6mNT5okRZqP50eiNjxA,Bridgeport,CT
ArtWorks Home Improvement LLC — Flooring & Painting,https://artworkshomeimprovement.com/,ChIJhTbNYAQ-A0ERuxhqVCVYfc0,Bridgeport,CT
Simsbury American Epoxy Flooring Service,,ChIJc3a6pesB54kR_p-kE_7Yd0w,Bridgeport,CT
RCA Floors LLC - Wood Installation and Refinish,http://www.rcafloors.com/,ChIJ-VT6uEkP6IkRJw4C7Atx4XM,Bridgeport,CT
"Eagle Flooring & Solutions - Hardwood Flooring Installers, refinishing & Repairs",https://www.eagleflooringpro.com/,ChIJK4hrNLcP6IkRpZ3EwwbbHuA,Bridgeport,CT
James Epoxy Flooring Service,,ChIJibgAG_kJ6IkRqJo_uOUT2sQ,Bridgeport,CT
DiStefano Brothers Concrete Coatings,https://www.dbconcretecoatings.com/concrete-floor-coatings-in-connecticut/,ChIJRQqsEMNl5okR4bg-TPdwhQ4,Bridgeport,CT
HGT Painting & Floors,https://hgtpaintingfloors.com/,ChIJo0wHFSkP6IkRBeEYwfZzU0Y,Bridgeport,CT
Diamond Kote Concrete Resurfacing and Epoxy Flooring,https://diamondkote.net/,ChIJ4ZT6_JJM5okRkLdXVYImwgA,Bridgeport,CT
NHV Concrete Coatings,https://www.nhvconcretecoatings.com/,ChIJXa8W6lN16IkRgyC_70z41Y8,Bridgeport,CT
Custom Concrete Solutions,http://www.customconcretesolutionsct.com/,ChIJzVIpTrKt54kRvcZKDcaAtF0,Bridgeport,CT
Elegant Concrete Polishing Inc.,http://www.elegantpolishing.com/,ChIJ1TGIAIjX54kRklrqWCEa05c,Bridgeport,CT
Elite Concrete Systems,http://eliteconcretesystems.com/,ChIJc5qRvp3f54kRghGw9HyBIAs,Bridgeport,CT
5 Star Concrete Coatings LLC,https://www.5starconcretecoatingsllc.com/contact-us,ChIJmdMakFRV5okRdvfx0FQfj9Y,Bridgeport,CT
Triple MB construction llc,https://triplembconstructions.com/,ChIJb7XjWrYN6IkRaH8ZuG8RhJI,Bridgeport,CT
ProArmour Concrete Coatings Connecticut,,ChIJlWgU35q754kRxyc4zVRdon8,Bridgeport,CT
Precision Concrete Stratford,https://concretecontractorfairfieldcounty.com/,ChIJqz1ED1AN6IkRzYOgr_3mguI,Bridgeport,CT
Connecticut Concrete Floors,http://concretefloorsct.com/,ChIJ_RLJM2QB6IkRm-BaqgRvmnQ,Bridgeport,CT
"Jason Robert's, Inc.",http://www.jriconcrete.com/,ChIJmwrlwdF16IkRkjOU5n4wEmw,Bridgeport,CT
Concrete Encounter,http://www.concreteencounter.com/,ChIJzfvgLfkP6IkRqfPhSc9hV0o,Bridgeport,CT
PGS Concrete Designs LLC,https://pgsconcrete.com/,ChIJ12nN75mS5okRqjgvfpB22hQ,Bridgeport,CT
O&G Bridgeport Concrete Plant,http://ogind.com/,ChIJLSWaQ5IP6IkRwxGTh_71wWE,Bridgeport,CT
Decorative Concrete Solutions LLC,https://deco-concrete.com/,ChIJKQfEmlzV5YkR89i0eIkuHc4,Bridgeport,CT
North Eastern Decorative Concrete,http://www.northeasterndecorativeconcrete.com/,ChIJv7wjEA3g54kR6MS6U7I7B70,Bridgeport,CT
Decorative Concrete of Connecticut,http://dcofct.com/,ChIJC2yN5gXB54kRFVpM0tDK9Sw,Bridgeport,CT
G&L Sealcoating and masonry,,ChIJ__9LTvDY54kRXVy0haTMTSU,Bridgeport,CT
Concrete Rock Surfaces LLC,http://concreterock.com/,ChIJPf6mA9P_54kRaDVUgez6x0g,Bridgeport,CT
Concrete Floors Co LLC,http://concretefloorscompany.com/,ChIJG8Vlm8zV5YkRWMnwvNokbq8,Bridgeport,CT
"Preference Construction, Roofing and Home Improvement",https://preferenceconstruction.com/,ChIJu96ONE_Z54kRdZZs_my9bgA,Bridgeport,CT
PRO-SEALERS Driveway Sealing,http://www.pro-sealers.net/?utm_campaign=gmb,ChIJfZ8MhV8O6IkROf1vq9xi4ZU,Bridgeport,CT
CRW Coatings,https://www.crwconstructioncoatings.com/,ChIJmQLwLU1z3IARxeXAfcjf2eA,Oceanside,CA
decorative concrete unlimited,http://www.dcuvista.com/,ChIJD7GCs-t33IARNN5IY8Bmvn0,Oceanside,CA
Coastal Concrete,,ChIJ27G1nm1_3IARAfWH2Wu7Tjs,Oceanside,CA
Decorative Cement Pros Oceanside,http://concretecontractoroceanside.com/,ChIJzbXkoZxv3IAROn9Z1CEpKew,Oceanside,CA
Oceanview Concrete,http://oceanviewconcrete.com/,ChIJRzQGhJFx3IARcqYIeAFX6XE,Oceanside,CA
Stamped Concrete,,ChIJFZ0kni1w3IARgWm5dR8jqqo,Oceanside,CA
Coastal Concrete Coat & Color,,ChIJ-Q0RHHhx3IARAsYQ-mn69JE,Oceanside,CA
Concrete Remodelers,http://www.concreteremodelers.com/,ChIJn8bzxeVx3IARE2bHb0ZPBtM,Oceanside,CA
Rogue Concrete,http://rogueconcrete.com/,ChIJq3h1__x33IARBlZ0HXjIYHM,Oceanside,CA
BES Concrete Contracting Solutions,https://powayconcrete.com/?utm_source=googlebusinessprofile&utm_medium=organic&utm_campaign=Google+Business+Profile,ChIJE6fyUGn724ARTYYiILVBJek,Oceanside,CA
West Coast Deck,http://www.westcoastdeck.com/,ChIJgyOj5gVz3IAR0L61M2iaL8U,Oceanside,CA
Doherty Concrete,,ChIJn289Esdx3IARIYCykoOfbH0,Oceanside,CA
Rc Concrete Construction Inc,http://rcconcretesd.com/,ChIJf_g1XWZv3IARueYWTKkIKlY,Oceanside,CA
"Pacific Concrete Cleaning, Staining, and Sealing",https://www.pacificconcretesealing.com/,ChIJ2XusA2Xv3IARytjAwp-bAJ8,Oceanside,CA
American Floor Coatings,https://americanfloorcoatingsco.com/,ChIJhceUyNifmoARcs8--SeL5dU,Stockton,CA
Stockton Surface Co.,http://stocktonsurfaceco.com/,ChIJyyudBMwTkIARzlMVmpVYlno,Stockton,CA
Valley Epoxy & Coating,,ChIJ2YdGpiU9kIARXcLnybaT_Rk,Stockton,CA
Stockton Concrete Contractors,https://www.stocktonconcretepros.com/,ChIJKxxEhCQNkIAR2WyOa2apIIw,Stockton,CA
Tara Coatings Inc,,ChIJlZae1PUNkIARxibYhN2_aWc,Stockton,CA
Jenco Companies,http://www.jencocompanies.com/,ChIJV4mpukBzkIARtpUw2QC-vpU,Stockton,CA
Greater Valley Concrete,https://www.greatervalleyconcrete.com/,ChIJpXY6pb4rwkYRxVr2fmnRpyQ,Stockton,CA
Lancaster Painting,https://www.lancasterpainting.com/,ChIJYcY3gEsGkYARyn_TvDoplFA,Stockton,CA
Drago inc.,http://dragoincconstruction.com/,ChIJ5bmfWpdamU4ReZnhymMiLcQ,Stockton,CA
Custom Concrete Systems.,,ChIJVVVVVZ4SkIARRl6Rb7eYae0,Stockton,CA
Pride Concrete Finishing Services LLC,,ChIJ73q67W4TkIAR1WGdGDrHe68,Stockton,CA
Advanced Industrial Coatings,http://www.aic-coatings.com/,ChIJb_xRtEoTkIARoTl27xCYYZ0,Stockton,CA
Cardiel Floor Coatings Inc.,http://cardielfloorcoatingsinc.com/,ChIJtfLiCpwLkIARkMzAMOqELP0,Stockton,CA
TMC West Construction,https://www.tmcwestconstruction.com/,ChIJXaAwRgoNkIARC_7y8vz91MI,Stockton,CA
Competitive Concrete,,ChIJl0lDbPELkIAR8jGOXIqk3cI,Stockton,CA
Nexco Builders,https://www.nexcobuilders.com/,ChIJBaUcNpfHnUQR0LP3co1KP58,Stockton,CA
Kenabast Epoxy Designs LLC,https://www.kenabastepoxy.com/,ChIJQTsk7v4ztU4ROO93VHuKX0w,Providence,RI
RAM Coatings,https://ramcoatingsri.com/,ChIJ1xshxrSvJG0Ru9d4pPW1Gx4,Providence,RI
ACE CONCRETE & EPOXY,http://aceconcreteandepoxy.com/contact.html,ChIJ6S-sXJpE5IkRx9hSsTFzL1U,Providence,RI
Quality Epoxy RI,https://www.qualityepoxyri.com/,ChIJh0j2JddL5IkR2B6ZwxBjrBc,Providence,RI
New England Epoxy Flooring,http://www.newenglandepoxyflooring.com/,ChIJZyNeZJYl5IkR736xA0lgyqU,Providence,RI
Rhode Island Floor Planing Company Inc,https://rifloor.com/,ChIJq6pPOFNP5IkRFJ0O4RKYQxw,Providence,RI
Rhode Island Repair,https://ri-repair.com/,ChIJUYkSRRdP5IkR95WSukHX-n0,Providence,RI
American Floors,http://www.americanfloors.net/,ChIJEVZyXENQ5IkRblPxAa4LTEg,Providence,RI
Scituate Concrete Coatings,https://scituateconcretecoatings.com/,ChIJhaaFG9A35IkR5vYDpcX7jTY,Providence,RI
IK Floors,,ChIJG9shglcTtSERFGPhsvOcwuM,Providence,RI
Epoxyset Inc,https://www.epoxysetinc.com/#,ChIJNZWRr2hD5IkR_dcwlLT1S34,Providence,RI
J-wax floor maintenance llc,,ChIJd0Z0WdRF5IkRFbbdSAHBGvI,Providence,RI
Flooring Solutions,http://flooringsolutionsusa.com/,ChIJy9-8x49O5IkR8epcHfCHWn4,Providence,RI
RBC Industries Inc,http://www.rbcepoxy.com/,ChIJG29suPNO5IkRwsmBRhGmYuM,Providence,RI
Constantin Floors,https://constantinfloors.com/?utm_source=gbp&utm_medium=organic&utm_campaign=gmb-profile,ChIJ-YCd_z1E5IkRnRLLntkmWzw,Providence,RI
The Flooring Specialists at R C Harrington Ent.,http://www.flooringprovidence.com/,ChIJffYYYp9E5IkR8qFIhVkVhrw,Providence,RI
The Crack Tech,https://www.thecracktech.com/contactus/,ChIJyaelb5hc5IkRnIf1ju5EXJ8,Providence,RI
Floor Coverings International of Coastal Rhode Island,https://floorcoveringsinternational.com/locations/us/ri/cranston/?utm_source=google&utm_medium=local&utm_campaign=localmaps&utm_content=554542,ChIJR2Zj1EtP5IkRrIY7MR0IuWk,Providence,RI
Rhode Island Garage,https://www.rhodeislandgarage.com/,ChIJrZqWh8tN5IkRgPpJjrJ7rd8,Providence,RI
"East Bay Quality Hardwood, Inc",http://eastbayqualityhardwood.com/,ChIJJwyH1EZU5IkRicI2a102Up0,Providence,RI
Mdp Construction Empire Corp,https://mdpconstructionempirecorp.com/,ChIJJ-sxG1z_eW8Rkd8euKrJxkk,Providence,RI
Precision Concrete Providence,https://providenceconcretepaving.com/,ChIJtRTgISFF5IkRiZPqtGJnX_A,Providence,RI
Hazard & Sons Concrete LLC,,ChIJB94P-HpJ5IkRnhlpDvxQNIk,Providence,RI
Artistic Concrete,http://www.concreteri.com/,ChIJH9ZW_ItQ5IkRaVBYQVNL-jM,Providence,RI
Victor’s Concrete Construction Inc,http://victorsconcreteconstruction.com/,ChIJVft7UVw75IkRck9hOuzVaKs,Providence,RI
DNap Construction,https://www.dnapconstruction.com/,ChIJ3edvYuGDByoRrNfF_RZHBlY,Providence,RI
Synergy Concrete & Masonry,https://www.cranstonconcrete.com/,ChIJBTAkEOdP5IkRiVXTbRB4YwA,Providence,RI
Drycrete Waterproofing,https://drycretewp.com/?utm_campaign=gmb,ChIJnUcnacBb5IkR2fo_kJiIk0o,Providence,RI
Dechaine Concrete Systems LLC,https://dechaineconcrete.com/,ChIJrRH1gN14bU4R5NTuZiaCGpw,Providence,RI
TH Concrete Co.,http://cranstonriconcrete.com/,ChIJf-qSD09P5IkRK15DBPXHW74,Providence,RI
Pawtucket Concrete & Masonry,https://www.pawtucketconcrete.com/,ChIJpVdUmWhd5IkRSiaG_3bQZqw,Providence,RI
Rhode Island Stamped Concrete Services,https://rhodeislandstampedconcrete.com/,ChIJZ7BCcH5F5IkRUWYC2lV4Sqs,Providence,RI
A & K Construction Co,,ChIJ7xFjlLxI5IkRpPWXo79-f_g,Providence,RI
Heritage Concrete Corporation,http://www.heritageconcrete.com/,ChIJ1yqQd-u35YkR3-9zzoxJgR8,Providence,RI
Concrete Products Inc,http://www.concreteproductsinc.com/,ChIJQwdXPkc55IkRbeAUXmSy3AM,Providence,RI
East Coast Concrete Inc,,ChIJ_____2pF5IkRWVqBi-qSThE,Providence,RI
All Concrete 51,http://www.customconcretedesignsinprovidenceri.com/,ChIJ2fDR4PVF5IkRowYszZUiU20,Providence,RI
Legendary concrete.,https://legendary-concrete.ueniweb.com/?utm_campaign=gmb,ChIJsyOQYFxH5IkRtP1pghxoxvk,Providence,RI
Rhody Masonry & Waterproofing Repairs,,ChIJ4cNyKINF5IkRcZJBwqeAtcI,Providence,RI
Ferreira's Concrete Forms Inc,http://www.fcfinc.net/,ChIJRxCcmtha5IkRJtE8fbngRoc,Providence,RI
Epoxypro coatings and remodeling services,http://epoxyprocoatingsnc.com/,ChIJU26D77izU4gRslUIAD3xNFk,Greensboro,NC
"Epoxy King, LLC",https://www.epoxykingnc.com/,ChIJcSzyX55NUogR_6Occ940czw,Greensboro,NC
Elite Garage Solutions,https://www.elitegarageandclosets.com/greensboro/greensboro-garage-storage,ChIJlyvRst0AU4gR2ERe2GuYTv4,Greensboro,NC
Epoxy Pro Coating,http://www.epoxyprocoating.com/,ChIJw4iZOkorU4gR3IP-Jy9woU8,Greensboro,NC
Garage Floor and More,,ChIJlXBz1BgGU4gRLrTxES_Kkms,Greensboro,NC
Carolina Concrete Medic,https://carolinaconcretemedic.com/,ChIJZ95WQYEkRkMRcCDwLfrvwmc,Greensboro,NC
Xtreme Concrete Solutions LLC,https://xtremeconcretesolution.com/,ChIJUZbfPUAbU4gRAYZsVNrW9wA,Greensboro,NC
Polymer Coating Systems Inc,,ChIJOXK7_rMeU4gRr1dPVxxOZz8,Greensboro,NC
Aztec K concrete LLC,http://azteckconcretellc.net/,ChIJ56neYbHjXkYR99cGXQmbDBM,Greensboro,NC
Concrete Maintenance & Solutions - Greensboro Concrete Flooring,,ChIJRaeV4ccZU4gR_4kdx29xT6g,Greensboro,NC
Decorative Concrete Resurfacing,https://dcr-corp.com/,ChIJqa300idb9KIRxzY7Fd73Ce4,Greensboro,NC
Asheboro Quality Concrete Coatings,https://asheboroqualitycoatings.com/,ChIJE9Z_7YRvU4gR3DwP3StuhW0,Greensboro,NC
"McCord Contractors, Inc.",https://mccordcontractors.com/,ChIJ-SdRVUjCrokR6ZAIBYoRjDA,Greensboro,NC
Concrete Solutions of Carolina,http://concretesolutionsc.com/,ChIJHwmWOw8CU4gRdEkZcA91zFE,Greensboro,NC
Tcc Concrete Service,https://tcc-concreteservice.com/,ChIJhVw5kRwdU4gRzeFc-EmmQA4,Greensboro,NC
Professional Concrete Flooring Solutions,http://concreteprosnc.com/,ChIJoScTgA4sU4gRYLUJgSU5otk,Greensboro,NC
Diamond Polishing Company,http://diamondpolishingco.com/,ChIJRfsdcA8HU4gRolJXeuwgZYA,Greensboro,NC
Preferred Concrete Polishing,http://www.preferredconcretepolishing.com/,ChIJI4eaZ8UAU4gRxfd-XAXKps8,Greensboro,NC
J&B Concrete Solutions LLC,,ChIJQf4szLcRU4gR2BvopnPx1gU,Greensboro,NC
Concrete Surface Alternatives,https://beautifyconcrete.com/,ChIJEek1doEeU4gRhzR1AMyjVjU,Greensboro,NC
Santis Flooring Services,https://santisflooring.com/,ChIJzwmWOlwZU4gRExVD9Iuwpb8,Greensboro,NC
A MODERN CURB APPEAL,http://www.amoderncurbappeal.com/,ChIJrd9Pd5gLU4gRXdl_9vQqTOc,Greensboro,NC
DGS Concrete & Steel Structures,https://dgsconcrete.com/?utm_source=GMB&utm_medium=google-my-business&utm_campaign=GMB&utm_id=01&utm_term=High+Point&utm_content=+,ChIJ_yWJm4Pek4ER-cEUK66cJ_o,Greensboro,NC
Epoxee,http://epoxee.com/,ChIJyV-tJ5D53YYRH2tEHr8uhHE,El Paso,TX
Surface Solutions,http://www.marblefloorpolishingelpaso.com/,ChIJ__1RIT0soEcRbqLJI2Cp2Tg,El Paso,TX
Max Flooring,https://www.instagram.com/maxflooring915?igsh=ZWpmcGxqazZndWN1,ChIJx57tykBd54YR8x0K71Gs6gI,El Paso,TX
4dresin,,ChIJW6GTqltZ54YRhsRtULWQ-vg,El Paso,TX
Wolfstone Contractors,https://smjimproves.com/,ChIJsxQv8NyU7wURZv0aoVgxcUI,El Paso,TX
Franco's fine floors,,ChIJqb5OyYxZ54YRRtLuMISrKjE,El Paso,TX
Superfloors,http://www.strongcoat.net/,ChIJlcwLmzVa54YRRaebp_iNFn0,El Paso,TX
Monopoly Floors,https://www.monopolyfloors.com/,ChIJyXwxt7db54YRUdGRIxcfaKg,El Paso,TX
Big D Floor Covering Supplies,http://www.bigdsupply.com/,ChIJjWuhQn9D54YRktH-Yp1H_I4,El Paso,TX
Goytia Enterprises Co.,https://www.goytia.us/,ChIJP-_ifqZZ54YRjcHS9GYjOjg,El Paso,TX
Bomanite Artistic Concrete & Pools,https://bomaniteconcrete.com/,ChIJl7057l9Y54YRfBiaOw9ZkE8,El Paso,TX
Infinity Hardwood Flooring Llc,https://infinityhardwoodfloor.com/,ChIJZ7cTuDat4IYRkKgKT2jVuBI,El Paso,TX
Stone Wolf Epoxy LC,https://stonewolfepoxy.com/,ChIJ7-_oEz_93YYRO7GUWKXrXCM,El Paso,TX
Lumber Liquidators,https://lumberliquidators.com/?y_source=1_MTEzNzUwNTMtNzE1LWxvY2F0aW9uLndlYnNpdGU%3D,ChIJS6cxpqhE54YRngMDAcsv9Qo,El Paso,TX
Antoyi's color concrete systems.,,ChIJv6-te6VZ54YRTDNrGWLw6jw,El Paso,TX
"Urethane USA Insulation & Coatings, LLC",http://www.urethaneuic.com/,ChIJQ9_odYNZ54YRYsRhJ8C0T7k,El Paso,TX
"Melendez Concrete Group, LLC",https://melendezconcretegroup.com/,ChIJY3C7clRH54YRl_t16UNSY4o,El Paso,TX
Jacon Concrete Contractors,https://jaconcontractors.com/,ChIJYyOb0NtX54YRk2MSznE4cMI,El Paso,TX
El Paso Concrete Masters,https://www.elpasoconcrete.co/,ChIJE_z9cAFb54YR7XSjWGDXaqI,El Paso,TX
El Paso Concrete Systems Inc,http://www.concrete-sys.com/,ChIJrT4o6xFb54YRl0y7GEywfLE,El Paso,TX
Star City Sealants Inc,http://dondukesconcrete.com/,ChIJb39gOc3-3YYR93vfqM_mnPk,El Paso,TX
"CON-TEX Construction, LLC.",http://www.con-texconstruction.com/,ChIJGfo-USD43YYR8xUhb9wUmmg,El Paso,TX
Elias Concrete Construction LLC,http://www.eliasccllc.com/,ChIJkSLv_nZD54YRLCZO4xe7Gmw,El Paso,TX
Lucky's Concrete El Paso,http://luckysconcreteelpaso.com/?utm_source=google&utm_medium=local&utm_campaign=gbp,ChIJCymZ4n9R54YRzmHk2nelHEo,El Paso,TX
Reyes Concrete,http://concreteelpaso-tx.com/,ChIJq6ouTONH54YRHWUS1l-fmlo,El Paso,TX
EL PASO GYPCRETE,http://elpasogypcrete.com/,ChIJpVw4KfZs54YRp1n5aW4a5Vc,El Paso,TX
Landscape & Concrete Impressions,http://www.landscapeandconcrete.com/,ChIJ44uJN69B54YR6JmvUauo-IA,El Paso,TX
Ayoub Concrete Contractor LLC,,ChIJvVLJwutT54YRbBdT5GGCIFY,El Paso,TX
CONCRETE COATINGS,http://ccs-mexico.com/,ChIJJ7eJ4H5f54YRB0EzOtxRpyg,El Paso,TX
Aztec Ready Mix,https://www.aztecreadymix.com/,ChIJdTUshf1H54YRecaA8vT8fQE,El Paso,TX
Symer Epoxy Solutions,https://epoxyfresno.com/symer-epoxy-solutions/,ChIJB5U8ySldlIARB8Zsle786Lk,Fresno,CA
Peckham Coatings,http://www.peckhamcoatings.com/?utm_campaign=gmb,ChIJUxwOpcVZlIARXw5IjtPaS-k,Fresno,CA
T&T Epoxy Coatings,https://ttepoxycoatings.com/index.php/contact/,ChIJrUtb28BmlIARbpncdesylyY,Fresno,CA
The Apex Flooring Company,https://apexflooringinc.co/,ChIJU9k5jldnlIAR9cTuK0RwQNA,Fresno,CA
Franco's Coating Solutions,http://www.francoscoatingsolutions.com/,ChIJ2UpNn9lpjUoRvodZBVTrsQs,Fresno,CA
Pro-Tec Coatings Inc,http://www.proteccoatings.com/,ChIJmXc-mVVZlIARVg3o5LO7v68,Fresno,CA
Innovative Industrial Coatings,http://www.ii-coatings.com/,ChIJO8xb7zlclIARAVH6nAQDcm8,Fresno,CA
Central Floor Supply,https://www.centralfloorsupply.com/,ChIJ5zITnUVZlIARe5664ha5KfE,Fresno,CA
DCI Flooring,http://www.dciflooring.com/,ChIJvRsyeKtelIAR-ba0VXdqo34,Fresno,CA
Cisneros Decorative Concrete,https://www.cisneroscustomcoatings.com/,ChIJGX63DzBv6oARRx7ZUbgZLbg,Fresno,CA
MARBLELIFE® of Fresno,https://marblelife-fresno.com/,ChIJcSJkqFFvlIARtXpNwAPY8FI,Fresno,CA
Universal Coatings Inc,https://www.universalcoatings.net/,ChIJcZ_RCYT1lIAR62Koa899FRE,Fresno,CA
J & M Floor Covering Inc.,http://www.jmfloor.com/,ChIJQ_RFX5tqlIAR9YsqNUyi59A,Fresno,CA
Quality Floor Care,https://www.qualityfloorcare.com/?utm_source=cumulus&utm_medium=onlinepresence&utm_campaign=gbp,ChIJLQjKp0FmlIARBanGj0MBExM,Fresno,CA
"Desoto Sales, Inc.",http://www.desotosales.com/,ChIJ6dpAtn9dlIARfeBFBk_u2yI,Fresno,CA
"Solid Surface Tech, Inc.",http://solidsurfacetech.us/,ChIJZXV7KRtmlIARHHOpm5mNoZM,Fresno,CA
Intricate Coatings,https://www.intricatecoatings.com/get-an-estimate/,ChIJq6q7U7pClIARcVQeFgkicBk,Fresno,CA
Cristobal Concrete Construction LLC,http://www.cristobalconcrete.com/,ChIJeVFYLGpnlIARFTqfC9baXFk,Fresno,CA
JV Concrete Design,,ChIJUxwnY1Rqxg4RR8ChllYDCPs,Fresno,CA
SLG Concrete Coatings,https://slgconcretecoatings.com/,ChIJ___vpgls7IARhxG5Kt9aoW4,Fresno,CA
Sequoia Concrete Coating,,ChIJK8CmNCInlYARUXnAmXvdUuI,Fresno,CA
Blue Rock Concrete,http://bluerockconcrete.com/,ChIJAQAAANxdlIAR6c2LXZK2QF0,Fresno,CA
ESV Concrete CO,http://esvconcrete.com/,ChIJseeHSfJflIARo9131y3fsH0,Fresno,CA
Concrete Contractors Fresno,http://concretecontractorsinfresno.com/,ChIJtXqPEMH1a0ERTfPZoYkxnV8,Fresno,CA
Legendary Concrete Fresno,https://legendaryconcretefresno.com/,ChIJHUc1_4tdlIARaNqp1-TzaJs,Fresno,CA
"Insul-Flow, Inc.",http://www.insul-flow.com/,ChIJQ-QfrbJelIARln_Cg-Gq7zY,Fresno,CA
Polytech Industrial Inc,http://polytechcoatings.com/,ChIJQSQeaVBvlIARe_mOzo1net8,Fresno,CA
Panos Concrete,http://www.panosconcreteinc.com/,ChIJSac7WOJnJYUR28bW_0_2Oi0,Fresno,CA
JSL Concrete Licensed Contractor,http://jslconcrete.com/,ChIJA3H1_6xnlIARenERs_xVBsU,Fresno,CA
"JC's Painting and Coating, Inc",http://jcspaintingandcoatingsca.com/,ChIJPxg-kIlplIARG-9sSVjDalQ,Fresno,CA
VCC Concrete Inc.,http://www.vizcarraconcrete.com/,ChIJR71g-wlCVEoRvS9kLX--i6g,Fresno,CA
Epoxy Hard Floor LLC,,ChIJ-WiLhQOQOi4R9Zg4v3PIL34,Orlando,FL
a1 epoxy coatings,https://a1epoxycoatings.com/,ChIJB7E28ncA5acRPp4ddgwu_kI,Orlando,FL
Dual Stone Epoxy Floor,https://www.dualstoneepoxyfloor.com/,ChIJ-wCXN-iD54gRHQePTBaOpqs,Orlando,FL
"XT Epoxy - Epoxy & Concrete Flooring - Commercial, Industrial & Residential",https://www.xtepoxy.com/,ChIJzxAvdTt_54gR4h0lpcmYUAQ,Orlando,FL
Right Way - Epoxy Flooring - Garage - Polyaspartic,https://rightwayepoxy.com/,ChIJnZnIKkp354gRsJhGdwwQjtQ,Orlando,FL
Top Coat Epoxy,http://www.topcoatepoxyfl.com/,ChIJx16jTxWJ3YgRkMLc5ogntks,Orlando,FL
"Orlando Lake Nona Tile, Vinyl, Hardwood, Epoxy Flooring & Concrete Coatings Installation & Replacement",https://kissimmeevinyltileepoxyflooring.com/orlando-lake-nona,ChIJeamvH4Nh54gRaqx8O3067Yc,Orlando,FL
DreamCrete Custom Creations,https://www.dreamcretecc.com/?utm_source=gmb,ChIJOzekvX9v54gRTjH-I2v0g_0,Orlando,FL
Garage Floor Masters,,ChIJvx2-0_Z754gR-6mKihcWaMU,Orlando,FL
"Surface & Concrete Design Solutions, LLC",https://scdesignsolutions.biz/,ChIJ28mZF05x54gRf33bgg4V3hA,Orlando,FL
Master Coatings,http://www.mastercoatingsepoxy.com/,ChIJHYWC8k1x54gRTwOvN4A2qMk,Orlando,FL
Garage Floors Plus More,http://garagefloorsplusmore.com/,ChIJI5YH4P6O54gRo3lm1FVvdLM,Orlando,FL
Garage Design Works,http://garagedesignworks.com/,ChIJD_sTEGp654gRvR0URJs88cM,Orlando,FL
FLOORLAB,https://floorlaborlando.com/,ChIJS0fhiAcCYEsRcTwWJvSERoI,Orlando,FL
"Olympus Concrete Coatings, LLC",http://www.olympusconcretecoatings.com/,ChIJAd0WZ4ed54gRuBoWNSVfzEM,Orlando,FL
Viper Concrete Coatings and Polishing of Central Florida,,ChIJWT-Rz4x754gRyZAnwJrLeNI,Orlando,FL
Innovative Concrete Coatings FL,https://innovativeconcretefl.com/,ChIJkaPRPuTF54gR5ywbZTrKIc4,Orlando,FL
American Concrete Coatings Inc,http://www.americanconcretecoatings.build/,ChIJZ_b0Shty54gRhZu6-enX-_M,Orlando,FL
Creative Resurfacing,https://creativeresurfacingsolutions.com/concrete-resurfacing-orlando/,ChIJx-wjKCN_54gRAMBv-H-h4Qk,Orlando,FL
"Big Top Concrete Resurfacing, LLC",http://www.bigtopcr.com/,ChIJS7mfRCiK54gRRVWgIiwnOOU,Orlando,FL
FLORIDA DECORATIVE CONCRETE & EPOXY,https://www.floridadecorativeconcreteandepoxy.net/,ChIJsYr2KCbH54gR4N6It2wm9-o,Orlando,FL
Sun Surfaces of Orlando,http://www.decorativeconcreteorlando.com/,ChIJRT6hGeyD54gRyDH3JRp2Hzc,Orlando,FL
Armor-On Concrete Coatings,https://armoronconcretecoating.com/,ChIJFaWuxQkp54gRR33FGjaNuuM,Orlando,FL
Soulistic Decorative Concrete,http://www.soulisticdecorativeconcrete.com/,ChIJj2lIDCR354gRMKbdi01KpaY,Orlando,FL
Select Surface Solutions,https://selectsurfacesoln.com/,ChIJ13-n2qRl54gRM9O003Fl5zA,Orlando,FL
Bronco Coatings,https://www.broncocoatings.com/,ChIJV3zVu_hx54gRFLMx9jaR8Ck,Orlando,FL
Kmbx Solutions LLC,,ChIJR7ORrxmXdkYRg65-T44MN88,Orlando,FL
Stronghold Floors,https://www.strongholdfloors.com/?utm_source=google&utm_medium=GBP&utm_campaign=md-epoxy-garage-flooring-company&utm_id=2025-GBP,ChIJRT0zSQQdyIkRrqDGjUYlmdU,Baltimore,MD
Epoxy Flooring,https://www.bmoreepoxyflooring.com/locations/Epoxy-Flooring-Homeland-Baltimore,ChIJJ_RaN3IDyIkRCixTa0fkCvo,Baltimore,MD
Top Tier Coatings LLC,http://www.toptiercoatings.com/,ChIJIy3tUygRyIkR0JNfoVbqbYI,Baltimore,MD
Prestige Floor Coating,https://www.prestigefloorcoating.com/?utm_source=google&utm_medium=Edgewood_gmb&utm_campaign=gmb_website_button,ChIJf75jEd0IyIkRtyjuDx0t_v0,Baltimore,MD
Epoxy Maryland,http://www.longofinishcontractors.weebly.com/,ChIJfcai6ykByIkR-GNMr_y24tE,Baltimore,MD
"Innovative Floor Systems, Inc.",http://www.innovativefloor.com/,ChIJX-CssYL9t4kRdke3oD-zLLA,Baltimore,MD
Armor Prep Coatings,https://truepoxystore.com/,ChIJh0oV5inlt4kRxnx8WQplgto,Baltimore,MD
JPI Epoxy Flooring,http://www.ghostshield.com/,ChIJE62CYrgdyIkRp3jGGnXmBCY,Baltimore,MD
Castle Floor Coatings,https://castlefloorepoxy.com/,ChIJ0VZfQK_ZyYkRqdKv7eSdwMc,Baltimore,MD
Maryland Garage Concepts,https://www.marylandgarage.com/?utm_source=gmb&utm_medium=gmb,ChIJIyYlXDjtt4kRoJnRzpg7G8w,Baltimore,MD
"Pinnacle Concrete Coatings, LLC",https://pinnacleconcretecoatings.com/,ChIJOfpA61oCuYkRbYVOxiJMXuY,Baltimore,MD
"Renew It All, Inc.",https://www.renewitallinc.com/,ChIJlwuV0s7qyYkR2Ap335wkCiU,Baltimore,MD
Detailz Construction Corporation,https://www.detailzcorp.com/?utm_source=google&utm_medium=organic&utm_campaign=google_business_profile,ChIJnbkYJYEDyIkRXMETCdwbbtM,Baltimore,MD
TruSeal Professional Coatings,http://trusealcoatings.com/,ChIJk5I19HVtYIUR2WNWQsh8RfY,Baltimore,MD
East Coast Concrete Coating,http://www.ecconcretecoating.com/,ChIJj5im4qG4oyARPKYRz5X6CbM,Baltimore,MD
TruStrong Services,http://www.trustrongservices.com/,ChIJ0QL_c8P5t4kRSq7wEc29Y-U,Baltimore,MD
TruCrete Surfacing Systems,,ChIJpbpAXsVLuIkRGih76z3Xh9c,Baltimore,MD
95 Concrete & Home Improvement Marketing LLC,https://95improvements.net/,ChIJP_wR-F9MrwARog2fdKPXhA4,Baltimore,MD
smart concrete solutions,http://www.smartconcretesolutionsllc.com/contact.php,ChIJ___vZpwRyIkROi9ALtxfhjk,Baltimore,MD
Consolidated Coating Inc,http://www.consolidatedcoatingsinc.com/,ChIJZR1l0LcHyIkR1rL3m3eocbY,Baltimore,MD
RPG Surface Prep,http://www.rpgsurfaceprep.com/,ChIJ9QQ-_IgDyIkRuCBw7QJ4Mok,Baltimore,MD
CS Louisville Epoxy Flooring,https://epoxylouisvilleky.com/,ChIJj7WfEhVzaYgRPJz9cJJboao,Louisville,KY
Designer Epoxy Solutions,,ChIJZ-9O--GhaYgRgJe2YTC3vDk,Louisville,KY
ArmourFlo Flooring,http://armourflo.com/,ChIJmYIhi5i3aYgRMN4iUbe_GJ8,Louisville,KY
ICON Concrete Coatings,https://www.iconconcretecoatings.com/,ChIJr9H6y32haYgRdlXPusXGkSo,Louisville,KY
"Trade Mark Floors, Inc.",https://www.trademarkfloorcovering.com/,ChIJhXkCyVRtaYgRLHTB7QuQ4C4,Louisville,KY
Louisville Coating Company,https://louisvillecoating.com/,ChIJ7XcI7oTXV6ERN949OYtKoYg,Louisville,KY
Unique Flooring Solutions,https://www.uniqueflooringlouisville.com/,ChIJadkVbqyhaYgRBBjVFOCFMRw,Louisville,KY
Highland Hardwood Flooring,http://www.hardwoodfloorslouisville.com/,ChIJmZIp-HcNaYgR2j2fffsbdEg,Louisville,KY
EpoxyKentucky.Com,http://epoxykentucky.com/,ChIJj7x15jKhaYgRf6m69sN9IOU,Louisville,KY
FloorPro Inc,http://www.floorproinc.com/,ChIJGZO1byxtaYgRrE7hAh3zP_s,Louisville,KY
Korfhage Floor Covering,http://www.korfhagefloor.com/,ChIJVQpLGBUNaYgRv-xfstWE1VE,Louisville,KY
Xtreme Coating Solutions,https://www.xtreme-coat.com/,ChIJb-Aj4DGaaYgRvtFjm5Ztjkk,Louisville,KY
Unique Concrete Epoxy,http://www.uniqueconcreteepoxy.com/,ChIJk7Abt_5vQogRL_Cax2OwRyQ,Louisville,KY
BC QUALITY FLOORING,http://bcqflooring.com/,ChIJs_1eS5f4lgQRqJSnGWGgMeQ,Louisville,KY
King Custom Coatings,https://www.kingcustomcoatings.com/,ChIJLWAE3i8faCgRl5idVKQT4tA,Louisville,KY
Krowndek Coatings,http://www.krowndekcoatings.com/,ChIJ54D_7j-DxaERqSJ0rnV8KSg,Louisville,KY
Custom Concrete Coatings,http://fixmyuglyconcrete.com/,ChIJN6zTAQbpaIgRphuvhYaJU7A,Louisville,KY
Concrete Craft of Louisville,https://www.concretecraft.com/Louisville-ky/?utm_source=Internet&utm_medium=Directory&utm_campaign=GOOGLE-PLACES/,ChIJSb80TYifaYgRQQZ9i74AJUg,Louisville,KY
J&B Concrete Contractors Louisville,https://jandjconcretellc.com/,ChIJrQGXsTVzaYgRdFlV_PAOl10,Louisville,KY
Paradigm Concrete Design,http://www.paradigmconcretedesign.com/,ChIJ3_nQ1lqlaYgRXA7pRsB80Nw,Louisville,KY
"S & S Concrete, Inc.",http://www.ssconcrete777.com/,ChIJ_____48RaYgRqMlbFAZxMgQ,Louisville,KY
Custom Concrete Finishes,https://www.customconcretelou.com/,ChIJT8R0BeeZaYgRntBur2k0pbc,Louisville,KY
Land Shark Concrete Coating LLC,http://londonconcretecoatings.com/,ChIJp1R90VbJXIgRIXbTTWT3Qco,Louisville,KY
All American Concrete & Construction LLC,https://allamericanky.com/,ChIJC5_Kw7fdZKsRQ264rwTs_ZM,Louisville,KY
Thrive Concrete Contractors Louisville,,ChIJyb8-RY5zaYgRCAc8Hq-PrYo,Louisville,KY
Sam The Concrete Man Louisville,https://samtheconcreteman.com/louisville,ChIJo7yOkh2faYgRIQeY1lFojvc,Louisville,KY
Concrete Surface and Design,http://www.csanddesign.com/,ChIJr8eWOLzFQYgRfCmx7cUfEEw,Louisville,KY
Buffalo Concrete,http://buffaloconcreteconstruction.com/,ChIJq-Z4-ibE-EQRiSuZhxUfie4,Louisville,KY
Cardinal Concrete and Waterproofing of Louisville,https://builderloc.com/branch/cardinal-concrete-and-waterproofing-of-louisville-la-grange-2800-ky-53-la-grange-ky-40031,ChIJR1uhaUmy5UkRxwAkBiv_VUo,Louisville,KY
"Korfhage Concrete, LLC.",https://www.korfhageconcrete.com/,ChIJmXxDjr6gaYgRP5I1oE9pwSw,Louisville,KY
1 Day Concrete Coatings,https://1dayconcretecoatingsnm.com/?utm_campaign=gmb,ChIJr055Uf11IocRlhkHSTbdDc0,Albuquerque,NM
Prosper 1 Floors,https://prosper1floors.com/,ChIJG2QhNDF1IocRAdjqo654HkI,Albuquerque,NM
XPS Xpress - Albuquerque Epoxy Products and Contractor Supply Company,https://xpsxpressalbuquerque.com/?utm_campaign=gmb,ChIJvQvdSRx1IocRHiIhsA0UiIA,Albuquerque,NM
CM Epoxy Solutions,https://epoxyflooringnm.com/,ChIJcdfFAu57IocR_epRAHQ6Sb8,Albuquerque,NM
"Artistic Concepts, LLC",https://www.flooringalbuquerquenm.com/,ChIJ5cVwkh8LIocRubn7xSffCGg,Albuquerque,NM
Not Just Concrete,http://notjustconcrete.com/,ChIJaxqJ8WlzIocRcDgI-58EHrM,Albuquerque,NM
Rubber Stone New Mexico,https://nmrubberstone.com/,ChIJJRY1zXahGIcRcUpHyalUSoI,Albuquerque,NM
Apex Flooring,http://apexflooringnm.com/,ChIJrxcRlJYSIocRaMUkgHQP-HA,Albuquerque,NM
Floorshield Inc,https://www.floorshieldinc.com/,ChIJZasyVmIMIocRr_zsCrEc2xU,Albuquerque,NM
North Star Solutions,,ChIJUaikZwJxIocRfmOAW1CuVI0,Albuquerque,NM
Resin Bros LLC,http://resinbrosnm.com/,ChIJQ5LpTOsTIocR0z0Kc_hkdz8,Albuquerque,NM
"ABQ Flooring Solutions, LLC",https://abqflooring.shop/,ChIJO8oNaJp1IocRtyQ_Y_w-Qqk,Albuquerque,NM
Specialty Surface Supply Inc,http://specialtysurfacesupplyabq.com/,ChIJz2YGy0V1IocRBsEEg2D-TuY,Albuquerque,NM
Fine Floors,http://www.nmfinefloors.com/,ChIJg8FTrK2fGIcRzhsjO0EfLec,Albuquerque,NM
Floorscapes,https://www.floorscapesfa.com/?utm_source=google&utm_medium=organic&utm_campaign=gbp-listing&utm_content=Albuquerque-showroom,ChIJDZwzWRd0IocRs5jH4_jhVEc,Albuquerque,NM
Straight Line Painting LLC,http://www.straightlinepaintingabq.com/,ChIJD43sKB4NIocRCR1MGq1dXWk,Albuquerque,NM
CRT Flooring Innovations,https://www.crtflooring.com/albuquerque-nm/,ChIJ3TCJjmB0IocRd7h8f55bm44,Albuquerque,NM
Polished Concrete Company,http://www.polishedconcretecompany.com/,ChIJPfEaprF0IocRZMnxRVURPUg,Albuquerque,NM
Duke City commercial flooring,,ChIJM_M4kvYTIocRfb_MVeqv0E8,Albuquerque,NM
"Lucero's Painting, LLC",http://lucerospaintingllcnm.com/,ChIJiYATZhu33ycRAqLumtZBdhU,Albuquerque,NM
"Milagro Concrete Design, LLC",http://www.milagroconcrete.com/,ChIJtThzBQV0IocR9oDGhOl0LgE,Albuquerque,NM
Chapitos flooring,,ChIJLbVGPr4TIocRdCdPZY41ZxQ,Albuquerque,NM
"Avalon Flooring Pros, LLC",,ChIJvdZqk69xIocRC_3qhE4beWI,Albuquerque,NM
Liberty Coating Solutions,https://libertycoatingsolutions.com/,ChIJ6QmFnV1n4oYR7mC9iLx8bjw,Albuquerque,NM
Mike's Quality Painting,https://www.mikesqualitypainting.com/?utm_campaign=gmb,ChIJC7JrTHNzIocR_nvaB4DDMvY,Albuquerque,NM
Modern Garage Coatings,https://moderngaragecoatings.com/,ChIJb3OehjBTNowRg7o40q5WIXc,Albuquerque,NM
Concrete Contractors Albuquerque,https://concretecontractorsalbuquerquenm.com/,ChIJgzlzHCZzIocRAQTQJZOLL5E,Albuquerque,NM
Apex Concrete Albuquerque,https://www.apexconcreteabq.com/,ChIJa-cfv2ANIocRPyTEmgHmiUU,Albuquerque,NM
JPR CONSTRUCTION LLC,https://jprconstructionnm.com/,ChIJIxt_6E8TIocR5MdpXn1BdeQ,Albuquerque,NM
Pyramid Concrete Contractor Inc,http://www.pyramidconcreteabq.com/,ChIJZzYfx710IocRjHgIO2gmu_U,Albuquerque,NM
Superior Concrete ABQ Group,https://superiorconcreteabq.com/,ChIJgQI8SOUNIocRaE_k9kB1MbQ,Albuquerque,NM
Albuquerque Construction & Concrete,https://albuquerque-construction.com/,ChIJka_E9EZzIocRsaia_g5Brwo,Albuquerque,NM
Marquez Concrete Works,http://www.abqconcreteworks.com/contact-us/,ChIJq6qOaOMMIocRNa6T_R9T8wg,Albuquerque,NM
Quality Concrete,http://www.qualityconcretenm.com/,ChIJd5YsceMNIocRMXY5soaXZgo,Albuquerque,NM
Chavira Quality Concrete - Albuquerque,https://www.chaviraqualityconcrete.com/,ChIJPbyRTv5zIocRnCT0lGsjcG4,Albuquerque,NM
Geomy Pohl Concrete Contractor,http://geomypohl-concrete.com/,ChIJo9epBhN0IocRHwDRhxtfLCw,Albuquerque,NM
Reliable Concrete LLC,https://reliableconcretellc.net/,ChIJ5ZXogR9xIocR7pFIXUtf_3E,Albuquerque,NM
Professional Coatings Corp.,http://procoatingscorp.com/,ChIJJ5grchYLIocRvZelVxgZKOw,Albuquerque,NM
Oxnard Epoxy Flooring,,ChIJUcPEIBhP6IARdY0LiAJ2lqY,Oxnard,CA
The Flooring Factory - Oxnard,https://flooringfactory.myshopify.com/,ChIJHRPUkhFM6IARmWh9nWoZvdY,Oxnard,CA
Garage Improvement Solutions,http://www.garageimprovementsolutions.com/,ChIJRZEnq-Yk6IARa7P_YY6NsW4,Oxnard,CA
Legacy Waterproofing,,ChIJXVcn57tN6IARenS_qdC8d9s,Oxnard,CA
Champion Concrete Coatings & Polishing,http://championconcretecoatings.com/,ChIJB-qOQL4n6IAR7tnL7AAdUW0,Oxnard,CA
Dlg Coatings,https://www.dlg-coatings.com/,ChIJs3CktJVO6IARYjuqodST340,Oxnard,CA
Oxnard Concrete Pros,https://oxnardconcretepros.com/,ChIJ23JMLbn9fqUR9aVqyWl4ask,Oxnard,CA
GHR Masonry & Concrete,http://www.concreteworkthousandoaks.com/,ChIJaaye439O6IARksH9nFZ-wVw,Oxnard,CA
Coastal Concrete,https://www.coastalconcretepros.com/,ChIJ_9u1IhTPMEIRoY-uUO5litI,Oxnard,CA
C&N Decorative Concrete,http://www.cndecorativeconcrete.com/,ChIJO-klGEGs6YARZnQvtFJYe4s,Oxnard,CA
Ruiz Concrete and Pavers,https://ruizconcreteandpavers.com/home,ChIJH633UzFP6IAR3K7bq38ndr4,Oxnard,CA
Concrete911,http://concrete911.com/,ChIJ9yDNMEFL6IARk9SpgSNgo5E,Oxnard,CA
Coastal Concrete Resurfacing - Commercial Concrete Grinding & Polishing,http://www.coastalconcreteresurfacing.com/,ChIJ_5L7sohe7IARRzd-CLbhOQc,Oxnard,CA
Independent Concrete Cutting,http://independentconcretecuttinginc.com/,ChIJ8SA2GFpJ6IARAxR_hb9aT3c,Oxnard,CA
Cri Concrete,https://criconcrete.com/,ChIJQ9Wsn15L6IARflU9cXC5adQ,Oxnard,CA
Coastal Concrete & Remodeling,https://carrilloscoastalconcrete.com/,ChIJgRK2h5STEKYRIEB8t4h2ZyI,Oxnard,CA
Oxnard concrete services,,ChIJeX9scIlO6IARtfY8YeUv95g,Oxnard,CA
Pavement Coatings Co.,https://pavementrecycling.com/location/santa-paula/,ChIJbSFww3a16YARI_M_62bq89E,Oxnard,CA
Xtreme Performance Heat Coatings,http://www.xtremeperformanceheatcoatings.com/,ChIJ-TQnRPFJ6IARrmprg7oPCYY,Oxnard,CA
Ventura Ramos Concrete,https://www.vrconcrete.co/,ChIJTa1RnQv08wYRr9XV7hLpLbE,Oxnard,CA
Concrete Coatings,http://www.4concretecoatings.com/,ChIJZcTFq_t9woARu-zgmUcacVA,Oxnard,CA
"AC Coating, LLC",,ChIJo1VXQ4BP6IARbj6pPHdDF2g,Oxnard,CA
Luxe Stone,http://www.luxestoneco.com/,ChIJSzbU-zRN6IARjtYJBgKGzqQ,Oxnard,CA
Cal Prestige Construction and Restoration,https://www.calprestige.com/,ChIJY4WlPQtN6IARf-Dp9usmgVU,Oxnard,CA
DMI Ready Mix,https://www.dmireadymix.com/?utm_campaign=gmb,ChIJUQQ0XJdO6IARzHdQ1KiGsgc,Oxnard,CA
Precision Concrete Ventura,https://www.precisionconcreteventura.com/,ChIJGd7UB69N6IAR6KysTxrGpPI,Oxnard,CA
Associated Ready Mixed Concrete,http://aareadymix.com/,ChIJqw63UeNL6IARlLWgxOj3mMo,Oxnard,CA
Ventura Concrete Guys,http://venturaconcreteguy.com/,ChIJS9DNQa2y6YARNkcmldFgSHQ,Oxnard,CA
Hastings Coatings LLC,https://www.hastingscoatings.com/?utm_source=google&utm_medium=business_profile&utm_campaign=website,ChIJMQHV6Wpt1oYR1DhprtaFVQo,Tucson,AZ
"Formula Concrete Coating, LLC",http://formulaconcretecoating.com/,ChIJWd7XvuaosYIReuD-I8YRyJo,Tucson,AZ
MUD EPOXY LLC,https://muddepoxy.com/,ChIJ8YPy9odp1oYR83UnECTiGWU,Tucson,AZ
Sahuarita Epoxy Floors,https://sahuaritaepoxyfloors.com/,ChIJ13HskIyD1oYR572tvddkGuI,Tucson,AZ
Rogo's Finishing Touch,http://rogosfinishingtouch.com/?utm_source=google&utm_medium=organic&utm_campaign=GMB,ChIJiYbJzqV61oYRd93668YZstU,Tucson,AZ
Sun Valley Floor Specialists,http://www.tucsonfloorspecialists.com/,ChIJ5eNywRaew2kRkiK7KoNucMs,Tucson,AZ
The Garage Center,https://www.tucsongaragesolutions.com/,ChIJZ95J4st21oYRKZA2yC1GhcA,Tucson,AZ
Garage Floor Coating,https://www.garagefloorcoatingtucson.com/contact-us/,ChIJ5fJFHLZ21oYR5spbBgOXoaY,Tucson,AZ
Eternal Concrete Coatings,http://www.eternalconcretecoatings.com/,ChIJPX6Fqtd11oYRDEuwTJlggTA,Tucson,AZ
Zona Concrete & Construction,https://zonacrete.com/?utm_source=google&utm_medium=organic&utm_campaign=gmb,ChIJhRGNKjVx1oYRX9blNFGahbw,Tucson,AZ
Optimum Concrete LLC,http://optimumconcrete.com/,ChIJk_7-cg101oYR8MumMqHbw1k,Tucson,AZ
DnD Epoxy Flooring & Concrete Coating,https://dndfloors.com/tucson-az/,ChIJwdjfVgBv1oYRjgEpMLGUYw8,Tucson,AZ
Monroe concrete coating,,ChIJefLrCAB11oYRz7zFyjnHNDw,Tucson,AZ
Verdugo's Concrete and Pool Design,https://verdugoconcrete.design/,ChIJPdZqgDVv1oYR-uQPBAsH6gA,Tucson,AZ
Tucson Concreters,https://tucsonconcreters.com/,ChIJIffPYmx71oYR0Mmg2timXNk,Tucson,AZ
Dunkan Concrete,http://dunkanconcrete.com/,ChIJDbGk48lx1oYRYNRlW6fB3-0,Tucson,AZ
USM Construction LLC,https://usmconstruction.com/,ChIJ2e9fCcFfpA0RsftLJ512dL8,Tucson,AZ
Blanco Concrete LLC,http://www.blancoconcrete.com/,ChIJgSYkWzZ01oYRom7hlaF9_BQ,Tucson,AZ
Cadillac Coatings,http://cadillaccoatings.com/,ChIJef2dBXB71oYRLi2V7IP1T9c,Tucson,AZ
TruGrit Concrete Coatings,https://trugritconcretecoatings.com/,ChIJM_Bxs3KpLSwRHQlwWVSUXck,St. Louis,MO
Epoxy Pro St. Louis,https://www.epoxyprostlouis.com/,ChIJkb8WJo3L2IcRCi6mwDpuPMk,St. Louis,MO
Garage Designs of St. Louis,https://garage-designs.com/?utm_source=GBP&utm_medium=Organic&utm_campaign=GBP-Website,ChIJ_ycOSHTT2IcR7FSRITftUQk,St. Louis,MO
Seal Epoxy,https://sealepoxy.com/,ChIJEykwol9J2YcR3wbH0s9lWqs,St. Louis,MO
St. Louis Epoxy Systems,https://www.stlouisepoxypourers.com/?utm_source=GoogleBusinessProfile&utm_medium=organic&utm_campaign=gbp-website,ChIJOVTjAjJPtogRSRIm71jvoac,St. Louis,MO
StoneCraft Epoxy Resurfacing,http://stonecraftstl.com/?utm_campaign=gmb,ChIJGQsgjpbX3ocR_bjqvmZsqy8,St. Louis,MO
same day garage floor coating st louis,,ChIJs5LgOAi12IcRoDht3WE2wiA,St. Louis,MO
Epoxy Stone Inc,http://www.epoxystoneinc.com/,ChIJ2bdhYFgz34cRZ82nb6nYidw,St. Louis,MO
St. Louis Resurfacing,https://stlresurfacing.com/,ChIJx6dX59LJ3ocRPM8vlheqVlg,St. Louis,MO
Donnelly J. LLC Epoxy,https://www.donnellyjepoxycoatings.com/,ChIJwzkOCinI2aQR5_4elTWa3E0,St. Louis,MO
Dynamic Protective Floor Coatings,https://dynamicprotectivecoatings.com/,ChIJTRJUKPcz34cR1m196o-YFDU,St. Louis,MO
"Desco Coatings, Inc.",https://www.descocoatings.com/locations/st-louis/,ChIJAQAAAGQz34cRJp2MdlKrbRc,St. Louis,MO
Capital Epoxy Floors,http://www.capitalepoxyfloors.com/,ChIJ82JWYQ9524cRT9XtmkgPQIE,St. Louis,MO
Veteran Flooring,https://www.veteranflooringstl.com/,ChIJJcTtxQQz34cRtLHcMFig5qI,St. Louis,MO
Refloor,http://www.refloor.com/,ChIJi4Pz-ygC2KwRqH2ZlTCe91k,St. Louis,MO
Decorative Concrete Resurfacing,http://www.decorativeconcreteresurfacing.com/,ChIJHbcjfEnU2IcRVePQ4HJxtwM,St. Louis,MO
"Customcrete, Inc.",http://www.customcretestl.com/,ChIJzw_fOpfX3ocRSmQGiidSfWE,St. Louis,MO
Central Epoxy Flooring,https://www.centralepoxyflooring.org/,ChIJ6QI5jLRb34cRNllk2ob9L94,St. Louis,MO
Flooring Rehab Company,http://flooringrehab.com/,ChIJCwIuVgi12IcRRGNiQb8HvfY,St. Louis,MO
All Surface Flooring,https://www.allsurfaceflooringstl.com/,ChIJOXuM6EvU2IcRbS3YfqBlaZk,St. Louis,MO
Evans Flooring LLC,https://evansflooringstl.com/?utm_source=google&utm_medium=gmb&utm_campaign=google_listing,ChIJ75Oe_r_Z2IcRSX_Da_AJh88,St. Louis,MO
Just Around The Corner Flooring,https://www.jatcwoodfloors.com/,ChIJBT9nO0HI2IcRdNuA8Cz4Q4o,St. Louis,MO
Missouri Floor Company,https://www.mofloor.com/,ChIJCfVyQEIy34cRgTJGIVZos5A,St. Louis,MO
Smart Coatings STL,https://www.smartconcretecoatings.com/,ChIJxWyCAvHX3ocRb_TfolEXB-M,St. Louis,MO
Missouri Terrazzo,http://www.missouriterrazzo.com/,ChIJQcsJMdW02IcR9nFvLm7c0HQ,St. Louis,MO
"CS Flooring, St. Louis, MO",http://csflooringstl.com/,ChIJj8a_W0Ey34cRvE0sq4kkeIo,St. Louis,MO
KT Coatings LLC,https://flooringcontractorsaintcharlesmo.com/,ChIJf6NtOTIl34cRdrBHqbVJ2dg,St. Louis,MO
Premium Concrete Coatings,https://premiumconcretecoating.com/,ChIJ-5QHYMT4Q6QRDca8pnWL_bs,St. Louis,MO
DRURY CONCRETE COATINGS,https://www.druryconcretecoatings.com/,ChIJJwYQ0UzV3ocRtc1S6ZpN77c,St. Louis,MO
Coatings Unlimited Inc,http://www.coatingsunltd.com/,ChIJ1_UfurIx34cRAQrhmNmBZsY,St. Louis,MO
Concrete Contractors,https://concretecontractorsmo.com/,ChIJIfXMQUCxH04RF8fsn0JMmvw,St. Louis,MO
Legacy Concrete Coatings LLC,https://legacycoatingstl.com/home,ChIJg47s4G_P3ocRfs0ExuEwY0U,St. Louis,MO
"Show Me Industrial Services, Inc.",http://www.showmeindustrialservices.com/,ChIJ16l5kKAz34cRAurVOWoolTU,St. Louis,MO
LSL Finishes,https://www.lslfinishes.com/,ChIJ7b8ko7LP3ocRw_yt-ZGeu6E,St. Louis,MO
Painting Technologies,https://paintingtechnologies.com/,ChIJRXcI_z_U3ocRFfs01bqMc94,St. Louis,MO
Artistic Concrete Restoration,http://www.acrstl.net/,ChIJSTMHFY9M34cRaPqxfxiJ3_g,St. Louis,MO
Hoffman Concrete LLC,http://www.hoffmanflatwork.com/,ChIJwesC-L3J2IcRhYybKt9ZWsk,St. Louis,MO
"Shamrock Concrete, LLC",https://www.shamrockconcretellc.com/,ChIJ79HjkyfJ3ocRDn06XPABl9k,St. Louis,MO
St. Louis Concreters,https://stlouisconcreters.com/,ChIJBXCAdUZN34cRy8IR9sLeW2A,St. Louis,MO
FCON Concrete - Saint Louis,https://www.fconconstruction.com/,ChIJT7dZ33o134cRx_cWzRbG8oA,St. Louis,MO
Lucky's Concrete,https://luckysconcretestlouis.com/?utm_source=google&utm_medium=local&utm_campaign=gbp,ChIJTaYAbKhK34cRoQEdx2njmgY,St. Louis,MO
THICK Concrete,http://www.thickconcrete.com/,ChIJERvpgBwr22gRM00YenLqUfs,St. Louis,MO
American Society of Concrete Contractors (ASCC),https://www.ascconline.org/,ChIJuxK-VhDL2IcRWwB4GGITvVc,St. Louis,MO
"Surface Art, LLC",http://surfaceartllc.com/,ChIJK7ESsNHL2IcR_klcZms35dw,St. Louis,MO
ACR Advanced Concrete Repair,https://acrconcreterepair.com/,ChIJVydn9WXR3ocRHolLyPnB7TE,St. Louis,MO
"Garage Revolution, LLC",https://garage-revolution.com/,ChIJtVfuAb2Mk4cRbrkK3TW278E,Omaha,NE
ArmorTek Floor Coatings LLC,http://www.armortekflooring.com/,ChIJVcDwv9_xk4cRxGtMdSeDXWM,Omaha,NE
Real Resin - Epoxy Flooring,https://realresinepoxy.com/,ChIJlZlzRl0FgyMR1qBMWqIKRdw,Omaha,NE
M&D Concrete & Epoxy Floor Coatings Inc,https://www.mdepoxyflooring.com/,ChIJZcD3esO7locRkQwq0PBIRXo,Omaha,NE
Paramount Concrete Solutions,https://paramountconcretesolutions.com/?utm_source=gmb,ChIJJ4Eg-IMkhC8ROAPYHdvV3vE,Omaha,NE
KCDC Designs - Epoxy Countertops and Hands-On Training,http://www.kcdcdesigns.com/,ChIJ_fY-RUxRjCQRPFtxCHPaYGE,Omaha,NE
In the Garage,https://www.inthegarage.biz/,ChIJS6DP8Ajxk4cRJ9z8FbHtpmo,Omaha,NE
Tovah Supply,http://www.tovahsupply.com/,ChIJSRgox0fzk4cR6-zBi4eICtw,Omaha,NE
Carter Kelly Floors,https://www.carterkellyfloors.com/,ChIJufjHfFbzk4cRsGMQ8E72fzo,Omaha,NE
ConcreteAid,https://concreteaid.com/,ChIJYQneO0AWmWYRMP1AGAWOStk,Omaha,NE
Floor Mechanics,http://www.floormechanics.com/,ChIJ4zOlTkzzk4cR2HdTaHlaGyg,Omaha,NE
FloorCo,https://floorcoomaha.com/,ChIJVVXR8KKSk4cR9c4fW55bC3s,Omaha,NE
TC Decorative Concrete Designs INC.,,ChIJAQDcHqySk4cR2KV44iEndyI,Omaha,NE
"Kings Floor Covering, LLC",https://kingsfloorcoveringllc.com/,ChIJ38leltOLk4cRTxTJL0mkfzQ,Omaha,NE
Midwest Concrete Floor Coatings,https://www.midwestconcretefloorcoatings.com/,ChIJ3ai5c1wbdogRU1a6GqcTIjM,Omaha,NE
Stylized Concrete Solutions,http://www.stylizedconcrete.com/index.html,ChIJwWMg1feNk4cR9YZ9IhJCb3o,Omaha,NE
Fox Flooring,https://www.fox-flooring.com/contact-us/,ChIJddbvzVKOk4cRxrUsBH-cShM,Omaha,NE
Nebraska Concrete Caulking & Restoration,http://nebraskaconcretecaulking.com/,ChIJXaXRgsTtk4cRQVfurImbuq4,Omaha,NE
Leveled Up Concrete Repair,https://leveleverytime.com/,ChIJ5dBxYgn1k4cRa6kcHMS4vQ0,Omaha,NE
Quay Concrete Coatings,https://www.quayroofing.com/concretecoatings,ChIJLZXnRy9452gRDNCDlOR8X6Q,Omaha,NE
Nebraska Concrete Coatings,,ChIJydeQuZiAdYcRdas7GCwwSik,Omaha,NE
Titan Concrete Restoration,https://titanconcrete.net/,ChIJQ-794Lvzk4cRFitxI0fQp2w,Omaha,NE
The Driveway Company,https://www.thedrivewaycompanyofne-ia.com/,ChIJG6aSMAXzk4cRTa3yr931He4,Omaha,NE
ConcreteMedic,https://myconcretemedic.com/,ChIJUUmaEuvtk4cRDc7pc3OnIV4,Omaha,NE
WMG Caulking,https://www.wmgcaulking.com/,ChIJVZv9PPF-XSwRoCIJ2Kh84RM,Omaha,NE
DPS Concrete Construction,https://dpsconstruction.net/,ChIJTXrUELGOk4cR8LA5gkv7Saw,Omaha,NE
JACO Concrete,http://www.jacoconcrete.com/,ChIJCaO98vHzk4cRpeqgqvnd6_c,Omaha,NE
Superior Concrete Omaha,http://superiorconcreteomaha.com/,ChIJ1zI1Y2-Jk4cRrGtU7mHATBI,Omaha,NE
A-1 Concrete Construction,https://www.a1concreteomaha.com/,ChIJ97LWO3byk4cRImZCKR2HTEo,Omaha,NE
Bellevue Concrete Pros,http://bellevuenebraskaconcretecontractors.com/?utm_source=google&utm_medium=organic&utm_campaign=gmb,ChIJCX8ZTgyLk4cRHaOXw_rFsbI,Omaha,NE
Good Life Concrete Contractor Omaha NE,https://concreteofomaha.com/,ChIJSeXwLmj3k4cRZmRlaxGIZTw,Omaha,NE
CCD Enterprises,https://www.ccdentomaha.com/,ChIJlT7tyLT2k4cRzEWyVssMorQ,Omaha,NE
Aksarben Concrete,https://www.aksarbenconcrete.com/,ChIJ2cnu95nzk4cRiv_4LP5Tho4,Omaha,NE
Lan Mar Concrete,https://www.lanmarconcrete.com/,ChIJ05BwRkCNk4cRM3xvYX-0ryU,Omaha,NE
WM Concrete LLC,http://wmconcrete.com/,ChIJVVUJwQWIk4cR5Viz-V33Gro,Omaha,NE
Pro Polymer Source Tulsa,https://rfsflooringsupply.com/?utm_source=google&utm_medium=gmb-tulsa&utm_campaign=maps,ChIJf0QOz5LttocRN2-FZnD3rlg,Tulsa,OK
"ACES 24 Hour Floors, LLC",https://acesfloors.com/,ChIJi9gtBCiNtocRylobxC2X7jo,Tulsa,OK
"RestoCoat, LLC",https://restocoatllc.com/,ChIJ2aNJtUONtocRUGWf6Wvnavs,Tulsa,OK
Tulsa Wood Floors and More,https://tulsawoodfloorsandmore.com/,ChIJ32AvyWOTtocRDrUkRucmofE,Tulsa,OK
PolymerFX Flooring Systems,https://polymerfx.com/,ChIJz-0gwwZftocRAUtg3Iur5Hw,Tulsa,OK
Chemproof Polymers,http://chemproof.com/,ChIJucI8oAHrtocRg0pbuPzDu3I,Tulsa,OK
Hawkeye Custom Concrete,https://www.hawkeyecustom.com/,ChIJmUULAvLBtocRBJzVNGxCl7s,Tulsa,OK
Ramcrete Concrete Designs,http://www.ramcreteok.com/,ChIJBbM3vQ33tocR4jwHjb_peA0,Tulsa,OK
American Industrial Inc,http://www.aiflooring.com/,ChIJ3ZO1RsiUtocR7dVcqTPf1QE,Tulsa,OK
Wood Guys,https://www.woodguys.com/,ChIJaazu3-SMtocRv2ty9z9gzEY,Tulsa,OK
FloorCoating.Pro,https://floorcoating.pro/,ChIJKay6YaLntocRa8yr04DvLaE,Tulsa,OK
C & J Flooring llc,,ChIJ1wUKIo7ztocRLLOGS43tEkQ,Tulsa,OK
DL Blankenship Co,http://www.dlblankenshippolishedconcrete.com/,ChIJ70lvQY6StocR0H5gL67QlGQ,Tulsa,OK
VanCrete Decorative Concrete,,ChIJP9xxQw-NtocRZnRezG5vc1I,Tulsa,OK
Paramount Flooring & Construction | Hardwood Flooring Tulsa,https://paramountflooringtulsa.com/,ChIJccGbkW6NtocR6ML4nD662YY,Tulsa,OK
Bear Grip Inc,http://www.okbeargrip.com/,ChIJNZSbA92_tocRYZlgiRXSO1k,Tulsa,OK
Dynamic Concrete Coatings,https://dynamicconcretecoating.com/,ChIJGUqtS9NhtocRaeqNEg_go08,Tulsa,OK
Loco Concrete,http://lococoncrete.com/,ChIJUSSazuWTtocRH12c21TY64M,Tulsa,OK
"RN Construction, LLC",https://rnconstructionllc.company/,ChIJ42sQawHttocRiIgtFGjepZI,Tulsa,OK
Surface Solutions of Oklahoma,,ChIJqajT7qCStocRZdgKMgK47Xs,Tulsa,OK
Custom,http://tulsacustomconcrete.net/,ChIJxxsDkFzttocRFzvTBKYaaxc,Tulsa,OK
Grand View Concrete,http://grandviewconcreteok.com/,ChIJxRg5rZF45Q4R2UBIZEmZZUA,Tulsa,OK
Beauty-Crete,http://www.beautycrete.com/,ChIJEaLMb6eStocRifhgBItaTG4,Tulsa,OK
Tulsa Concrete,https://foundationconcretecontractor.com/tulsa-concrete-contractor/,ChIJ9-7hYSiLtocRvOH9VsLPnYA,Tulsa,OK
Liberty Concrete,https://libertyconcreteandco.com/,ChIJvQ6ZZERoz4IROkePz8tfYII,Tulsa,OK
Extraordinary Flooring,https://www.extraordinaryflooring.com/,ChIJ__9LqsajIIYRvEakogTaRGc,New Orleans,LA
Pereira Flooring llc flooring company New Orleans,https://www.pereiraflooring.com/,ChIJqYP_rj4dnogRRKOyZkKf15Y,New Orleans,LA
Aps Flooring LLC,https://www.apsflooringllc.com/,ChIJi0pLdvAdnogR6oIn-u9BCko,New Orleans,LA
Deco-Crete Studios,http://www.decocretestudios.com/,ChIJ47dHydumIIYRnIZ3_T7RrZY,New Orleans,LA
Surface Systems Inc,http://www.surfaceinc.com/,ChIJJd1JdimkIIYRP4fDudBH9j0,New Orleans,LA
New Orleans Concreters,https://www.neworleansconcreters.com/,ChIJeyFHmdmnIIYRi6vC6LZBq-s,New Orleans,LA
R&J Concrete Coatings,https://rjconcretecoatings.com/,ChIJxwW8drgiJ4YRmV5ww6iba-o,New Orleans,LA
Decorative Concrete Coatings LLC,http://artonconcrete.com/,ChIJr1LBOc1HLoYRW5qOxNNX7No,New Orleans,LA
Favaza Concrete Construction,http://www.favazaconcrete.com/,ChIJAQAAANABnogRzxJf7TQlL40,New Orleans,LA
TurnKey Concrete: New Orleans Concrete Contractors,https://www.turnkeyconcreteteam.com/?utm_source=gbp&utm_medium=gbph&utm_campaign=tknola,ChIJeZG-WQVFwokRNOPtvXk7-yQ,New Orleans,LA
Reliable Foundations,https://www.reliablefoundations.com/,ChIJcUHfvGSvIIYRHOGdz5HMnSk,New Orleans,LA
"ORLEANS CONCRETE, LLC",http://www.orleansconcrete.com/,ChIJqTAIN_unIIYRn2pFybMtwEM,New Orleans,LA
Big Easy Concrete,https://www.bigeasyconcrete.com/?utm_source=google&utm_medium=gmbhome&utm_campaign=neworleans&utm_term=concretecontractor&utm_content=idgmb,ChIJtctBR0WnIIYRJ0-PbiyBdr4,New Orleans,LA
New Orleans Concrete Co,http://neworleans-concrete.com/,ChIJQQ0cjnyjJoYR_PxZwsWZ4l0,New Orleans,LA
LA Coastal Coating,,ChIJRRp6cEGlIIYR0iVqhQ5vxVA,New Orleans,LA
LA CONCRETE LLC,http://laconcretepro.com/,ChIJXZd-6KPHIIYRkZILSR1cWKw,New Orleans,LA
Southern Coating & Waterproofing LLC,http://www.southerncoating-wp.com/contact-us,ChIJl5hBC9wcnogRKEUcnxhjqUM,New Orleans,LA
Cloud's Cement Finishing,,ChIJq6qqqt6nIIYRHg6LIn3N-9U,New Orleans,LA
Tbconcrete,,ChIJgxxTPa2pIIYRvirGs2BzL9A,New Orleans,LA
"Zuppardo's Renovations Roofing, Siding, Fencing, Painting",https://zuppardosrenovations.com/,ChIJAS182y_sQaIROuf6_019P3A,New Orleans,LA
Monster Cote,http://monstercote.com/,ChIJ47Zu1pYHQYgRcYCVYXkZd_A,Cincinnati,OH
Firm Foundation Floor Coatings,https://cincyfloor.com/,ChIJcy5ogpJVQIgRQ3zQhHandMY,Cincinnati,OH
Epoxy Systems International,https://epoxy-systems.com/,ChIJ5093wh8zQIgRTKq35_bOp54,Cincinnati,OH
Global Epoxy Plus,https://hireglobalepoxy.com/,ChIJL1_2-QXXQYgRbHtWjnT55ic,Cincinnati,OH
Complete Seal Solutions,https://completesealsolutions.com/,ChIJA2K4lFbLQYgRJ0eqkxe1KVs,Cincinnati,OH
Epoxy Kings,https://originalepoxyking.com/,ChIJba3MD5BPQIgR4Fwxd413uyk,Cincinnati,OH
Cutting Edge Flooring Services LLC,https://www.ceflooringservices.com/,ChIJsYV--mapQYgRYJtU15SQV_4,Cincinnati,OH
Gramer Flooring,https://www.gramerflooring.com/contact-us/,ChIJq6reh5S2QYgRPp7ncNWNcpw,Cincinnati,OH
Concrete Floor Solutions,https://concretefloorsolution.us/contact.php,ChIJAQBEftq3QYgRJUquS1GakQs,Cincinnati,OH
A-Tri State Flooring,https://www.atsflooring.net/,ChIJF-Rk6RZLQIgR920VvWjG5cQ,Cincinnati,OH
Nature Stone,https://www.naturestone.com/,ChIJqfiaSvhRQIgRbkxORdnxK_M,Cincinnati,OH
DK EPOXY FLOORING,,ChIJz04198zHQYgRJ3a7bWzI_iU,Cincinnati,OH
"Diverzify High Performance Floors, formerly Epoxy SI",http://www.diverzifyhpf.com/,ChIJVVVlbtUyQIgR8NtQtGzGw1A,Cincinnati,OH
ASE Floors (American Sealing Experts),http://asefloors.com/,ChIJ55igvkLHQYgRBvg-fZn7Yog,Cincinnati,OH
Esteem Flooring & Co.,https://sites.google.com/esteemflooringco.com/flooring/home,ChIJTaPlWhGxQYgR4UG9wDOq_Ik,Cincinnati,OH
Fortress Floors Midwest Pro,https://www.fortressfloorsmidwestpro.com/,ChIJL4LQxl_vd20RgDwyS7mX1EI,Cincinnati,OH
Ram Concrete Coatings,http://ramconcretecoatings.com/,ChIJMX3rgXPnQIgR_O7RYZsbvwY,Cincinnati,OH
Cincinnati Custom Concrete,https://www.cincinnaticustomconcrete.com/,ChIJe3xGz89TIK8RAfZ4MVteNko,Cincinnati,OH
Cincinnati Concrete Resurfacing,https://www.cincinnati-concrete-resurfacing.com/,ChIJl-VFSC8rmWYRjyCxHusrVaM,Cincinnati,OH
Cincinnati Concrete Polishing LLC,http://www.cincinnaticoncretepolishing.com/,ChIJ-T0iCJX-QIgR8RTrM6_qO0U,Cincinnati,OH
GFC Concrete Coatings,https://gfcohio.com/,ChIJFQZnw9SIQIgR2ddSp1qi-W8,Cincinnati,OH
Seal Pros Concrete Sealing,http://www.sealproscinci.com/?utm_source=google&utm_medium=organic&utm_campaign=gmb_listing,ChIJwZG48V0BQYgRJJxQmUbaXFw,Cincinnati,OH
Viking Concrete and Power Washing,http://vikingconcretellc.com/,ChIJDYO024wHQYgRBgS_s6mwWw8,Cincinnati,OH
Walkers Concrete LLC,http://www.walkersconcrete.com/,ChIJ7WE8gKL7QIgR5JVPApsf1Rg,Cincinnati,OH
Kostoff Construction,https://www.kostoffconstruction.com/,ChIJoRoZohlJQIgR0eMaSMdS4XA,Cincinnati,OH
Superior Concrete Cincinnati,https://superiorconcretecoh.com/,ChIJb30V1hyxQYgR8kO4UeYz0R4,Cincinnati,OH
Cost Effective Concrete | Concrete Contractor,https://costeffectiveconcrete.com/,ChIJiaF-7RytQYgRmJBHfU9NkPU,Cincinnati,OH
Able Ready Construction LLC,https://www.ablereadyconstructionllc.com/,ChIJ2fhzo4m3QYgRNFnOqD6rOAc,Cincinnati,OH
Radiant Resurfacing,http://radiant-resurfacing.com/,ChIJF16Tizw1QIgR0SZjZf-xtUg,Cincinnati,OH
PRO Garage Renovations,https://progaragerenovations.com/,ChIJx-2INcNOE4cRmPEwlmfmxwI,Colorado Springs,CO
XBOC Custom Coatings,http://xboccustomcoatings.com/,ChIJtZkYO042E4cREaxjmMPTTh4,Colorado Springs,CO
The Legendary Epoxy,https://thelegendaryepoxy.com/,ChIJ0UlvzYT8qqwRz_teSNW1_X8,Colorado Springs,CO
Creative Concrete Solutions,https://www.creative-concrete-solutions.com/,ChIJN7FUVsBB9mMRn0WF_5s0Jlo,Colorado Springs,CO
Garage Resources Company,http://garagecomp.com/,ChIJleniVNqzbIcR6NWegd-VzUw,Colorado Springs,CO
Rudolph Garage Storage Solutions,https://www.rudolphgaragestorage.com/,ChIJCbRhlZdaE4cRPsswAoBigOo,Colorado Springs,CO
G3 Flooring,https://g3flooring.com/,ChIJBcWEXaFHE4cRcAUCrJpwgHA,Colorado Springs,CO
Legendary Custom Hardwoods,https://legendarybuiltco.com/?utm_source=google&utm_medium=organic&utm_campaign=gbp,ChIJYaUzpc1HE4cRa8akbVG3i8M,Colorado Springs,CO
Don't Do It Alone Epoxy,,ChIJSc0SyN5HE4cRe_g6dsIxMXc,Colorado Springs,CO
WG Epoxy,http://wgepoxy.com/,ChIJS-onbID5emsRNr4nTVjiVRU,Colorado Springs,CO
Colorado Custom Concrete and Overlays,https://cocustomconcrete.com/,ChIJcVdSRVjy9A0RytJtYj816AM,Colorado Springs,CO
MK Custom Concrete,,ChIJ9xhsXjhHE4cRUHI-yrKePtU,Colorado Springs,CO
J&M Concrete,https://www.jmconcretecos.com/,ChIJu33-BMFEE4cR50BFdmn-A64,Colorado Springs,CO
Go Custom Concrete,http://www.gocustomconcrete.net/,ChIJvVfzVPRIE4cR57RZN3WEqc8,Colorado Springs,CO
Perfect Garage Floors,https://www.perfectgaragefloors.com/,ChIJB4L_XKD5rlQRmrNobRtMTz8,Boise City,ID
Armor Flooring Idaho Epoxy LLC,http://armorflooringidaho.com/,ChIJFbSUjm1XrlQRkyZJWxpDY0Y,Boise City,ID
Snake River Epoxy & Trade,https://www.boiseepoxyflooring.com/,ChIJdZ8J-S3I3Q0Rta91bHXsYxQ,Boise City,ID
208 Epoxy Flooring,http://208epoxy.com/,ChIJpZTWM8b_rlQRmPRmWNmqenE,Boise City,ID
Diamond Epoxy - Idaho,http://diamondepoxyidaho.com/,ChIJQW6VVDyCPw0RhWLs2MLZFvs,Boise City,ID
Epoxy Floors Boise,,ChIJZS6vw3pTrlQRiprX7dW4vxg,Boise City,ID
Patriot Epoxy and More,https://patriot-epoxy.com/,ChIJA97GV4DMnS4RPo3yFi9wfnI,Boise City,ID
Go Floor Tech LLC,http://www.gofloortech.com/,ChIJ5zrpbEj_rlQRWrHG-Psm26I,Boise City,ID
White Cloud Concrete Coatings,https://www.whitecloudcoatings.com/,ChIJQ1lwZRFVrlQRnDv2M8_ivb4,Boise City,ID
Sawtooth Epoxy,https://sawtoothepoxy.com/,ChIJ1ZqjfCKRQE8Rw0Wy-TewzEo,Boise City,ID
Silverline Systems,http://www.silverlinesystems.com/,ChIJ_YdS0C1UrlQRXsWCRz7wojA,Boise City,ID
Caveman Custom Garages,https://cavemancustomgarages.com/,ChIJq8TFG8BfmSQRFpD1ZLpRo4g,Boise City,ID
Dream Coatings,http://dreamcoatingsidaho.com/,ChIJK9csX5f_rlQR0wct07bZp_8,Boise City,ID
Spray 'n Coat Painting and Epoxy Flooring,https://www.sprayncoat.com/garage-floor-coating,ChIJtwkSUmVJAywR5cslQsvtq38,Boise City,ID
C Ready Epoxy LLC,,ChIJn0gBYwBTrlQRbE5ZF5R8uXA,Boise City,ID
DaVinci Concrete Coatings,http://www.davinciconcretecoatings.com/,ChIJCYGK9ZOjGmIR7vgosNJmkVY,Boise City,ID
The Concrete Cure - Decorative Concrete Coatings,http://www.theconcretecure.com/,ChIJzRFG_eBVrlQRoLsWKGSF3vc,Boise City,ID
Concrete Armor LLC.,https://www.concreterepairboise.com/,ChIJ9YgLvtdXrlQRUNq3AEtv6fg,Boise City,ID
Boise Concrete Contractors,https://www.boiseconcretecontractor.com/,ChIJm-0NXYNVrlQRUSOp7U8NqZc,Boise City,ID
Authority Concrete Coatings,,ChIJFbzMk-pTrlQR17py2_1M-JU,Boise City,ID
Mr. Mudd Concrete,https://www.mrmuddconcrete.com/,ChIJv43SSpb_rlQRuQQBy7yzAv8,Boise City,ID
Ultimate Concrete,https://ultimateconcreteidaho.com/,ChIJF6e-Q55QrlQRSATsZUu1a4Q,Boise City,ID
RS Concrete Coating & Polish,https://www.rsconcreterestoration.com/,ChIJ87Un7XaoW28RJiMIT4LSZMQ,Boise City,ID
Magic Raising Concrete Repair LLC,https://www.concreterepairboiseid.com/,ChIJWcy3Az1WrlQRKJTYwiQO6AY,Boise City,ID
Aard Cement Inc,https://www.aardcementboise.com/,ChIJnbNjduRWrlQRtRJ6jVeuU50,Boise City,ID
Diamond Concrete Polishing,http://www.dcpolish.com/,ChIJsRCsM_z2rlQRqREU-bOx-Ks,Boise City,ID
Leveled Up Concrete Inc,https://www.leveledupconcrete.com/?utm_source=cumulus&utm_medium=onlinepresence&utm_campaign=gbp,ChIJvStobdYtrFQRAGwy51Mk3HI,Boise City,ID
City Of Trees Construction LLC,https://cotconcrete.com/,ChIJb_RhIY9FrlQRf0p-zOdzjXA,Boise City,ID
Rogue Concrete & Construction,,ChIJN77e8_r4M2IRfiwOFzV8AMo,Boise City,ID
Catalpa Concrete,https://www.catalpaconcrete.com/,ChIJZd9vNtZrpSURH8MU4nthkuk,Boise City,ID
Consurco,http://consurco.com/,ChIJ6VHzNuVTrlQRKSfOPx5nx5I,Boise City,ID
Sublime Concrete Design,http://www.sublime-concrete.com/,ChIJVVXhZc5XrlQRmS7aR3dMbhg,Boise City,ID
A1 Concrete Pumping,http://a1pumpco.com/?utm_source=gmb&utm_medium=referral,ChIJuSL79xxFrlQRnFDxBP_EWqU,Boise City,ID
Modern Concrete and Design,http://www.modernconcreteidaho.com/,ChIJASUOwHZXrlQRqtK3_C5OI6Q,Boise City,ID
Lenz Concrete,http://www.boisecustomconcrete.com/,ChIJ5TGUZN74rlQRm8dB_zJkJ-Y,Boise City,ID
A-Core Concrete Specialists of Boise,https://a-core.com/locations/boise?utm_source=google&utm_medium=organic&utm_campaign=google_business_profile,ChIJDW74Itj3rlQR_1jhPzwzah4,Boise City,ID
Concrete Cutting Services,https://www.ccs-idaho.com/,ChIJdyIRJ4H4rlQRC07Zk8lHfeU,Boise City,ID
IMAGEFLOORS LLC,,ChIJwwOBUY3m5okRpW7IczyxU3U,Springfield,MA
Tims Flooring LLC,https://www.timsflooringllc.net/,ChIJN-iygNZeN4URXboNxtyenIU,Springfield,MA
South Shore Epoxy Floors,https://www.southshoreepoxy.com/,ChIJzfB0eTqtrUMR2-ZkcsaziKk,Springfield,MA
417 Epoxy Supply Co.,https://417epoxysupply.com/,ChIJSynXE5Z9z4cRKarxzC_kYmg,Springfield,MA
New England Epoxy Supply,http://epoxy-supply.com/,ChIJXTpRIiJt44kRNb01qO46TWk,Springfield,MA
E P Floors Corp,http://www.epfloors.com/,ChIJB8UL0NHA5okRgW5gt_WcVXA,Springfield,MA
Pro Floor LLC,https://profloor.site/,ChIJz5vK30XB5okRyYjpKckpRUE,Springfield,MA
Springfield Concrete Solutions,,ChIJIwSW4fHm5okR1_-uGEQITpA,Springfield,MA
Best Decorative Concrete,,ChIJmeFgnaDn5okRrZ8snq-QclY,Springfield,MA
MMALLEL EPOXY DESIGNERS,http://www.mmallelepoxy.com/,ChIJ8-BBZ82lZYYROvz01f93nUE,McAllen,TX
NanoTech Epoxy South Texas,http://www.nanotech-epoxy.com/,ChIJrcgcFuJ1ZYYRlcDtAQBSKjQ,McAllen,TX
RGV Concrete Stain,https://www.rgvconcretestain.com/,ChIJAQC8gswLZYYRCcQ0gXg8Hxo,McAllen,TX
Intertech Commercial Flooring - RGV,https://intertechflooring.com/,ChIJd79WjA-oZYYRMGUCOWbcnR8,McAllen,TX
Total Surface Concepts LLC,https://totalsurfaceconcepts.com/,ChIJsxiYxeNaaIYR02BKYko1gNM,McAllen,TX
Republic of Texas Concrete Coatings,http://www.republicoftexasconcretecoatings.com/,ChIJt4xRt2j1aIYRblx3HLs2fNw,McAllen,TX
Semper Fi Epoxy Coatings,https://semperfiepoxycoatings.com/,ChIJfS-XuClbRGERC4T0rjFrFlA,McAllen,TX
Barrons coatings and more.,,ChIJE7AWoDoLZYYRoEygizCdVCc,McAllen,TX
Borders By Design Decorative Concrete,http://www.bbddconcrete.com/,ChIJhUZXIhqkZYYRjo9pl6h0ibY,McAllen,TX
C&G Epoxy Resin Coatings,https://cgepoxyresincoatings.com/?utm_source=Google&utm_medium=GMB&utm_campaign=Clicks,ChIJ22Ep8pWVb4YRVOmDuGCArAU,McAllen,TX
Garage Force of Waco,https://www.garageforce.com/,ChIJAQBQHPGGT4YRbwVTsr9loSs,McAllen,TX
McAllen Concrete Contractor,https://www.mcallenconcretecontractor.com/,ChIJ_RxvbTGnZYYR4RBL20xWY_M,McAllen,TX
Mcallen Concrete Professionals,http://mcallenconcreteprofessionals.com/,ChIJj1uupn2lZYYRnSaSt1Sxoyo,McAllen,TX
TY McAllen Concrete,https://www.concretemcallen.com/,ChIJXdQ-tiKnZYYRJAGwlj7s7I8,McAllen,TX
M.S Exposed Aggregate & Decorative Concrete,,ChIJgdmYzmanZYYR_BsBDKsMgZU,McAllen,TX
Solido Concrete Work,,ChIJw-K63seZZYYR2t-cyowRiAQ,McAllen,TX
RedDot Construction & Painting,https://reddotrgv.com/,ChIJEfXsJ2WlZYYRMphjAgRRbP8,McAllen,TX
Palmetto Epoxy Floors LLC,https://palmettoepoxyfloors.com/,ChIJPbCLBDfb0IkREeS_RNxKIbw,Charleston,SC
Epoxy The Carolinas,,ChIJf6xezptAwkURdT5WgNLLC8U,Charleston,SC
FlowState Epoxy Flooring of Charleston,https://epoxyflooringcharlestonsc.com/,ChIJj7M5jwVj_ogRRVfYGc6mwdY,Charleston,SC
Coastal Stone Flooring,https://www.coastalstonefloors.com/,ChIJKSLqjMlx_ogRH7ku-3niuA4,Charleston,SC
XPS Xpress Charleston,https://epoxyfloorsofcharleston.com/,ChIJL81pju97_ogRwtPTGgaiLqY,Charleston,SC
Summerville Concrete Coatings,http://summervilleconcretecoatings.com/,ChIJ0zVTKPFhi48R6MGxqM6BxnI,Charleston,SC
"SLAB TECH - Concrete floor polishing, sealing & resurfacing.",http://www.slabtechsolutions.com/,ChIJR27uXGtFRVMROI08N2v0eEU,Charleston,SC
Island Epoxy,http://www.islandepoxy.com/,ChIJn7kVzCIxAIkR_uGY3TQOMsw,Charleston,SC
Carolina epoxy plus,https://carolinaepoxyplusllc.com/,ChIJh-uk6-MHOIQRiTjGVcJ3mRU,Charleston,SC
Diamond Decorative Coatings,https://www.diamonddecorativecoatings.com/,ChIJRbkW19tj_ogRmpvYgSx41xI,Charleston,SC
Tripp Garage Floor Coatings,http://trippgaragefloors.com/,ChIJ8Wqiy47AVaoR689BOg8GVTU,Charleston,SC
Carolina Flooring Specialists,http://carolinaflooringspecialists.com/,ChIJX2VR53YrWIgRhoHn2vmjOFY,Charleston,SC
Home Run Coatings,https://homeruncoatings.com/?utm_source=google&utm_medium=organic&utm_campaign=gbp,ChIJZ3G5swopWIgR8yECnvt7sKY,Charleston,SC
Innovative Concrete Coatings,https://innovativeconcretecoatings.com/,ChIJvUQUm3KR-4gRLSwRDwwoylc,Charleston,SC
IronDrive Garage Floors,https://irondrivegaragefloors.com/,ChIJW3ZqZbg5WIgR6uyfPTJfIOo,Charleston,SC
Shane Ray Custom Garage floor Coatings,http://www.shaneraypainting.com/,ChIJ6SsxJTErWIgRVKg8jaItf6g,Charleston,SC
Surface Bella Garage Floors,https://www.surfacebellagarage.com/,ChIJL7PcJuQpWIgRhIZSbCXbxts,Charleston,SC
May River Concrete Coatings,https://mayriverconcretecoatings.com/,ChIJ-VfYuzZPcS0R3tUYfliNAwc,Charleston,SC
Southeastern Concrete Coatings,https://www.southeasternconcretecoatings.com/,ChIJH8oT3rFl_ogRYrAspFwdkcE,Charleston,SC
Concrete Charleston,https://concretecharleston.com/,ChIJDdYgfex7_ogRJxewxHEBzzA,Charleston,SC
Atlantic Surface Solutions,https://atlanticsurfacesolutions.com/,ChIJlWsQoslt_ogR5-dRV8RmHKc,Charleston,SC
Finishing Touch Contracting LLC,https://www.finishingtouchcontracting.com/,ChIJuTwHsf2rsAQRxrKXIIuQLds,Charleston,SC
Platinum Concrete Coatings LLC,https://www.platinumconcretecoatingsllc.com/,ChIJtyWoIJ3N-YgRLkhZYywvP_g,Charleston,SC
Chucktown Concrete,http://www.chucktownconcrete.com/,ChIJFb1Z3rV5_ogR67-Dzx6Z_rA,Charleston,SC
Charleston Concrete,https://charlestonconcrete.co/,ChIJLUBfmXh7_ogRFA-EM06C7g8,Charleston,SC
Creative Coatings-Myrtle Beach,https://www.creativecoatingsofmb.com/,ChIJbz9fAC9qAIkR6RdtTjAmvxY,Charleston,SC
Signature Surfaces,https://signaturesurfacesllc.com/,ChIJOWWCn09l_ogRcp03DezooYg,Charleston,SC
Venture Concrete Charleston,https://www.ventureconcretechs.com/,ChIJ1bWNmqRtWU8RriWDqdYRniI,Charleston,SC
Diamond Concrete Solutions,https://www.diamondconcretesolutions.com/,ChIJ520EFGiX-IgRrUH0LEq_JQ8,Charleston,SC
Sam The Concrete Man Charleston,https://charleston.samtheconcreteman.com/?utm_source=Google&utm_medium=Listings&utm_campaign=GBP,ChIJ9zFiDfZ9_ogRChmlEn8DyO4,Charleston,SC
Epoxyverse Luxury Floor Coatings LLC,,ChIJ29eCNwt9_ogRXVsveHhe1Eo,Charleston,SC
Deckcrafters of Charleston,,ChIJVeiXL4Z9_ogRNHFYRKJ4YPM,Charleston,SC
Southern Concrete Coatings,,ChIJefSihY-M_ogRXA3E4aH9zXY,Charleston,SC
Apex Floor Coatings,https://daytonepoxy.com/,ChIJj9HLhlFhQIgREs_JCBuuDxc,Dayton,OH
Superior Hard Surface Solutions,https://www.superiorhardsurfacesolutions.com/,ChIJ4-YCXEFkP4gReihu-SffO80,Dayton,OH
Epoxy Hub,https://myepoxyhub.com/?utm_source=google&utm_medium=organic&utm_campaign=gbp,ChIJDXR0PiOJQIgRywGU2i9yKxo,Dayton,OH
Hightech Performance Coatings,https://hpccoatings.com/,ChIJIWNOsYqBQIgRjiKgJyW_R8Q,Dayton,OH
C & B Resin Solutions LLC,http://cbresinsolutions.com/,ChIJc-Bt9TgRX2ARio9N6AUGYrg,Dayton,OH
High Traffic Flooring,https://hightrafficflooring.com/,ChIJXe6WHDjfPogRankpK0nYdXk,Dayton,OH
Brown Epoxy Flooring,https://brownepoxyfloors.com/,ChIJS4TGwFrGO4gRZw5rShYXXIs,Dayton,OH
Garage & Home Transformations,http://www.garagetransformations.net/,ChIJhd3v8GlhQIgRJGunOSu2LhY,Dayton,OH
With Garage Floor Epoxy,https://emngaragefloorepoxy.com/contact/,ChIJ__8DgpecQIgRg6zsfJ3YkfU,Dayton,OH
LNS Concrete LLC,https://www.lnsconcrete.com/,ChIJCyB7XgJnP4gRYc0nR1EfOQ8,Dayton,OH
Minster Concrete Coatings,http://www.minsterconcretecoatings.com/,ChIJXTcKkvquP4gRasbDAA37GiI,Dayton,OH
Concrete Pro,https://concretepro.com/,ChIJiW3cx1KPQIgRqy4KKyTwJKw,Dayton,OH
Tom Zengel Concrete & Contracting Inc.,,ChIJ8QR_8sSNQIgR__sa5RRlgtI,Dayton,OH
Dayton Concrete Contractors Co,,ChIJ0RIT3XVqsWURVPqGkq2C3yg,Dayton,OH
Sensational Concrete,https://www.sensationalconcrete.com/,ChIJIWDu_MaOrwwR_-y-CdCZlCY,Dayton,OH
m concrete studios,http://mconcretestudios.com/,ChIJ72BDO3aEQIgRL4S7SyayMNU,Dayton,OH
Elevated Concrete Lifting,https://www.elevatedlifting.com/,ChIJnX89IOIBMYMRfbzClr2GZew,Dayton,OH
Buckeye Concrete Coatings,http://www.buckeyeconcretecoatings.com/,ChIJJ17vtnxFPIgRnpSviEIpeSU,Dayton,OH
Signature Concrete Inc,https://signature-concrete.com/,ChIJ-WPm3SePQIgR2tfOSLPWUws,Dayton,OH
Stinson Concrete Contractors,http://stinsonconcretecontractors.com/,ChIJjz_3stOGP4gRLlApYbcNGII,Dayton,OH
Great American Flooring,https://www.greatamericanflooring.com/,ChIJz2jTT5TjuocR4WhL69RM9-o,Wichita,KS
Elite Epoxy,,ChIJm6ExKK7nuocRp6bUkGtnNU8,Wichita,KS
Titan Guard Concrete Coatings,https://www.tgcoatings.co/,ChIJP_IYaMoaSkYRL6DZgJryox4,Wichita,KS
Artistic Polish & Design,,ChIJXagCqsLmuocRnCSh2E6p4fw,Wichita,KS
Seal Pro,https://www.sealproict.com/,ChIJ9Vzh1qnhuocRtzfBpsRxUOk,Wichita,KS
Foster Flooring,http://www.fostergymflooring.com/,ChIJKR3ApzreuocRM9_7zR9Q0rc,Wichita,KS
Wichita Wood Floor Specialists,http://www.wichitawoodfloorspecialists.com/,ChIJq6qqqn7guocRTTG-na4DW2E,Wichita,KS
Epoxy Injection Systems,https://www.epoxyinjectionsystems.com/,ChIJfezpDYbvuocR7oBRu767t94,Wichita,KS
Sundek of Wichita,https://www.sundekofwichita.com/,ChIJbUpC5U3huocRf4t4KVg26Zw,Wichita,KS
Farha's Carpet & Building Supply,https://farhas.com/,ChIJh87Npf_juocRuIxqwn0-Pf8,Wichita,KS
E & J Concrete and Dirt Work,http://www.eandjconcrete.com/,ChIJL5j33Y_juocRU9zQ_M0DYf8,Wichita,KS
Stover Concrete Creations,http://www.stoverconcretecreations.com/,ChIJ8wmA2v3guocRS_YAsyn1oCw,Wichita,KS
Cutting Edge Resources Inc.,https://cuttingedgeks.com/,ChIJK8ek2pkCnAsRq9JnoAfqf0g,Wichita,KS
Excel Epoxy,,ChIJaauRjSBTuocR4mTDFmWznXg,Wichita,KS
G1 Concreet Coating,http://www.g1concretecoats.com/,ChIJJznfVaLjuocRhhk2t_dAiFk,Wichita,KS
Refined Coatings LLC,,ChIJc7apwr5pu4cR6jh6FIVtsSw,Wichita,KS
Arise Concrete Leveling,https://ariseconcreteleveling.com/?utm_source=google&utm_medium=gbp&utm_campaign=profile,ChIJKSLtiyThuocR8yz2ZsgoIDo,Wichita,KS
Big Fish Concrete Coating,,ChIJtw1C01fhuocRAN4_ok8iiFE,Wichita,KS
ICT Caliber Concrete,https://ictcaliber.com/,ChIJkdbNC93juocRkdMHD__Tuwk,Wichita,KS
Voegeli Concrete Construction,http://voegeliconcrete.com/,ChIJXe1BFjIgu4cRTyeh7H9AG3I,Wichita,KS
"Concrete Leveling of Kansas, LLC",https://www.concretelevelingofkansas.com/,ChIJKbPAYKj_uocROeljwcBqmU4,Wichita,KS
Heinz Construction,https://heinzconstruction.com/,ChIJDyQ_ef8bu4cRkwMRVjaqc-s,Wichita,KS
M6 Concrete Accessories,http://www.conacc.com/,ChIJhVHJ0y7huocRDscybC9jQUA,Wichita,KS
Opp Concrete Inc,http://oppconcretewichita.com/,ChIJp3xT1dbguocRUE2eRidjoZU,Wichita,KS
Wichita Construction and Concrete,https://wichitaconstructionllc.com/,ChIJMyH96bLfuocRvB7THffY5sI,Wichita,KS
Showroom Luxury,http://showroomluxuryreno.com/,ChIJuR4z5fsFKYoR9nRc6IClMBE,Reno,NV
Battleborn Concrete Coatings,https://www.battlebornconcretecoatings.com/,ChIJ_Y7j-OJHmYARxUnSmoMo7PA,Reno,NV
Nevada Custom Coatings,https://nevadaepoxyflooring.com/,ChIJV8fncv9BmYARknNe5MmceXw,Reno,NV
Evolution Industries,http://evolutionind.com/,ChIJO4nYQdlamYARm4bwrezpz5A,Reno,NV
"SILegacy Floor Finishing, Inc",http://www.silegacy.com/,ChIJReyPjiI_mYARSPbsU2m5Coc,Reno,NV
The Floor Store & More,http://thefloorstorereno.com/,ChIJ3XZmiFQ_mYARvv1uYLuEFnI,Reno,NV
Diamond Coat Epoxy Reno,http://diamondcoatepoxy.com/reno-nevada/,ChIJl3YHwd8-mYAR8YL4juHshpE,Reno,NV
Floor Tech Inc.,http://floortechinc.net/,ChIJZ9i0D3MVmYARv5A2FpQCRE4,Reno,NV
"High Desert Surface Prep, INC",http://www.hdspnv.com/,ChIJ__9vHMgTmYARKy-cC7bC_s4,Reno,NV
Deckade Advanced Flooring Systems,http://deckade.com/,ChIJAQAAwMpAmYAR18jLhmu0YSI,Reno,NV
Battle Born Painting,https://www.battlebornpainting.com/,ChIJB4FVMXMVmYARjzt4BDAUCfY,Reno,NV
Reno Concrete Solutions,https://www.renoconcretesolutions.com/,ChIJh_2bH_BHmYARlVe6QXMfYQ0,Reno,NV
Sierra Design Concrete,https://www.sierradesignconcrete.com/,ChIJOYoQe9c2mYARhGUke1MS-Xs,Reno,NV
Reno Concrete Coating,,ChIJfzyV_LhAmYARnDASWZ7gjT0,Reno,NV
Green Lands Pro Concrete Contractors,https://greenlandsproconcretecontractors.com/,ChIJZ2LcaFdHmYARK_k1FHw1hy0,Reno,NV
Diamond Coatings,http://www.diamondcoatings.co/,ChIJYWVEld8-mYARzeoRl5OlRgo,Reno,NV
Anchor Concrete,https://www.anchorconcretenv.com/,ChIJG12SZRo_mYARhvqjqbF0THA,Reno,NV
Action Concrete LLC,http://actionconcretereno.com/,ChIJX0H_ZOpJmYAREdsOOmKlw74,Reno,NV
Concrete Sparks NV,http://concretesparksnv.com/,ChIJi63SBkg_mYARfsjAPftjR8o,Reno,NV
CALNEVA COATINGS LLC,https://calnevacoatings.com/,ChIJe6rFnWkVmYARRl6JxNtwNLE,Reno,NV
"Prestige Construction, LLC",https://prestigebuildingreno.com/,ChIJVVWl37tImYARJ1RjR7hlg2A,Reno,NV
Nevada Commercial Coatings,http://nvccreno.com/,ChIJ9QSHm6o5mYARFgWtqJSnUUk,Reno,NV
Construction Development Services Concrete Co,,ChIJCWriNKJBmYARua-tUYWOLcU,Reno,NV
Northern Nevada Concrete,http://nnvconcrete.net/,ChIJbYIFzHk9mYARDf-N-_JLQBs,Reno,NV
Floor Aesthetics,,ChIJv6BBImQVhYARz5Yxz7p_8Ok,Fairfield,CA
Rasmusen Painting & Concrete Coating,https://www.rasmusenpainting.com/,ChIJ_SC-8IkGhYART1o_OkgLHNU,Fairfield,CA
Innovative Concrete Solutions Inc.,https://innovativeconcretesolutionsinc.com/,ChIJxXv_nS30oE0RMrO5DCEDf0M,Fairfield,CA
CG Coatings Inc,https://cgcoatings.com/,ChIJn1ZQWIsThYAR8mkaJ4FRP2E,Fairfield,CA
Concrete & Synthetic Turf,https://www.concretesyntheticturf.com/,ChIJ5awYPazcyGIRlmuqsg5W1UQ,Fairfield,CA
Iron Valley Concrete,http://ironvalleyconcrete.com/,ChIJRXpRly4XhYAROlbC8yrj2FY,Fairfield,CA
Maxicrete,https://www.maxicrete.com/,ChIJCx2qxjcUhYARgMwWZTp-P2Q,Fairfield,CA
DCS Interlocking Pavers,https://dcspavers.com/,ChIJl597XDAUhYARSGaqKQ0RC10,Fairfield,CA
Certified Coatings of Calif,,ChIJNTIA4W8UhYARIKC8DivH8I0,Fairfield,CA
Walnut Creek Concrete Pros,https://concretewalnutcreek.com/contact/,ChIJLZ2LQMBhhYARas9JbPsoNP8,Fairfield,CA
Pedro’s flooring,,ChIJsXOzfwAThYARTq8JscvBKsY,Fairfield,CA
A & A Concrete Supply Inc,http://aaconcretesupply.com/,ChIJf7EwJQlHhYARjrHWROYXyMI,Fairfield,CA
R V Concrete,,ChIJ_7q8VFcWhYAR_TZr4gIoxnE,Fairfield,CA
Steve Holloway Painting & Concrete Coatings,https://www.stevehollowaypainters.com/?utm_source=google&utm_medium=organic&utm_campaign=gbp_listing&utm_content=website_button,ChIJWXNaCI5p6oARYsC6RrlHfKc,Bakersfield,CA
"Floors Reborn, Inc.",https://floorsreborn.com/,ChIJSa5-f1VD6oARvCzeWaMNTY4,Bakersfield,CA
Michael Surface Solutions Inc,http://www.michaelsurfacesolutions.com/,ChIJte02lJdB6oARlQjjAsHCnus,Bakersfield,CA
E-Z Epoxy,,ChIJa0QE0ilD6oARV1epZi3FBPs,Bakersfield,CA
Pacific Cal Floor,http://pacificcalfloor.com/,ChIJpYv-xhNB6oAR1uyM9saCfGs,Bakersfield,CA
Visual Flooring & Moulding,https://visual-flooring-moulding.com/,ChIJG8JuUdBr6oARX3W56yNeuco,Bakersfield,CA
California Surface Solutions Inc.,http://casurfacesolutions.com/,ChIJx8wpNzpA6oARaPuVtLDf3hY,Bakersfield,CA
JR & CO. FLOORING COMPANY,https://www.jrandcoflooringcompany.com/,ChIJUSe6GaPsraYRWi20syPUTvU,Bakersfield,CA
topnotchfloorsbakersfield,,ChIJQTutTzBB6oARqFEF2q82eh0,Bakersfield,CA
West Coast Custom Concrete,http://www.westcoastcustomconcrete.com/,ChIJswwKOXZu6oAR7TQs9Md4Zyc,Bakersfield,CA
Bakersfield Concrete Contractors,http://bakersfieldconcretecontractor.com/,ChIJc2DFqktD6oAReP5IZjOEYXk,Bakersfield,CA
Kern County Custom Concrete inc,http://kerncountycustomconcreteinc.com/,ChIJS-XN7AZs6oAR-Qto6ISQcTs,Bakersfield,CA
Aztec Custom Concrete,https://azteccustom-concrete.com/,ChIJw_-RHk-MjS4RhDVEdCm3UbA,Bakersfield,CA
S & L Concrete LLC,https://www.slconcreteservices.com/,ChIJtZfVT64Mb6ARGnR5x9Ajdlk,Bakersfield,CA
Martinez Concrete Constructors,https://martinezconcreteconstructors.com/,ChIJRW88MsJr6oARgUJ8Vqb2L5g,Bakersfield,CA
SURFACE COATINGS USA,,ChIJnfPh4uNB6oARok7a8_04hAE,Bakersfield,CA
Cherokee Concrete,,ChIJD5UJxVVA6oAREyEnKvVKEQ4,Bakersfield,CA
Rosedale Concrete Construction Inc,https://rosedaleconcrete.com/,ChIJx-iSe3RQ6oARimH_1s7JlDA,Bakersfield,CA
Kerncrete,,ChIJq6rePUVs6oARDdbyKajodzU,Bakersfield,CA
Cerda Concrete,http://cerdaconcrete.com/,ChIJZ3LGcipq6oAR84r_iXrg75E,Bakersfield,CA
Bakersfield Concrete Limited Partnership,,ChIJwVmJaRZF6oARR_621P4ug9Y,Bakersfield,CA
Whitestone Industries,http://wsindustries.com/,ChIJ8fdkcC9A6oARN3fwUEPvwkU,Bakersfield,CA
C & L Coatings Inc,,ChIJOZfhKuxC6oAR2fR12dCnj-I,Bakersfield,CA
Revival Concrete Coatings & Painting,https://www.revivalconcretecoatings.com/,ChIJLX9jrpYh7IcRWBGQu9z1s1Y,Des Moines,IA
Garage Force of Des Moines,https://desmoines.garageforce.com/,ChIJmwBpg80ScQIRqKot67WAp4o,Des Moines,IA
Durable Coatings,https://durableiowa.com/,ChIJ9bqDv1twAQoRXNbV9mHtQek,Des Moines,IA
Apex Coatings LLC,https://apexcoatingsiowa.com/,ChIJWaEC-SvOlIcRZJakPqIq6BI,Des Moines,IA
Mr. Seal Garage Floors,https://mrsealfloors.com/,ChIJVTS81kYl7IcRhIwi7RRO3cw,Des Moines,IA
"Iowa Epoxy Flooring, LLC",https://www.iowaepoxy.com/?utm_campaign=gmb,ChIJmZ0vGi8D7YcRsZoCn4RhmEs,Des Moines,IA
DCD Garage Floors,http://www.notjustgaragefloors.com/,ChIJqcWYwzX_7YcRMThLPbYvzsE,Des Moines,IA
M&M Epoxy Flooring,http://www.substrateiowa.com/,ChIJRRAptZad7ocRw9HpNZtm93w,Des Moines,IA
515 Concrete Floor Polishing,http://515concretefloorpolishing.com/,ChIJh01CuL-7uCoRz0g2tP3E-b4,Des Moines,IA
Architectural Concrete Supply,https://www.go2acs.com/,ChIJAQBw4umf7ocR2gkHMHqnBvo,Des Moines,IA
515 Decorative Concrete Supply,http://www.515dcs.com/,ChIJobMCO4WV7ocRtX9wdjMX36g,Des Moines,IA
Scott's Flooring LLC,,ChIJQ7CAS26Z7ocRE3k3oDmr0Lo,Des Moines,IA
Absolute Garage & Closets,https://www.absolutegarage.net/?utm_campaign=gmb,ChIJpwg_3bIg7IcRx4eoePk6yPQ,Des Moines,IA
Artistic Concrete,http://www.artisticconcreteinc.com/,ChIJQbJk-CM17IcRx_wwKF_K2MM,Des Moines,IA
Unique Floors,http://www.uniquefloorsofiowa.com/,ChIJv_tUNviZ7ocRikysoVr5NIQ,Des Moines,IA
Ralph N. Smith Inc.,,ChIJw2of2xKZ7ocRruq9yFoQ3Zs,Des Moines,IA
Sherwin-Williams Floorcovering Store,https://www.sherwin-williams.com/store-locator/commercial-floorcovering-store/des-moines/ia/701251?utm_source=google&utm_medium=local_listing&utm_campaign=tag_local_listing,ChIJ8UAOxGea7ocRMtZ0QJnAczs,Des Moines,IA
Habitat for Humanity ReStore - East Euclid,https://dmrestore.org/,ChIJdbXi_4KZ7ocRd5SabC2XWDw,Des Moines,IA
Architectural Products Inc,https://www.apiowa.com/,ChIJA9yD_umf7ocRqCTLRwZt6y4,Des Moines,IA
Ewing Concrete Services LLC,http://ewingconcrete.biz/,ChIJiVSxHw-e7ocRhaRftYUOJTE,Des Moines,IA
Profaster Services,https://profasterservices.com/,ChIJgQePBiej7ocRAVsYTnUR9CU,Des Moines,IA
Midwest Epoxy Flooring / Midwest Protective Coatings Of Mason City,http://www.midwestepoxyfloor.com/,ChIJ-5UHXWMH8YcREGfWEgyjOMA,Des Moines,IA
Baker Concrete Coatings,,ChIJdQCrXgiBjocRFhnqJRBa8ZQ,Des Moines,IA
Top Tier Construction LLC,https://toptierconstructionllc.org/#266c7086-da87-4ad4-85ab-a72e8a4174ac,ChIJx-gvko1ZvG4RffSJi11hSF4,Des Moines,IA
Colin Concrete Des Moines,http://colinconcretedesmoines.com/,ChIJEYLTxJCZ7ocRMNqq3SjDAvk,Des Moines,IA
"Designer Concrete, LLC.",https://iowadesignerconcrete.com/,ChIJr0wjxgwB44cRkMAcbvwlRpk,Des Moines,IA
Primos Concrete LLC,https://primosconcreteiowa.com/,ChIJN5iwfEOZ7ocRo7031Jx_LE4,Des Moines,IA
Elite Crete LLC,http://www.elitecreteia.com/,ChIJkRnV2bs5jIcRdDvTf28tpXQ,Des Moines,IA
Precision Coatings and Painting,https://precisioncoatingsandpainting.com/,ChIJ_70Rv6HL5ocR7JKbDRo1sso,Des Moines,IA
"CMC Solutions, LLC",https://www.cmcsolutionsia.com/,ChIJSR80_LeF7ocRjt_bQDgG_EY,Des Moines,IA
Schilling Group Inc.,https://schillinggroupinc.com/,ChIJT85qbq8h7IcR_qjzmtlORlg,Des Moines,IA
Garcia Concrete llc,http://garciaconcretellc.com/,ChIJ-4jjyLGj7ocRS6KdPXELCNY,Des Moines,IA
Corridor Concrete Polishing & Epoxy,http://corridorconcretepolishing.com/,ChIJszorH7pb5IcR0yW6OhyPy44,Des Moines,IA
GLC Construction LLC,https://www.glcconstructionllc.com/,ChIJiUUPXLHPZWIRsoRaxtHUpQI,Des Moines,IA
I-80 Design,https://i80concrete.com/,ChIJ8-67sasg7IcRXjWfk8fKbAA,Des Moines,IA
"A&H Concrete Polishing, LLC",https://www.ahconcretepolishing.com/about-us,ChIJq6q6g6J28ocR_zMIDsnOUmk,Des Moines,IA
Excellence Concrete,https://www.excellenceconcrete.com/,ChIJ_wKH7Di97ocRvo3AVQ-ddSE,Des Moines,IA
HS Concrete Inc.,https://www.hsconcrete.net/,ChIJCXkslQBKD2IRV6NM766b_Fo,Des Moines,IA
Kelly Designs In Concrete,https://designsinconcrete.com/,ChIJhWwUeVvK44cRQFAC1H73dl0,Des Moines,IA
Concrete PolyFix,https://www.concretepolyfix.com/,ChIJi1QDvs2j7ocR8nDLj1NhjBc,Des Moines,IA
All Pro Floors,https://www.all-profloors.com/,ChIJAZy1iF84hIARMAjFoIACdiI,Santa Rosa,CA
Flooring FX,https://flooringfxinc.com/contact/,ChIJAQDwnV84hIARI_IgFrPOpOA,Santa Rosa,CA
Floortex Design Abbey Floors of Santa Rosa,http://floortexdesign.com/,ChIJRXxW1FtGhIARghLChsNRZlE,Santa Rosa,CA
The Floor Store,http://www.floorstores.com/,ChIJbYy8DylIhIARiNlytjpbeTA,Santa Rosa,CA
DelGrosso Design,http://www.delgrossodesign.com/,ChIJxZbcTk1PhIAROY26tkeTgIs,Santa Rosa,CA
I Fix Concrete,http://ifixconcrete.com/,ChIJYWQLF9dJhIARuyny2Cc20k0,Santa Rosa,CA
Emser Tile,http://www.emser.com/,ChIJQ1Y5USY2hIARpARWlNmITIQ,Santa Rosa,CA
Empire Floors,http://www.empirefloorsca.com/,ChIJ35NA_vQ4hIARIVMWefPjslI,Santa Rosa,CA
Garage Force of Northern California,https://northernca.garageforce.com/,ChIJweMYQ1KT0lQRjxIHyvKaSIM,Santa Rosa,CA
Deluxe Shotcrete and Concrete Construction,,ChIJ_RMA4Ps3hIAREKmGwY3Kty4,Santa Rosa,CA
LRM Concrete Co.,,ChIJEyYNPo43hIAR0aqEnivD-uE,Santa Rosa,CA
San Carlos Concrete Inc.,https://www.sancarlosconcrete.com/,ChIJN6ObpgKi_aIRu3oxD8CWmd8,Santa Rosa,CA
Aleman Concrete,https://alemanconcreteconstruction.com/,ChIJlYvPDzstTUwRxvgoFIC7FcE,Santa Rosa,CA
Concrete Coatings Hawaii,https://www.concretecoatingshawaii.com/,ChIJX_p0YgZlAHwR3HTuahJDiVo,Honolulu,HI
Avex Advance Epoxy,https://www.avexhi.com/,ChIJq9SGUZdtAHwRjQ54nu0M-pw,Honolulu,HI
Precision Epoxy Solutions,http://www.precisionepoxysolutionshi.com/,ChIJB1sYoka1U3kRB0dxz0q1Iqc,Honolulu,HI
Maui Epoxy Solutions,https://mauiepoxysolutions.com/,ChIJgS2WDmwmiGARZ8mk9E8oJZc,Honolulu,HI
Best Flooring Honolulu,https://bestflooringhonolulu.com/,ChIJCT-8DL9tAHwRLfPqwWjJ6Ns,Honolulu,HI
Concrete Surface Designs Inc.,https://concretedesignshi.com/,ChIJLx5wp6kye4UR8_MxJsgVt0E,Honolulu,HI
Epoxy Restoration,http://epoxynet.com/,ChIJXWId4U9rAHwRW-M7Q40qwIs,Honolulu,HI
PurEpoxyHawaii,,ChIJR-e41F7TVHkRDbNRptDdcao,Honolulu,HI
Maui Epoxy Floors,http://www.mauiepoxyfloors.com/,ChIJ_Rs0n9g1q34RdNjBe3ioUcg,Honolulu,HI
American Floor & Home and Kiba Studios,https://www.americanfloorandhome.com/,ChIJazU_WlluAHwRJEr0BL4pMDY,Honolulu,HI
Paradise Flooring,https://www.paradiseflooringhawaii.com/,ChIJQ_ng-WNuAHwRwagZZxtOOtU,Honolulu,HI
808 Maintenance & Flooring Inc.,,ChIJ7Rh0buxtAHwRpS9elUHG8ks,Honolulu,HI
Abbey Carpet & Floor of Hawaii,http://honolulu.abbeycarpet.com/,ChIJ_Qd83QFmAHwRq1Ipe25mn74,Honolulu,HI
Futura Stone And Concrete Products,https://www.futurastonehawaii.com/,ChIJTwz0vBNuAHwRtYF01tGsfCQ,Honolulu,HI
"Epoxy Sales Hawaii, Inc",http://epoxysales.com/,ChIJ83nDymduAHwRkSiNLwEzoa8,Honolulu,HI
Hydra Coat Hawaii,http://hydracoathawaii.com/,ChIJP-v0QzRvAHwRr1cLvkdNyHw,Honolulu,HI
All Weather Surfaces Hawaii,http://www.allweathersurfaces.com/,ChIJN7HJ-C5vAHwRRCvxCZeWpzY,Honolulu,HI
Pacific Floor Covering LLC Honolulu,https://pacificfloorcovering.com/,ChIJmapeJPdtAHwRsv3XHA2SpMw,Honolulu,HI
Seal Masters of Hawaii,https://www.sealmastershawaii.com/,ChIJp7wddvxuAHwRV5BwNOt0qmk,Honolulu,HI
American Coating Co,http://americoat.org/,ChIJ32NMcGNuAHwRRdCwmZCM6KE,Honolulu,HI
Concrete Driveways of Oahu,,ChIJg2v4GCRtAHwRR3K2s-zYWE8,Honolulu,HI
Foundation Systems Hawaii,https://www.foundationsystemshawaii.com/?utm_source=Local&utm_medium=GoogleMaps&utm_campaign=GMB,ChIJc1q39vhuAHwRrAsJZ3BkvVM,Honolulu,HI
Concrete Contractors Honolulu,http://honoluluconcretecontractor.com/,ChIJ9eqYlENtAHwR_StwFNoNEII,Honolulu,HI
HC&D LLC,http://www.hcdhawaii.com/,ChIJL8KVmVpuAHwRVueHacY0vy4,Honolulu,HI
Pacific Builders International,https://pacificbuildersintl.com/,ChIJY-x9t5ZtAHwRWgJ5hCrfNGk,Honolulu,HI
Concrete Coring Company of Hawaii,https://www.penhall.com/locations/honolulu-aiea/?utm_source=google&utm_medium=organic&utm_campaign=gmb-listing,ChIJuy7hBSxvAHwR0oDuJcIqbQY,Honolulu,HI
Mokoi Masonry Contractor,,ChIJn3rDRpxlAHwRx04Cqan2uJY,Honolulu,HI
Island Ready Mix Concrete,http://www.islandreadymix.com/,ChIJzdnLgSF9AHwR2EG7n6VLxHM,Honolulu,HI
Vinyl Tech & Masonry Inc.,http://www.vtmhawaii.com/,ChIJmR4y4jtkAHwRPgF-kcPDfZU,Honolulu,HI
"HAWAII WORKS, INC",http://www.hawaiiworksinc.com/,ChIJS3whVUNuAHwRnsYc7gDJgwY,Honolulu,HI
Hawaii Protective Coatings,,ChIJIUyboDZvAHwRfygElZBy4dE,Honolulu,HI
South Pacific Concrete & Masonry LLC,https://southpacificconcrete.com/,ChIJV6AVq3kNVHkREi7uIGp0KG8,Honolulu,HI
Eko Painting & Concrete Restoration,http://www.ekopainting.com/,ChIJ8alBEH9yAHwRFJhoCWBvbQM,Honolulu,HI
RCM Construction Corporation,http://www.rcmconstruction.com/,ChIJif5WRXBuAHwRLCRVjc3itDQ,Honolulu,HI
Kawika's Painting Inc.,http://www.kawikaspainting.com/,ChIJ3UMQoV9uAHwRfs1w-CvSGy8,Honolulu,HI
Oahu Sealcoating & Paving,https://www.oahusealcoating.com/,ChIJI2l6PTV9AHwRfspBz1q2vc4,Honolulu,HI
Seal Pro's Hawaii,http://sealproshawaii.com/,ChIJvbDk-QhuAHwRhQqgREReuNo,Honolulu,HI
Santa Clarita Epoxy Floor Coatings,http://santaclaritaepoxyfloorcoatings.com/,ChIJPdtCJymHwoARm7FCNPSr7Ms,Santa Clarita,CA
Driveways by Design Santa Clarita,http://drivewaysbydesignsantaclarita.com/,ChIJLwCjUB6HwoARVXR-DPw7-zI,Santa Clarita,CA
Stoneworks Architectural Concrete,https://stoneworksconcrete.com/concrete-coatings/,ChIJMbTJn0aJwoARqNfUbt3TNpM,Santa Clarita,CA
Bobby J's Concrete Finishing,,ChIJXUg9w5SIwoARX6Rf45Ivqvw,Santa Clarita,CA
Blssd Coatings Inc,https://www.blssdcoatingsinc.com/,ChIJgV9BECCHwoARLE_hYNJO1aY,Santa Clarita,CA
Santa Clarita Concrete,https://www.santaclaritaconcrete.com/,ChIJf7kzlcGJwoARF065mQhco90,Santa Clarita,CA
Royal Concrete Works,https://royalconcreteworks.com/,ChIJlYdWXZ-RwoARL5C7uEmORf0,Santa Clarita,CA
Creative Finishes Ltd.,http://www.creativefinishes.com/,ChIJUfskedyGwoAR_BAo8HEvq-M,Santa Clarita,CA
ALLBRiGHT PAINTING,https://www.allbrightpainting.com/,ChIJifciEAR9woAR_BzmQ3_eLjE,Santa Clarita,CA
Concrete Regeneration,https://concreteregeneration.com/,ChIJj9LHZ0OfwoAR6tfcovtWK6Q,Santa Clarita,CA
GCA construction services,https://mysite.localsplash.com/site/3ad5e009/,ChIJYWPSkmyHwoARYkCsymkmPUw,Santa Clarita,CA
Thome Waterproofing Co.,http://www.thomewaterproofing.com/,ChIJrXtkxgiJwoARe2jXxPzGmHw,Santa Clarita,CA
M S Concrete Sawing & Coring,,ChIJ3UEprbVhwoARmuGndAaiXOg,Santa Clarita,CA
LJG Construction,https://ljgconstructionco.com/,ChIJRZ_FxPCJwoARI_CkjicX5L0,Santa Clarita,CA
Custom Deck Creations,https://customdeckcreations.homes/,ChIJF-mr2HCPwoARSLaAbcS_MtA,Santa Clarita,CA
Specialty One Waterproofing,https://waterproofers.com/,ChIJKaNzR8WHwoAR2F7sU1297-g,Santa Clarita,CA
IMRU Construction Inc,http://www.imruconstruction.com/,ChIJOfnfL_z9woARcZk9BzBXBac,Santa Clarita,CA
Randal G. Winter Construction Inc.,http://rgwinter.com/,ChIJjccMluB9woARdnuZPzwaQH0,Santa Clarita,CA
Aria Pro Builders,http://www.ariaprobuilders.com/,ChIJk13H2r19woARzjFYxnmxpFg,Santa Clarita,CA
Design Masonry Inc,http://www.designmasonry.com/,ChIJm3mgKcWHwoAR0uf4vzFj4iQ,Santa Clarita,CA
Advanced Coating Technologies,http://www.actechnol.com/,ChIJqzDcgzh-woARZNU6hm8KyMY,Santa Clarita,CA
Nationwide Shotcrete Inc,http://nationwideshotcrete.com/,ChIJtw6zC42GwoARdEtNUnBK8wM,Santa Clarita,CA
Stay Forever Construction Inc.,http://www.stay4everinc.com/,ChIJgfahgqKJwoARNq5PmaA_4Kk,Santa Clarita,CA
Ikon Concrete Design,http://www.ikonconcrete.com/,ChIJhyKj4BqOwoARqedpMwpKIIQ,Santa Clarita,CA
"Magic Maintenance, Inc.",https://www.magicmaintenanceinc.com/,ChIJGdrNd1qHwoAR97KNTKrJ0Gs,Santa Clarita,CA
WTP Construction Santa Clarita,https://wtpconstructionsantaclarita.com/,ChIJGWiVrSO5woARGA-J7_bhzk0,Santa Clarita,CA
Limon Concrete,,ChIJF9Pido2JwoARcujRJTn4j-k,Santa Clarita,CA
R.C. Becker,https://www.rcbecker.com/,ChIJ_ayg2wp-woAR4qbS3kjf_Uo,Santa Clarita,CA
JMC Construction & Renovation Inc,,ChIJTwWuYD2JwoAR1W7AdPGMQx4,Santa Clarita,CA
Superior Epoxy Little Rock,https://superiorepoxylittlerock.com/,ChIJiUEau3ul0ocR3Y_AeTHo77g,Little Rock,AR
Central Resinous Flooring Supply,https://www.centralresinousflooringsupply.com/,ChIJ_8_J8QhXzYcRNnY3VDIZ3G0,Little Rock,AR
Epoxy Flooring Bentonville,https://epoxyflooringbentonville.com/,ChIJq1EmIr4byYcR7bnxIhMcAJ4,Little Rock,AR
Truper's Epoxy Floor Systems LLC,,ChIJpQaTbM87LYYR7gU8fC3MiTA,Little Rock,AR
Floor Pro of Arkansas,http://www.arkansasfloor.com/,ChIJ09EMG15DMoYRwdF93eeRito,Little Rock,AR
Little Rock flooring and more,http://littlerockflooring.com/,ChIJx-UQwkSj0ocRLpmMqVVdijw,Little Rock,AR
Flake Concrete Coatings,https://www.flakeconcretecoatings.com/,ChIJtandn3M_HAoRablItHU-S0s,Little Rock,AR
Floor Shield of Michigan,https://www.floorshieldofmichigan.com/?utm_source=google&utm_medium=organic&utm_campaign=gbp,ChIJ120HNWgnckwRDy78KnNQNAk,Little Rock,AR
Little Rock Concrete Contractor,https://www.littlerockconcretecontractors.com/,ChIJH-6_j2Wv0ocRAA0I4_V0ouQ,Little Rock,AR
Superior Concrete,https://clrsuperiorconcrete.com/,ChIJ4zUXhQa90ocRZVoUOfL7nss,Little Rock,AR
JD Concrete Construction,https://www.jdconcreteconstruction.org/,ChIJAQCsgl6v0ocRWiNHiSQ3HBk,Little Rock,AR
"Bass Commercial Concrete, LLC",http://bassconcrete.com/,ChIJPZMz-Haj0ocR_-dAqQkzXlc,Little Rock,AR
Asphalt & Concrete Maintenance LLC,http://acmcpaving.com/,ChIJ_____2S70ocRmoMSrUE8pv0,Little Rock,AR
Performance Concrete Coatings,https://performanceconcretecoatings.com/,ChIJ3zVXLWbkRAoRE2OLcucB1YQ,Little Rock,AR
McCoy Construction LLC,,ChIJp3lTgwGw0ocR3idX7BI-Pj0,Little Rock,AR
Silver Star Concrete,https://www.silverstarconcrete.net/,ChIJGVBoGq2Z0ocRCnYSJCrF664,Little Rock,AR
MOE Concrete,,ChIJbSnPmXOv0ocRurQw7E2f8MI,Little Rock,AR
Arkansas Powder Coating & Industrial Blasting,https://www.arpaint.com/,ChIJuyO_ipC70ocRPC4p5NTBqL8,Little Rock,AR
"Rock Structure Repair, LLC",https://www.rockstructurerepair.com/,ChIJIzxqVnel0ocRvTP9cBm2NYM,Little Rock,AR
Contractor's Specialty Service Company,http://www.contractorspecialty.com/,ChIJERgmQg2w0ocRK1nYiA0mqa0,Little Rock,AR
CertaPro Painters of Central Arkansas,https://certapro.com/little-rock/?utm_source=google&utm_medium=organic&utm_campaign=gmb,ChIJfdZ2bimn0ocRI3iHyajfQbQ,Little Rock,AR
Mile High Coatings,https://milehighcoatings.com/,ChIJzR5wMrFMaYcRoeiqy-vtdUk,Fort Collins,CO
Choice City Epoxy,https://fortcollinsepoxyfloors.com/,ChIJ9b7faEFLaYcRyBUIIXUngSk,Fort Collins,CO
"Con-tek Coating and Polishing, LLC",https://contekfloors.com/?utm_source=google-gbp&utm_medium=organic,ChIJe6iLvuc3LYcRPhx5YxZ4dIw,Fort Collins,CO
Bighorn Coatings & Flooring,https://bighorncoatings.com/,ChIJG7JAcPZLaYcR90zfHPWKPds,Fort Collins,CO
MS Polish and Epoxy,https://mspolishandepoxyllc.com/,ChIJ8y_sqDGzbocRMCq5IlwgJ8w,Fort Collins,CO
FBG Flooring Solutions,https://fbgfloors.com/,ChIJf-pn39FKaYcRSOC4AaWqQ7s,Fort Collins,CO
Top Shelf Resin,https://www.topshelfresin.com/,ChIJKTtPWECRlywR4CHB3OVXNSU,Fort Collins,CO
Garages N More,http://www.garagesnmore.com/?y_source=1_NTM3NTE0MjctNzE1LWxvY2F0aW9uLndlYnNpdGU%3D,ChIJef0_kl_5a4cRfkLYjpolK8A,Fort Collins,CO
"Skyline Concrete and Services, LLC",https://skylineconcreteandservices.com/,ChIJ-YO1RvxGI6sRCKnm3yMip60,Fort Collins,CO
Big John's Custom Concrete,https://www.bigjohnscustomconcrete.com/,ChIJ_YaH2nlFjIgRLa3eRKHE-to,Fort Collins,CO
JRC Concrete,http://fortcollinsconcreteco.com/,ChIJ84o9iIWLBAARUoVce3Sz7Vg,Fort Collins,CO
Above and Below Concrete,http://aboveandbelowco.com/,ChIJmWvcd1dLaYcReonl89PQ7AY,Fort Collins,CO
Concrete of Fort Collins,https://www.concreteftcollins.com/,ChIJXzsSOKlLaYcRgIEiJJMYXkY,Fort Collins,CO
Dillmann's Custom Concrete,https://dillmannscustomconcretesvc.com/,ChIJwQgiM4m1bocRIBZjiCuCeSg,Fort Collins,CO
Concrete Polishing Of Northern Colorado,https://northernconcretepolishing.com/?utm_source=GoogleMyBusiness,ChIJvT_4WMO1bocR7JvhlaIHzNw,Fort Collins,CO
MCE Construction LLC,http://www.mceconstructionllc.com/,ChIJc6b6ZccC0QoR1uuoj3orlbY,Fort Collins,CO
ECB Concrete LLC,https://www.ecbconcrete.com/,ChIJaVGj4CBLaYcRAGdJJ0QVbjQ,Fort Collins,CO
Tri-State Concrete & Excavation,https://tristateconcreteservices.com/,ChIJEcpVxopKaYcRyKtLWOGXzPY,Fort Collins,CO
Elite Custom Painting & Remodel,https://www.elitecustompaintingcolorado.com/,ChIJjTEsfNPvbYcRMFasF4PqDf4,Fort Collins,CO
D & S Flatwork LLC,https://dsflatwork.com/,ChIJjca02jmzbocRMdm4OC7koak,Fort Collins,CO
GC Concrete SPECIALIST,,ChIJ4Wn3SvpLaYcRj8B0lB10cXQ,Fort Collins,CO
Valencia Construction Inc.,http://www.valenciaconstructioninc.net/,ChIJqy81XS-3bocRJijPnzZx2_g,Fort Collins,CO
ICON Specialty Coatings,,ChIJ_9Q3X8NLaYcRb46SzZ2rdu8,Fort Collins,CO
Epoxy Flooring Grand Rapids,https://www.epoxyflooringgrandrapids.com/,ChIJ-991u21VGIgRMfWmCKtOlTg,Grand Rapids,MI
Rock My Floor,https://www.rockmyfloor.com/,ChIJP1ranBf9GIgR5YxKH6hwX70,Grand Rapids,MI
"Vanguard Concrete Coating, Inc",https://vanguardconcretecoating.com/,ChIJGwukMDCyGYgR9Z4i9Z-6sxM,Grand Rapids,MI
Premier Edge Concrete Solutions,https://premieredgecs.com/?utm_source=google&utm_medium=organic&utm_campaign=gbp_listing&utm_content=website_button,ChIJo4fd1v2rGYgR43rdzbKeIBk,Grand Rapids,MI
Xtreme Engineered Floor Systems,http://www.xtremefloorsystems.com/,ChIJhXmRvMC-GYgRVqJuLX6nXfI,Grand Rapids,MI
V8 High Performance Floors,http://v8floorcoatings.com/,ChIJhXmRvMC-GYgRKCET70WvHvc,Grand Rapids,MI
Bull Epoxy Solutions LLC,https://bullepoxy.com/,ChIJyRzqrAg7zSARh8X5oPaTV38,Grand Rapids,MI
"Next Level Coatings, LLC",http://nextlevelcoatings.co/,ChIJL16ho1dnGIgRWrGtodbJIgo,Grand Rapids,MI
Keystone Epoxy,https://keystoneepoxysolutions.com/,ChIJObuoZUZNGIgR_hCVVj4UUDI,Grand Rapids,MI
Rock Armor,http://www.rockarmor.com/,ChIJfxoau62tGYgR9eXF4BtpQLI,Grand Rapids,MI
Poly Pro's Coatings,https://polyproscoatings.com/,ChIJ754fw3vxc60RoTCvkrX8ptM,Grand Rapids,MI
One Coat Technologies,https://www.epoxyflooringjenisonmi.com/,ChIJL6OwdJDBIogRUu9Evi1976I,Grand Rapids,MI
The Epoxy Guys,https://www.miepoxyguys.com/,ChIJ_bUCAI95I4gRHk37F1N8mlU,Grand Rapids,MI
Corner To Corner Coating Inc.,https://www.cornertocornerepoxy.com/,ChIJzR9kBMeoGYgRMxqqdx0471o,Grand Rapids,MI
Progressive Painting & Coatings,https://pbspainting.com/,ChIJ2aACrLKzGYgRX_LWnzS9h04,Grand Rapids,MI
Armor Floors Systems,,ChIJm8xcE9OrGYgR4gzXuyiDFYE,Grand Rapids,MI
MSC Floors - Industrial Epoxy Flooring,https://mscfloors.com/,ChIJRcg8fXeQF4gRoan8WoIO95U,Grand Rapids,MI
West Michigan Garage Interiors,https://www.wmigarageinteriors.com/,ChIJ__9bLqu9GYgRfz4-hvXVGco,Grand Rapids,MI
Great Lakes Concrete Coatings,https://greatlakesconcretecoatings.com/,ChIJCbB5BVTNH4gRWBtCIiEmKvU,Grand Rapids,MI
Lakeshore Concrete Solutions,http://www.lakeshoreconcretesolutions.com/,ChIJzYiZJyWTGYgRr5D8WrHtRrw,Grand Rapids,MI
Pro Concrete Services,https://proconcreteservicesllc.com/,ChIJJ5MmbGwxdyERQkHEMdRd_zk,Grand Rapids,MI
UIS Concrete,https://uisconcretegr.com/,ChIJJetNCralGYgRdC9lESVxmD8,Grand Rapids,MI
Father & Son Concrete Coatings,http://fatherandsoncoatings.com/,ChIJja_9OVLwEQYReJJ5e5NKibM,Grand Rapids,MI
Premier Concrete Coatings,https://premiercoatingssturgis.com/?utm_campaign=gmb&utm_medium=social&utm_source=gbp,ChIJt76ZcnupF4gRxQERc2XjXuM,Grand Rapids,MI
ProTek Concrete Finishes,http://www.protekcf.com/,ChIJM1xVTJxT1EYR9Tmbtnh7qYw,Grand Rapids,MI
Inspired By Epoxy Coatings,https://inspiredbyepoxycoatings.com/,ChIJvc9dDrKrGYgRSLg0Im-V8IU,Grand Rapids,MI
Superior Concrete Coatings of SW Michigan,https://superiorcoatingsofswmi.com/contact-us,ChIJ00dGz1mXF4gRJjQfWWloKhw,Grand Rapids,MI
Marks Floor Covering & More LLC,https://marksfloorcovering247.com/,ChIJSXzXJc5YZmgRNtfWa28fXpc,Corpus Christi,TX
Texas Commercial Epoxy Floors,https://www.texascommercialepoxyfloors.com/commercial-epoxy-floors-corpus-christi-tx/,ChIJxZH1Nuz1aIYRxmc63bKCdk4,Corpus Christi,TX
Port Aransas Epoxy Pros,https://www.portaransasepoxypros.com/,ChIJlV-bxnuraYYR0favHJT45TY,Corpus Christi,TX
Tile Source of Texas,https://tilesourceoftexas.com/,ChIJkeJjjWL1aIYRJCB5Y9G3AiY,Corpus Christi,TX
Big H Building Materials Surplus,https://bhbms.shopsettings.com/,ChIJtfvAQoZfaIYRgESRezECXlw,Corpus Christi,TX
New Braunfels Epoxy Flooring,http://newbraunfelsepoxyflooring.com/,ChIJG_i4hnhfXIYR136XPN01oZg,Corpus Christi,TX
Corpus Christi Solid Surfaces,https://www.ccsolidsurfaces.com/,ChIJpWoIWJhgaIYR4NtCa_BKlUw,Corpus Christi,TX
"Lone Star TRS, LLC",http://lonestartrsllc.com/,ChIJweBvi-j1aIYRopCsB7y29iA,Corpus Christi,TX
Ameri-FLOORS,http://www.ameri-floors.com/,ChIJKaKOpx4FaRQRE6Q0SPzb4qc,Corpus Christi,TX
Alexanders Carpet One Floor & Home,https://www.carpetonecorpuschristi.com/?utm_source=&utm_medium=organic&utm_campaign=gbp-listing&utm_content=Corpus%20Christi-showroom,ChIJb8eeq-r1aIYRSWKjqzMHQMw,Corpus Christi,TX
Concrete Impressions Texas,,ChIJy08MNEb1aIYRuq2qK2pLHqU,Corpus Christi,TX
Texas Riviera Flooring Solutions,,ChIJXavEGO5haIYRV_rlHimlN94,Corpus Christi,TX
Absolutely Floors and More,,ChIJLV8Oq-r1aIYRVkaZvwgD-p4,Corpus Christi,TX
Amigos Tile,https://fb.me/Amigostile,ChIJ7V05UARfaIYR_sgnsgRygTc,Corpus Christi,TX
MG Building Materials,https://www.mgbuildingmaterials.com/,ChIJL2d3qakRaRQRLTuBstwz1oU,Corpus Christi,TX
Allison Flooring America,https://www.allison-flooring.com/?utm_source=&utm_medium=organic&utm_campaign=gbp-listing&utm_content=Corpus%20Christi-showroom,ChIJY93mC4P1aIYRUrF_yK9BY7Q,Corpus Christi,TX
Bullion Coatings,https://www.bullioncoatings.com/contact/,ChIJ_-D9RmiraYYRLAtpb2nV8o8,Corpus Christi,TX
Garage Transformers,https://www.garagetransformers.net/,ChIJIap7XPxmQoYRzDP06Px5eOY,Corpus Christi,TX
Lucky's Concrete Corpus Christi,http://luckysconcretecorpus.com/?utm_source=google&utm_medium=local&utm_campaign=gbp,ChIJIcAckFFeaIYR8-3PZDulJok,Corpus Christi,TX
Everett Construction & Renovation,,ChIJNeik9-lTaIYR0L74wW9bmVs,Corpus Christi,TX
Garage Force of League City,https://leaguecity.garageforce.com/,ChIJI43SBUp9P4YR0OuR4NaAl8k,Corpus Christi,TX
Roadrunner Epoxy coating,https://roadrunnerepoxytx.com/,ChIJJTialLlk2GERVr8JsBfeOic,Corpus Christi,TX
Republic of Texas Foundation Repair,http://www.republicoftexasfoundationrepair.com/,ChIJPeQcZYDqgUYRG7aOLukrkww,Corpus Christi,TX
Coastal Concrete Repair,https://coastalconcreterepairs.com/concrete-repair/corpus-christi/,ChIJpaU4PwD3aIYRaT1M-Iufe1o,Corpus Christi,TX
D&C Concrete Cutting Inc,http://www.dcconcretecutting.net/,ChIJEZinv7VmaIYRwxu1MpsLePc,Corpus Christi,TX
Coastal Woodworking and Concrete Design,http://www.cwanddesign.com/,ChIJz-Eg4Lf7aIYRl-rRjS9LMVM,Corpus Christi,TX
UC BAY AREA CONSTRUCTION AND CONCRETE,https://ucbayareaconstruction.com/contact,ChIJzzhXkj30aIYRzFeGtQ_iXMs,Corpus Christi,TX
ISLAND CONCRETE COATERS,,ChIJmZtperL1aIYRHWvNFswTGms,Corpus Christi,TX
Artisan Design Concepts,https://www.artisandesignconcepts.com/,ChIJAWk1kWr32oARDy6L03kkMZY,Indio,CA
Brilliant Garage Floors,http://www.brilliantgarage.com/,ChIJof4b9un72oARDRFsI19Wh6k,Indio,CA
Flooring Pro Solutions,https://fpsresins.com/,ChIJPwj_fIkD24AR4XsA-EtvG-o,Indio,CA
Epoxy Coating Pros,https://epoxyscoatingpros.xyz/,ChIJOS-oQE_52oARp8qa-a9hPbI,Indio,CA
Live Epoxy LLC,https://www.liveepoxyllc.com/,ChIJmSkexa8tw4ARW_dwZ60mXAc,Indio,CA
Totally Restored Inc.,http://totallyrestoredfloors.com/,ChIJqaYd1YX72oARr95uxUj0LDI,Indio,CA
EpoxyIT,https://www.epoxyit.com/contact-us,ChIJ___jqGb82oARywtJCl0X5gw,Indio,CA
EPOXY GARAGE FLOORING,,ChIJAQBQ02732oARWt01MsknBBs,Indio,CA
M.S FLOORING,,ChIJEWpor4tZ2oARJ4cEDNzek1U,Indio,CA
SoCal Epoxy,https://southerncaliforniaepoxy.com/,ChIJ9e2q9d0nw4AR94xpZrYM6A8,Indio,CA
Desert Sports Resurfacing,https://desertsportsresurfacing.com/,ChIJ8dhNBc352oARjXqz-6BbLXI,Indio,CA
Innovative Concrete Design,http://innovativeconcretedesign.net/,ChIJrcr3x-T52oARWZF8F8EnX1w,Indio,CA
Alatorre Premier Concrete,https://www.alatorrepremierconcrete.com/,ChIJ3RZq83xd2oARdCPIZXrY9uw,Indio,CA
JRC Concrete Construction,http://www.jrc-concrete.com/,ChIJ74ktLf752oAR77ueoVk2gTY,Indio,CA
Totally Restored,https://www.totallyrestoredca.com/,ChIJEWHWCqf42oARQoIDHvl00vI,Indio,CA
Advanced Concrete Innovations,https://advancedconcreteinnovations.com/contact-us/,ChIJGwE0GA0c24AR1aYv3XbhTmw,Indio,CA
Monaco Concrete Art Resurfacing ~ Monaco Concepts,https://monacoconcepts.com/,ChIJVVVVVWn82oARsm7Y3KMXOwo,Indio,CA
Lawson Concrete Inc,http://www.lawsonconcrete.com/,ChIJ0yQ7JcL72oAR_5SRb9zAmJ8,Indio,CA
Sanchez Construction,https://www.sanchezconstruction760.com/,ChIJkc9RvjrkPyER3dzYKa-t7hs,Indio,CA
M CASTILLO'S CONCRETE CO.,,ChIJceT_uKP32oARyM9QQrSnWcU,Indio,CA
Legacy renovation pros,http://legacyrenovationpros.com/,ChIJr9pLWD1blmsRsSeUaB03REU,Indio,CA
TaylorMade Decorative Concrete and Epoxy,https://taylormadedce.com/?utm_source=google&utm_medium=search&utm_campaign=gmb-main,ChIJNZ-jr95bQogRdZswgvPHtdo,Lexington-Fayette,KY
Garage and Closet Solutions Central Kentucky,https://www.garageandclosetsolutionscky.com/,ChIJ__0Vu8hDQogRT9y07l50Zlg,Lexington-Fayette,KY
Elite Floors LLC,https://www.elitefloorsky.com/?utm_medium=organic&utm_source=google&utm_campaign=gbp,ChIJNUBGm6_OFgERlBKzEi8rvps,Lexington-Fayette,KY
America's Floor Source - Lexington,https://www.americasfloorsource.com/pages/lexington-ky?utm_source=google&utm_medium=organic&utm_campaign=business_listing,ChIJRV-mjd9PQogR21jh_uGhT9I,Lexington-Fayette,KY
The Floor Guy,https://the-floor-guy-ky.com/,ChIJn90JM4dAQogR6I3_ksONEcw,Lexington-Fayette,KY
A1 Flooring,,ChIJQ1exOq1FQogRrEf0_3hJ9ro,Lexington-Fayette,KY
Creative Concrete & Flooring Designs,https://creativeconcreteandflooringdesign.net/,ChIJXfA0HidrQogRxPEZNlYTi4E,Lexington-Fayette,KY
"FLOORING BY DESIGN, LLC",https://www.flooringbydesignky.com/,ChIJOX4q4xX_QogRnbSXYohZnFQ,Lexington-Fayette,KY
Wood Floor Hero,https://woodfloorhero.com/,ChIJTTH7FeddQogRXlfhthF2njw,Lexington-Fayette,KY
Hyden's Hardwood LLC,,ChIJq2zMgMZbQogRYUuUdhIDuF0,Lexington-Fayette,KY
Interior Solutions,http://www.kyfloors.com/,ChIJBVZtz6BcQogRe-9aXChooAM,Lexington-Fayette,KY
Perspectives Inc,http://www.perspectives-usa.com/,ChIJ04fU7KtcQogRdaUChNs9XLk,Lexington-Fayette,KY
Moore Hardwood Floors,http://www.moorehardwoodfloors.com/,ChIJcQE__9VEQogRjelwGLZKbWQ,Lexington-Fayette,KY
Wolfcrete,https://wolfcreteky.com/?utm_source=gbp,ChIJPeyRZQ15QogR7OcBKPNyMCM,Lexington-Fayette,KY
KY Garage Storage Cabinets,https://www.kygaragestorage.com/,ChIJ60PjD1qVQogR2p4L83qIi7Y,Lexington-Fayette,KY
American Pride Concrete Construction,http://americanprideconcrete.com/,ChIJHZ2iRSRbQogR8eXX_6-j2Zg,Lexington-Fayette,KY
Lexington Concrete Experts,,ChIJb4GEM4QPUWQRyne0LdN4log,Lexington-Fayette,KY
Watts Concrete Contractors LLC,http://www.wattsconcretecontractors.com/,ChIJhU4u5dJaQogR_-YqmeGArHQ,Lexington-Fayette,KY
Lexington Concrete Repair,http://lexingtonconcreterepair.com/,ChIJhbjXBCJFQogRF9xwzE1dma8,Lexington-Fayette,KY
Romero Construction Concrete LLC,https://romeroconstructionconcreteky.com/,ChIJmcdtKH5bQogR3Gm5VflNoCI,Lexington-Fayette,KY
L Contreras Concrete Construction LLC,http://lcontrerasconcreteconstructionllc.com/,ChIJ7wqTFjKWaaARkHkOtY0FSQ4,Lexington-Fayette,KY
Immaculate Concrete Polishing & Coating,https://www.imac-concrete.com/,ChIJMf2VtSS5QogRODXabfba8js,Lexington-Fayette,KY
Jessie's Concrete Finishers,,ChIJg5cgC3hFQogRINrix271iCk,Lexington-Fayette,KY
HEMENWAY CONCRETE CONTRACTING INC,http://hemenway-concrete.com/,ChIJIT1H2iFcQogRFxiYnDbyNio,Lexington-Fayette,KY
B-Level Concrete Lifting LLC,https://www.blevelconcretelifting.com/,ChIJwZTJsh5NQogRD1a05mU25KQ,Lexington-Fayette,KY
"Lexington Construction, LLC",,ChIJ_9f_EbddQogRg3w_JMTJMZQ,Lexington-Fayette,KY
American Pride Concrete Construction,,ChIJq6qqauxEQogRaqN3JjqUei8,Lexington-Fayette,KY
Concrete Coring Company of Central KY,http://www.concretecoringcompany.com/,ChIJW0X4UZ5DQogRFb6xn0xIn6g,Lexington-Fayette,KY
Layman Masonry,https://www.layman-masonry.com/,ChIJ99qQ_aNcQogRYqtwMb3z1r0,Lexington-Fayette,KY
"RM Global Enterprises, LLC",https://www.rmglobalconcrete.com/,ChIJc3DJOLOWgw0ROHDBI4Z5yJw,Lexington-Fayette,KY
"C & R Asphalt, LLC",http://www.asphaltanimals.com/,ChIJ9_irrntDQogRWAa_dNITHl4,Lexington-Fayette,KY
Best Buy Paving & Seal Coating LLC,http://bestbuypaving.com/,ChIJA5aEgtT9QogRERu3cmXyRYo,Lexington-Fayette,KY
ProShield Concrete Coatings,https://proshieldcc.com/?utm_source=gmb,ChIJR6FeNyId8mYRbUSBTbSH9Cc,Buffalo,NY
Buffalo Epoxy Flooring,http://www.buffaloepoxyflooring.com/,ChIJ_YCWEzFt04kRLDUP57Y7di4,Buffalo,NY
Flex Epoxy Flooring Inc.,http://www.flexepoxyflooring.com/,ChIJQ4ilaawO04kRJmZRjFOAgzA,Buffalo,NY
Epoxy Contractor Buffalo,,ChIJJQzJEWpt04kRodUlHA8GoB8,Buffalo,NY
BTPoxycrete,http://www.btpoxycrete.com/,ChIJE5SS2HZu04kR7c9ICPX9mP4,Buffalo,NY
Modern Flooring and Renovations WNY,https://modernflooringandrenovations.com/,ChIJGWsq_obKXKoRWlGYGWum67c,Buffalo,NY
Top Rhino Coatings,http://www.toprhinocoatings.com/,ChIJkwiuahoP04kR5XnhJ8mAXtw,Buffalo,NY
Executive Concrete Coatings,https://www.excoatings.com/,ChIJOxn5_oqa04kRyg0XHaxVMow,Buffalo,NY
Hasan Demolition & Flooring LLC,http://hasanflooring.com/,ChIJAQA0dcQN04kRNG8ha5dbs5o,Buffalo,NY
Blue Frog Floors,https://bluefrogfloors.com/,ChIJD6MW1eCN2YkRa1kfEWfn_Lo,Buffalo,NY
Epoxy Everything,https://epoxyeverythinginc.com/,ChIJH1bbNSwxiYARduKxufPnCuQ,Buffalo,NY
Construction Artisan Enterprises,http://constructionartisanenterprises.com/,ChIJAQAz905x04kRwu5dwiZe5KU,Buffalo,NY
Pro Squared Facility Solutions,http://prosquaredfs.com/,ChIJ0ylgKeNs04kRTRflpaAVVAo,Buffalo,NY
Heritage Contract Flooring,http://heritagefloor.com/,ChIJoxnZv40N04kR8DHDiTpFYzk,Buffalo,NY
Floor It,https://www.floorithardwoods.com/,ChIJgeH0cH4O04kRjezuDTVgXHU,Buffalo,NY
Shuttleworth Epoxy Floors,http://shuttleworthepoxyfloors.com/,ChIJ7yEJv_Tb0IkReODXaHj6R4g,Buffalo,NY
The MJA Company,https://www.themjacompany.com/,ChIJ7wgM0kwN04kR-va5qzUbYSU,Buffalo,NY
Perrelli wood floor refinishing,http://www.perrellirefinishing.com/,ChIJBRyEeCgT04kRkWqhDrEB9ng,Buffalo,NY
Creative Resurfacing,https://www.creativeresurfacing.net/contact,ChIJKTonwPpz04kRNauntJgCUYM,Buffalo,NY
Epoxy Flooring Solutions,https://ecf-solutions.com/contact-us-2/,ChIJ1anBDhdnwokRR1nMsJ_Fxi4,Buffalo,NY
Signature Garage Floor Coatings,https://signaturegaragefloorcoatings.com/,ChIJVcmKIidx0okRfGU3TEskcrk,Buffalo,NY
Priority Concrete Coatings,https://www.nysepoxy.com/,ChIJ6X58_-Wx1okRym-MvYSgJ4M,Buffalo,NY
Buffalo Coating Solutions - Undercoating / Rust Prevention / Industrial Coating,http://buffalocoatingsolutions.com/,ChIJMafLiAH9OIsRvjggoXA5LM4,Buffalo,NY
The Garage Makeover Company,https://www.thegaragemakeovercompany.com/,ChIJgRqcH2g00YkRIPAdxq-HLEM,Buffalo,NY
"BCI Concrete Sealing, LLC",https://www.bciconcretesealing.com/?y_source=1_NDU5OTI5NC03MTUtbG9jYXRpb24ud2Vic2l0ZQ%3D%3D,ChIJy-8U-qsN04kRas4yBod8OH8,Buffalo,NY
Real Help Decorative Concrete,http://www.realhelpconcrete.com/,ChIJlXSLAP4M04kR4E6ae5zbDhM,Buffalo,NY
Vincent's Concrete Sealing,http://vincents716.com/,ChIJdSo6vTV104kRgsIQl9smZLQ,Buffalo,NY
Millennium Construction,http://www.millenniumconstructioninc.net/,ChIJqd7aZZxv04kRqz4LqumZSDU,Buffalo,NY
Armor Construction Excavation LLC,https://www.armorconcrete.com/,ChIJ__-vd0Nx04kR4no0ccgSht0,Buffalo,NY
GMA Concrete Design Inc.,https://gmaconcrete.com/,ChIJYd2EIkjbFSYRpW2NPROzGCs,Buffalo,NY
Zeolla Construction,https://zeollaconstruction.com/,ChIJhSB17DCf04kRTToJi1RpNEg,Buffalo,NY
Done Rite Concrete of WNY Inc,https://doneriteofwny.com/,ChIJtxANhx7ZN6wRmPMY5qFL3Eg,Buffalo,NY
Dentico's Concrete Construction Inc.,https://denticosconcreteconstructioninc.com/,ChIJlYRh2d2D04kRSvF49uqKhxs,Buffalo,NY
Premier Concrete & Landscapes of WNY,https://premierconcretewny.com/,ChIJ5-gJ9Kgb04kRKVfiWWnmofs,Buffalo,NY
Bmc Concrete Construction & Renovations,https://bmc-concrete.square.site/,ChIJhaXBXAUT04kRkrSba4YdMGE,Buffalo,NY
CIT Concrete Contractor Services - Buffalo,https://buffaloconcretecontractors.com/?utm_source=googlebusinessprofile&utm_medium=organic&utm_campaign=Google+Business+Profile,ChIJV53UxIEYkwkRpk4NbPrWIU4,Buffalo,NY
"Bravo Concrete Sealing and Maintenance, LLC",http://www.bravobuffalo.com/,ChIJAQAAAHxt04kRVourqE9SX0U,Buffalo,NY
"Blue Line Concrete And Construction, LLC",https://bluelineconcrete.com/,ChIJiZYEVhAN04kRJJh0fUju-p4,Buffalo,NY
Superior Concrete Buffalo,https://superiorconcretebuffalo.com/,ChIJwaLQfhcH04kR1b1uJJOCz3c,Buffalo,NY
A-1 Concrete Leveling Buffalo,https://www.a1concretebuffalo.com/,ChIJUQhQy0wN04kRPK_PR9PDrQI,Buffalo,NY
Buffalo Niagara Concrete,https://www.buffaloniagaraconcrete.com/,ChIJfTbii-pt04kR3CPWy6bF4L4,Buffalo,NY
Proline Concrete of WNY.,http://www.prolineconcretewny.com/,ChIJI5mRlY8e04kRvBo5b_ZhbH4,Buffalo,NY
Concrete Specialists,http://www.concretespecialistsdog.net/,ChIJkz4u7uAL04kRSkdOYJjNEmQ,Buffalo,NY
Concept Concrete Construction LLC,http://www.conceptconco.com/,ChIJSzgdW-xz04kR8PapRC4tWNQ,Buffalo,NY
Pittsburgh Epoxy Flooring High Performance Coatings and Concrete Polishing Services,https://www.pittsburghepoxy.com/,ChIJ8zYGMWUprKkRK4LFSkKDPgg,Pittsburgh,PA
Pittsburgh Garage,http://www.pittsburghgarage.com/,ChIJVeD2UdPFNIgR1ft7ETgAkY4,Pittsburgh,PA
Appalachian Epoxy,,ChIJtT2_zon5NIgR3wNQA0uujPo,Pittsburgh,PA
Garage Floors In A Day Pittsburgh,http://www.floorsinaday.com/,ChIJsfrIYNZZNIgROXzSW-TZOXg,Pittsburgh,PA
Rock Hard Coatings Western PA,http://www.rhcwpa.com/,ChIJVeeFwNXpNIgRN5d8sF6-xjA,Pittsburgh,PA
"Crytzers Epoxy Floors & More, LLC",http://www.crytzersepoxyfloors.com/,ChIJwVV5XKuy3q8RNd_lfZPWqo4,Pittsburgh,PA
Z Worx Construction,https://zworxconstruction.com/,ChIJtcIsN_b1NIgRpgJz7RWIO-o,Pittsburgh,PA
Garage Force of Pittsburgh North,https://pittsburghnorth.garageforce.com/,ChIJMUVkJPS9NIgRTns2NWloZJU,Pittsburgh,PA
Titan Floor Surface Technologies,https://www.titanfloor.net/,ChIJvQlD7TVZNIgRXQn1fSWyxRM,Pittsburgh,PA
Decorative Epoxy Experts LLC,https://decorativeepoxyexperts.com/,ChIJH5A1HArxM4gRrG-eO_ko9uU,Pittsburgh,PA
Peak Floor Coatings LLC,https://peak-floor-coatings.com/,ChIJsRTJt55WNIgRHEu7xEnUEaY,Pittsburgh,PA
Infinite Designs Epoxy Solutions of Pittsburgh,,ChIJBw2OJkneRIgRxQJql5oXyn8,Pittsburgh,PA
ShelCo Flooring and Storing,http://www.shelcogarage.com/?utm_campaign=gmb,ChIJzUn1nwGWNIgR0VMG_zUXjXA,Pittsburgh,PA
Penn Ohio Concrete Coatings and Power Washing,http://www.pennohiocc.com/,ChIJwacCBVzBM4gR2wVD0bbE9KI,Pittsburgh,PA
Bigfoots Concrete Coatings LLC,https://bigfootsconcretecoatings.com/,ChIJE73waRzZNYgR3nn-1VlkMWU,Pittsburgh,PA
Integrity Coatings LLC,https://www.integritycoatingsofpa.com/contact-us/,ChIJ78kTUD7iyokRtEoKgCgDqFo,Pittsburgh,PA
True North Concrete Creations,http://truenorthconcrete.biz/,ChIJgXcyi3P1NIgRmYzlVakEHPs,Pittsburgh,PA
Herrmann Construction Company,https://hccpgh.net/?utm_source=GoogleBusinessProfile&utm_medium=organic,ChIJVVXpNh76NIgRGsdnMZ334po,Pittsburgh,PA
NicholasConcrete.com,https://nicholasconcrete.com/,ChIJMS-f4MrBNIgRgIYJ54uh2Sg,Pittsburgh,PA
Concrete Repairs & Restorations LLC,http://concreterepairsrestorations.co/,ChIJRRKt489fNIgRpfO8o78cok4,Pittsburgh,PA
Specialty Concrete Coatings,https://www.specialtyconcretecoatingsllc.com/about-us/,ChIJTRa0ZjcHM4gRGxGouPLJqh4,Pittsburgh,PA
Spadafora Custom Concrete,http://spadaforacustomconcrete.com/,ChIJ9585A831NIgRq-Lrp7rrLYI,Pittsburgh,PA
CDC Concepts LLC,http://cdcconcepts.com/,ChIJCyvLSDv_MogR1vE6RHqdAAc,Pittsburgh,PA
M & M Concrete Designs LLC,https://www.mmconcretedesigns.com/,ChIJkw0sAEtjM4gRHVTwsnEkuH0,Pittsburgh,PA
JB Concrete Enterprises LLC,https://www.jbconcreteenterprises.com/,ChIJKw5Xo9A1NEgRhc0AW0geljM,Pittsburgh,PA
GNU Garage & DuraBull Epoxy,https://gnugarage.com/contact,ChIJly2huXME5IkRoe9YjVHeiiQ,Worcester,MA
"EpoxyArtist-Countertops, Tables, and More",http://www.epoxyartistcountertops.com/,ChIJS8kTo7kB5IkRFmoYi7U4Z24,Worcester,MA
"Advanced Prep-Coat, Inc.",https://www.advancedprepcoat.com/,ChIJQVBB9joE5IkRCZ0mV34-xUY,Worcester,MA
Flex Services Inc,,ChIJq1INilgH5IkRVeJ-heKabKQ,Worcester,MA
Kaloutas,http://www.kaloutas.com/,ChIJ6dWU730G5IkRvRWXMN9wXEI,Worcester,MA
DuraBull floors,https://durabullfloors.com/contact-us/,ChIJMUqhuXME5IkR4WVmhQkdNy0,Worcester,MA
Associated Painting,https://www.associatedpainting.net/?utm_source=gbp&utm_campaign=local&utm_medium=organic,ChIJC_yTS0gF5IkROvGBVThl6g0,Worcester,MA
Instant New Homes Inc.,http://www.instantnewhomesinc.com/,ChIJYz0stdclKgARN13eeDkuUjs,Worcester,MA
Concrete Evolutions Co.,http://worcesterconcretesolutions.com/,ChIJ0RcHWcoH5IkR3EzfZAWNVo4,Worcester,MA
Worcester Concrete Precision,https://worcesterconcretepaving.com/contact,ChIJWUyy0_wH5IkRSu8GRcm9D7k,Worcester,MA
Surface Masters,https://surfacema.com/,ChIJtaHQhT8H5IkRzMq8B9e0r3E,Worcester,MA
Affordable Concrete Coatings,,ChIJy91SfcIX44kR7diR_KJ9cAs,Worcester,MA
National StampCrete,https://www.nationalstampcrete.com/,ChIJV2nz8nXx44kRzNudWrZJ-OU,Worcester,MA
Industrial Concrete Services,http://icscoatings.com/,ChIJe358P7mQskwRM69OXCFcFv4,Worcester,MA
SturdyCoat Concrete Coating Services,,ChIJDRi77V-g5okR59WyNhH2F0s,Worcester,MA
Worcester Concrete Contractors,http://worcesterconcretecontractors.com/,ChIJyT6VQ08F5IkRFrnQDHH4IL8,Worcester,MA
Eazy-Way Contracting LLC,https://www.eazywaypaving.com/,ChIJ3Xo7_B0H5IkRs-SoJv6kRPE,Worcester,MA
Monster Floor Coating,,ChIJL9oR-osH5IkRCFpY6TBVXq0,Worcester,MA
Worcester Concrete,http://worcesterconcrete.com/,ChIJv64uRr8H5IkRni_C5qI4MxQ,Worcester,MA
Concrete Floor Care LLC,,ChIJf3Pvl30G5IkREZONogx7k64,Worcester,MA
Gold Seal Waterproofing,http://www.goldsealwaterproofing.com/,ChIJx16Xr-0E5IkRzKYgqk_AFUw,Worcester,MA
"New Look Paving, Sealcoating & Landscaping",http://pavingnewlook.wixsite.com/new-look-paving,ChIJedofuVUH5IkRrGwWi7DRNRE,Worcester,MA
Kings of Pressure Power Washing & Restoration,https://www.kingsofpressure.com/?utm_campaign=gmb&y_source=1_mja4nte4mzmtnze1lwxvy2f0aw9ulndlynnpdgu=,ChIJaWlTJJID5IkRiNkAZxgEweE,Worcester,MA
Concrete Concepts & Design,http://www.massconcretespecialist.com/,ChIJx3bawqPD44kRHQSrt4qmiXo,Worcester,MA
Granite State Epoxy,http://www.granitestateepoxy.com/,ChIJ_VhzOtRN4okRfArEmMUinZA,Manchester,NH
603 Epoxy,https://www.603epoxy.com/?utm_source=google&utm_medium=wix_google_business_profile&utm_campaign=13113837105000779558,ChIJy_KDyvbOfaARZKMc48YSZJw,Manchester,NH
Epoxy 365,https://www.epoxy365.com/,ChIJGzNoeSFV4okR2XtKLKeVP-c,Manchester,NH
Epoxy Floor New England,http://epoxyfloornewengland.com/,ChIJcehu8XU1s0wRePVQcbll14E,Manchester,NH
Minuteman Floors,https://www.minutemanfloors.com/,ChIJ816gD2RP4okRFa16BZER130,Manchester,NH
Industrial Floor Effects,,ChIJ7TbSUdiFYKcRvKWXOHXVYdw,Manchester,NH
Northern Floor and Epoxy,https://northernfloorandepoxy.com/,ChIJjyhjPAiR4okRppRhnatOua8,Manchester,NH
Northern Peaks Epoxy LLC,https://www.northernpeaksepoxy.com/home,ChIJx1yW0HNMQagRje2KI_AW9Ig,Manchester,NH
Lakes Region Epoxy,http://www.lakesregionepoxy.com/,ChIJH66p9VYL4okRBXswh-RPyB0,Manchester,NH
Blackwater Epoxy,https://www.blackwaterepoxy.com/,ChIJ5cG2LwgKEWMRb8wbgOOlNSs,Manchester,NH
Resincore Epoxy Systems,,ChIJMfnrw9394okRt46AtMo9bY4,Manchester,NH
Seacoast Garage Pros,https://www.seacoastgaragepros.com/?utm_campaign=gmb,ChIJkch6J9np4okRu2kOgo9h1V4,Manchester,NH
Northeast Flooring Solutions,http://www.neflooringsolutions.com/,ChIJ3x2qGVtS4okRLukecrB6z-M,Manchester,NH
Epic Epoxy,,ChIJ__-Pg4DF44kRN6JQ6onkErM,Manchester,NH
The Flooring Warehouse,http://www.theflooringwarehouse.us/,ChIJL_aUy8dZ4okRlTmWCdyyu-Y,Manchester,NH
Quartz Carpet USA,https://www.quartzcarpet.com/,ChIJPUUTHV5F4okR_qai2OlWlV4,Manchester,NH
New Hampshire Garage,https://www.newhampshiregarage.com/,ChIJFbBx6Y1q4okRWU_sPFQY_eg,Manchester,NH
Elite Garage NE,http://www.elitegaragene.com/,ChIJ8YaAEBir44kREagYx8SbmNI,Manchester,NH
Garage Flooring,http://www.garageflooringnh.com/contact.html,ChIJq6qunRdP4okR3__D3fGqNJw,Manchester,NH
Reliance Concrete Polishing,https://reliancepolishing.com/,ChIJt5Ap6Pvu4okRdQeFFKHaPLY,Manchester,NH
"Elite Concrete, LLC",http://www.eliteconcrete603.com/,ChIJ80dB_8OSda0RZLSzfd_xDVY,Manchester,NH
Contrast Concrete LLC,http://contrastconcretenh.com/,ChIJRUxPZqlT4okRxuKnyg-pRXU,Manchester,NH
Harvey's Concrete Floor CO.,http://www.concretemanchesternh.com/,ChIJ-VdapGZJ4okRh7HPcN2SXzw,Manchester,NH
Eastern Seal Coating LLC,https://www.easternsealcoating.com/,ChIJ500osnVP4okRZ3dFmf72MkU,Manchester,NH
Crack-X,https://crackx.com/new-hampshire/?utm_source=gmbnh&utm_medium=organic,ChIJf_ljd2hP4okREUlih0ECGOs,Manchester,NH
Manchester Concrete Contractor,http://www.manchesterconcrete.com/,ChIJl7gNPq0J44kRBgDe6GSaC-g,Manchester,NH
Redwing Concrete,https://redwingconcrete.com/,ChIJKxRFKBFN4okRmeLnd2XVy5Y,Manchester,NH
Laventure Concrete Construction,http://www.nhconcrete.com/,ChIJs-vpDjtH4okR7xXK77jSZ4o,Manchester,NH
Granite State Black Toppers,https://www.granitestateblacktoppersandpaving.com/,ChIJFX52RZVP4okRBfl-mKhN6x0,Manchester,NH
L.A.C PAVING,https://lacpaving.com/,ChIJW6oIr49P4okRY6cozvVu8W8,Manchester,NH
Majenix Epoxy Coatings,https://majenix.com/,ChIJQ5ZLbacjnlQRA1kfwMQ-_Fk,Spokane,WA
Ultimate Concrete Coatings,https://www.ultimateconcretecoatings.com/,ChIJBQ3IvJfAYVMRbSHKmRL2v1w,Spokane,WA
Epic Epoxy PNW,,ChIJDyjFrGAfnlQRJQIE44fAgGE,Spokane,WA
Spokane Surfacing Innovations,http://spokanesurfacing.com/,ChIJUyp8vhkhnlQRSweffAChDFE,Spokane,WA
"Croc Coatings, LLC",https://www.croccoatings.com/?utm_campaign=gmb,ChIJman2Sd7BYVMRSr_yuca_qP0,Spokane,WA
AG Floor Covering,https://agfloorcovering.com/,ChIJl8_gtjf_YVMRhQm4Y2C8J-k,Spokane,WA
Concrete Revival,https://www.concreterevivals.com/,ChIJu0Ndr9YXnlQRViD7ftQFH1g,Spokane,WA
Concepts on Concrete,http://conceptsonconcrete.com/,ChIJ62Z2R-shnlQRLHr9OLMxxqs,Spokane,WA
Williams Concrete Services Inc.,https://williamsconcreteinc.com/,ChIJAQAAAEQYnlQRSrBX7mqmnKQ,Spokane,WA
Concrete Coatings Repair & Restoration LLC,https://concretecoatingsrr.com/about-us/meet-the-team/,ChIJVVX5dB1lmFQRHvL4rULPJzw,Spokane,WA
CCM Concrete Polishing,,ChIJKSyVLlkfnlQRoqJNxICDMF4,Spokane,WA
Linder Concrete,http://www.linderconcrete.com/?utm_source=google&utm_medium=wix_google_business_profile&utm_campaign=10452804982025830954,ChIJVeeNbbismlQR_A4O6o8G2Sc,Spokane,WA
Concrete Surface Coatings,,ChIJHbwV-rsYnlQRlP0AhuchEeo,Spokane,WA
Spokane Concrete Cutting Inc,http://www.spokaneconcretecutting.com/,ChIJC94TxOEenlQRvC0qKg5kdgs,Spokane,WA
Ferraro Concrete LLC,,ChIJAQBcR54ZnlQR5i2jEbXIs7g,Spokane,WA
Massie Brothers Concrete Contractor,,ChIJvxmABCcZnlQRUTmwAIe1FMY,Spokane,WA
"Capital Concrete And Asphalt, LLC",https://capitalconcreteandasphalt.com/,ChIJ75cVxFUZnlQR81NojS8yJT8,Spokane,WA
Above & Beyond Services,https://www.abservices907.com/,ChIJG9vYVyKRmYYRbRjRCDhqtaM,Anchorage,AK
GH Alaska LLC,https://www.ghalaska.com/,ChIJJ83i7sDfyFYRSVIWX47byfM,Anchorage,AK
AK Premier Epoxy & Coatings,https://akpremierepoxyart.base44.app/?utm_source=ig&utm_medium=social&utm_content=link_in_bio&fbclid=PAZXh0bgNhZW0CMTEAc3J0YwZhcHBfaWQMMjU2MjgxMDQwNTU4AAGnEgFLrUAo2rtw2rkU3MP2Bioeoooyj0-Iycnb3p8xfIlEebkPdTakfDDLa-E_aem_J6jHTnjN89T7-MclEJ7mvA,ChIJG-csVUWXyFYRCl13hZ5NUoo,Anchorage,AK
Anchorage Protective Coatings inc.,http://www.apcoatings.com/,ChIJA7uBMi2YyFYRKjwzyodWnSk,Anchorage,AK
Alaska Foundation Coating,https://alaskafoundationcoating.com/,ChIJpzl7ypvdyFYRzyB62S3Zrm4,Anchorage,AK
Glaciershine Concrete Solutions LLC,http://www.glaciershineconcretesolutions.com/,ChIJo4flivvCKioRbHssJFFTyzo,Anchorage,AK
Alaska Concrete Solutions,http://www.concreteak.com/,ChIJPWzzsf3hyFYRyOAUafOuSKw,Anchorage,AK
D & S Concrete Inc,,ChIJQTpQY9-ZyFYRriap1xtj8LE,Anchorage,AK
"Onyx Asphalt, LLC",https://onyxasphaltalaska.com/,ChIJBVI_FS744q8RxvGyzHyKnZc,Anchorage,AK
"Alaska Concrete Sawing, Inc",,ChIJW9jJ6ZaWyFYRWAFc6fKqEe4,Anchorage,AK
Remote Alaska Solutions,http://www.remoteak.com/,ChIJsXHElbnhyFYRhUzyH30L2IM,Anchorage,AK
"Graham Industrial Coatings, LLC",http://www.grahamindus.com/,ChIJjQXp_fYdyVYRRxy1xJR4Qz8,Anchorage,AK
AAC Concrete Cutting LLC,,ChIJn-Utd4OXyFYRFWuKWpp_IZ0,Anchorage,AK
Insulated Concrete Solutions LLC,https://insulatedconcretesolutions.com/,ChIJJUppgvtvBCcRpeYFhuXFC4A,Anchorage,AK
Signature Land Services,https://www.signaturelandservices.com/?utm_source=google&utm_medium=organic&utm_campaign=gmb-listing,ChIJGRcP9oC9yFYR6P6nW2oPbFs,Anchorage,AK
Alaska Sealcoating,,ChIJXXktYA3hyFYRr8oLByOvUw0,Anchorage,AK
Concrete Solutions,,ChIJNTVc7F2WyFYRSjaydrJ7kHU,Anchorage,AK
Ceramic Pro Anchorage Elite Dealer,https://anchorageceramicpro.com/,ChIJFZDA1GWXyFYRwHqteUYatNo,Anchorage,AK
Alpine Concrete Cutting & Coring Inc,http://www.alpineconcretecutting.com/,ChIJa6eDx4iXyFYRU4M_C7qGHN0,Anchorage,AK
Seal Coating,,ChIJWd6xEUCXyFYR7Tc_KhCBaRI,Anchorage,AK
CreteWRX Alaska,http://www.cretewrxalaska.com/,ChIJ8XOMFcboyFYR9gM2HtOPLrk,Anchorage,AK
K and H Construction LLC,https://g.page/r/CYr1Pgub4oUlEBk/review,ChIJi7SRXkCXyFYRivU-C5vihSU,Anchorage,AK
Northwind Painting,https://www.northwindpainting.com/,ChIJ6bQ93N7fyFYR_wJdaJEexe0,Anchorage,AK
Concrete Coring Company,https://www.concretecoringllc.com/,ChIJfWQ99z2WyFYRKPTF7VpM2lU,Anchorage,AK
A & A Concrete Inc,,ChIJKygRJlSXyFYRa5Uu400eQs8,Anchorage,AK
Revelation Coatings LLC,http://revelationcoating.com/,ChIJoWvzOTeXyFYR0lWP7BTKupI,Anchorage,AK
Alaska Professional Construction Inc,http://apcconcrete.com/,ChIJCVIe44jeyFYRaq8JCHnbU-M,Anchorage,AK
Arctic Sun Concrete Cutting,,ChIJ7yDANT-ayFYRc-xa1tZC_fM,Anchorage,AK
Visalia Flooring,https://www.visaliaflooring.com/welcome,ChIJq5TaVNculYARyv6CGoLuc6I,Visalia,CA
Creative Floor Covering,http://creativefloorcovering.com/,ChIJjfqyGHcvlYARapBexcu6uPk,Visalia,CA
Brian Keeley’s American Floors,https://www.briankeeleysamericanfloors.com/,ChIJm1G9wXcvlYARf9KBDpQLEsM,Visalia,CA
Visalia Concrete and Stamp,https://visaliaconcreteandstamp.com/,ChIJR87YfY4nlYAREm2xeJTMyHo,Visalia,CA
Visalia Concrete,https://www.visaliaconcrete.com/,ChIJqYAO_7pdlIARzVLHRfgG2yE,Visalia,CA
"Oliver Concrete Construction, Inc.",http://www.oliverconcreteco.com/,ChIJSZVkJWkolYARyb0idDRUevA,Visalia,CA
Star Spangled Epoxy,https://www.starspangledepoxy.com/,ChIJrYGPo7-rCSQRRoE4U7SzUIc,Birmingham,AL
In and Out Flooring,https://inandoutflooring.com/,ChIJWXjfiyzniIgRBzxigx83IA0,Birmingham,AL
Armor Guard Coatings,https://www.armorguardcoatings.net/,ChIJ5wMy-NEviYgRdDpxGkv0wXo,Birmingham,AL
Champion Flooring and Carpet Birmingham,https://championflooringandcarpet.com/,ChIJIVhcWLgPiYgRgMjXbkUE6mo,Birmingham,AL
"South East Concrete, LLC",https://seccompany.com/,ChIJa5CG1OU9iYgR2S7J2-jY7rA,Birmingham,AL
White Mountain Construction LLC,https://www.whitemountainconstructionllc.com/,ChIJ8czfjJMjiYgRWCwiHADWO1I,Birmingham,AL
Iron City Garage Storage,https://www.ironcitygs.com/?utm_campaign=gmb,ChIJRfJlLrwhiYgRP0aKqPojXFA,Birmingham,AL
Covington Flooring Co Inc.,https://covington.com/,ChIJ71zBegociYgRZqqMS7m6Jzw,Birmingham,AL
D & J Floor Covering,https://dandjfloors.com/,ChIJo8WwXFZziYgRkMSSK2lAoK8,Birmingham,AL
"SOLID Surface Care, Inc.",https://www.solidcare.com/,ChIJCS-05B4biYgRba0yGIYRVGw,Birmingham,AL
Shanks Concrete Coatings,https://www.shanksconcretecoatings.com/?%2Futm_source=flypaper&utm_medium=gbp,ChIJ-U-ba8-ri4gRkT9NytyK6_U,Birmingham,AL
Birmingham Concreters,https://birminghamconcreters.com/,ChIJeyLBFjsbiYgRMO_Wah73DWM,Birmingham,AL
Apex Coatings Alabama,http://apexcoatingsal.com/,ChIJRScASMXMEGgRByOkDkpaess,Birmingham,AL
Rocket City Epoxy LLC,https://www.rocketcityepoxy.com/,ChIJp5EkLA6NYogR4I7Yt7Jo-Ug,Birmingham,AL
North Alabama Coatings,http://www.northalabamacoatings.com/,ChIJ0YIxfYhUEawR3mGlBz7Cq5E,Birmingham,AL
GAE Concrete Co.,http://birminghamconcretesolution.com/,ChIJ-XsydroNiYgRZcc8QrmqbnY,Birmingham,AL
A Plus Concrete & Seal Coating,,ChIJKQ8IPkt0iYgRqUJ0z6fX6w4,Birmingham,AL
Vanguard Concrete Birmingham,https://vanguardconcretebirmingham.com/,ChIJ56GGWiHhiIgRJ_X9vwLEuPU,Birmingham,AL
Collins Concrete LLC,http://www.collinsconcretellc.com/,ChIJ6xIdIjgXiYgRPHguN_97EoY,Birmingham,AL
Mancha Concrete,https://manchaconcrete.com/,ChIJY1J7IQUbiYgRksOf08Z0_iY,Birmingham,AL
Birmingham Paving & Sealcoating,https://birminghampaving.com/,ChIJ67IWy6HXua4Ri4HdsXY7xzU,Birmingham,AL
American Concrete Foundations and Walls,http://www.acfw.us/,ChIJA71ynvMRiYgRdJQ5ePJu9OA,Birmingham,AL
T & B Concrete & Design,,ChIJAwh_yA0eiYgRNg4JGSr-obY,Birmingham,AL
Elite Epoxy Services,https://eliteepoxyservices.com/,ChIJXdXBAs_7iYgRdLnzH1_pCyU,Huntsville,AL
Huntsville Epoxy Flooring,https://huntsvilleepoxyflooring.com/,ChIJ2wB7MmVpYogR-g8shbnxhAc,Huntsville,AL
Lifetime Epoxy Floors,https://www.lifetimeepoxyfloors.com/,ChIJV-76f1AbiogRaUO-R_qfPCw,Huntsville,AL
Pros Flooring Huntsville,http://proshuntsville.com/,ChIJOWcnizaltKQRHZ-ZxetoETw,Huntsville,AL
"Southeast Concrete Solutions, LLC",https://scsepoxy.com/,ChIJvVfiPNDViYgRFSV1hRfkpLs,Huntsville,AL
"Flohr Coatings, Inc.",http://www.flohrcoatings.com/,ChIJVWQAXTNrYogR0S6Ka55Z4sA,Huntsville,AL
Custom Coating Solutions,,ChIJo8MwVNxrYogRefGvV_BBNmo,Huntsville,AL
"BrewCo Concrete Polishing, LLC.",http://www.brewco-concrete.com/,ChIJZw2zCCFwYogR-Yodr-XD1jk,Huntsville,AL
Ken's Concrete Designs,http://kensconcrete.com/,ChIJ_____48UYogRCIT2ICHvs18,Huntsville,AL
MARBLELIFE® of Huntsville,https://marblelife-huntsville.com/,ChIJkUH6w-hpYogRFBS0utMdkfM,Huntsville,AL
Valley Contracting & Concrete,https://valleycontractingconcrete.com/,ChIJR7Ckh40VYogRWpC-bJB93L4,Huntsville,AL
Flohr Coatings Inc,https://flohrcoating.com/,ChIJqcwwwUwNYogR6BBGau2Vmcc,Huntsville,AL
Decorative Concrete,https://decorativeconcretehsv.com/,ChIJWa3z1gMTYogRIehhCnG2NEY,Huntsville,AL
BCG Concrete Construction,http://bcgconstruct.com/,ChIJD8BocZpx6GsRquPMe4wAqUQ,Huntsville,AL
Rapid Slab Works,https://huntsvilleconcretecontractors.top/,ChIJU5IPRABrYogRmmShXMIrnpU,Huntsville,AL
Old Towne Custom Concrete,,ChIJDxdevGdrYogRhPoICt_0MBo,Huntsville,AL
Jamie's Concrete,https://jamiesconcrete.com/,ChIJI2Jnp2pdYogR-Rzou4cfL6U,Huntsville,AL
Huntsville Hometown Concrete,,ChIJadYvpxVrYogRsEtuc6nVpes,Huntsville,AL
ProMix Concrete Company,https://www.promixconcreteco.com/,ChIJv6cDDpVtYogRErMWIcStWMo,Huntsville,AL
Prime Concrete Co.,http://madisonconcretecontractor.com/,ChIJryJNSY5lYogRXPJii7T0f0s,Huntsville,AL
Mr Concrete,,ChIJzS-TAGgXYogRnRzqj9oovbE,Huntsville,AL
BBK Concrete,,ChIJxVvihw5QaAgRJYR0S9-wzBE,Huntsville,AL
"Specialty Coating Applicators, LLC",,ChIJidBW-Kh_YogRrgryWSYpa0s,Huntsville,AL
KC Painting & Coatings,https://www.kcpcservices.com/,ChIJmXiaAJlvYogRp7vrWbIGfmI,Huntsville,AL
The Resin Boy,,ChIJ7zPGSsZfw4AR1a2XZKNqayg,Victorville,CA
Azusa Epoxy Flooring,https://azusaepoxyflooring.com/,ChIJSWs2J68nw4ARNzVa4-jBYSo,Victorville,CA
Skyline Flooring Co.,https://www.skylineflooringpros.com/,ChIJl2pdJxVhw4ARXlCejyWgDuA,Victorville,CA
High Standards Concrete Inc,https://highstandardsconcrete.com/,ChIJT_eKDFUFXwURbWHXthoFLCs,Victorville,CA
HDCONCRETE CONTRACTOR,https://www.hdsconcrete.com/,ChIJ_UgMAABhw4ARiJ0SAFC-oDs,Victorville,CA
Elite Stone Source,https://victorvilleconcretecontractors.top/,ChIJW-ljXgBnw4AR7yC0IoDUYco,Victorville,CA
Daniels Affordable Landscaping inc,http://danielsaffordable.com/,ChIJ1ZZj1rdfw4ARGbEMOMCloMk,Victorville,CA
Estrada contractors corp,,ChIJ8zQKKJRnw4ARxIu5oG8eMx8,Victorville,CA
World Concrete Precast,http://www.worldconcreteprecast.com/,ChIJbU2gj9dlw4ARgGX2FjaJIj4,Victorville,CA
Danery's Epoxy,,ChIJhz9TNMdvw4ARQ8zmXKy-MAg,Victorville,CA
R.O.C Concrete RayOlveraConcrete,,ChIJJ-AR9L1fw4ARDEt6IhcAhj0,Victorville,CA
Nexgen Concrete Coatings,http://www.nexgenconcretecoatingsllc.com/,ChIJecVZ6v-HO4gRfyRzrWcq624,Toledo,OH
Lynx Concrete Coatings,https://lynxconcretecoatings.com/,ChIJBwlaeWAokGkR1zZCOoIXTU0,Toledo,OH
Infinite Designs Epoxy Solutions of Toledo,,ChIJHU4hIFLVwoAR1ff2XRxI8T4,Toledo,OH
Tristate Industrial Floors,https://www.tri-stateflooring.com/,ChIJ9Wk3SnCBO4gRE3mvL442m-Q,Toledo,OH
"Ohio Epoxy Floor Resurfacing, LLC",http://nwcrestoration.com/,ChIJj7h-tzWAO4gRRjlKOMiv2E8,Toledo,OH
Hoover & Wells Inc.,https://www.hooverwells.com/,ChIJ3Vq5WAGEO4gRC1nov1ZpRhM,Toledo,OH
Advanced Concrete Polishing & Epoxy Floor Systems,http://advancedconcretepolishing.com/,ChIJXaWKjstvO4gRzCveeH38ACA,Toledo,OH
Advanced Concrete Coatings,,ChIJT4rowft4PIgRzg4DOMNv5go,Toledo,OH
Toledo Concrete Professionals,https://toledoconcrete.net/,ChIJe4WWbg2HO4gR6PYUAskVIuE,Toledo,OH
Sure Seal Concrete Protection & Epoxy Company,http://suresealconcreteprotection.com/,ChIJnamcs36rPogR1A963BgkRlk,Toledo,OH
Demoulin Concrete & Epoxy Flooring LLC,https://demoulinflooring.com/contact,ChIJFa0hZXxuPIgRlK5JkLggcOg,Toledo,OH
B & J Concrete & Construction And Chimney Repair,,ChIJVYyQGLh_PIgR6OyxwcKLUjI,Toledo,OH
FoamWorks Concrete Leveling,http://www.foamworksconcreteleveling.com/?utm_source=google&utm_medium=organic&utm_campaign=gmb-perrysburg&utm_content=website&y_source=1_OTg2OTkxNjMtNzE1LWxvY2F0aW9uLndlYnNpdGU%3D,ChIJlQ7-3SV3PIgR32odSolMkK4,Toledo,OH
Paul Turner Concrete & Excavating,https://pturnerconcrete.com/,ChIJnWhd_bxpPIgR0_PUZ3vKWkY,Toledo,OH
Buck Brothers Asphalt Paving & Concrete,https://buckbros.com/buck-bros-toledo-ohio/?utm_source=GMB&utm_medium=Google%20Business&utm_campaign=Toledo%20Asphalt%20Paving%20and%20Concrete,ChIJswBzrhV3PIgRTZH20clEqlY,Toledo,OH
Green Edge Concrete & Construction,http://www.greenedge.co/,ChIJXXwXgwSJO4gRLJFyrvxeORs,Toledo,OH
Black Forest Concrete Floor Coatings,https://www.blackforestmi.com/,ChIJUV_NKu-9JIgR9CDe1KPjdWg,Toledo,OH
Apex Custom Concrete & Masonry,https://apexcustomconcrete.com/apex-custom-concrete-masonry-oak-harbor-oh/?utm_source=GMB&utm_medium=Google%20Business&utm_campaign=Oak%20Harbor%20Custom%20Concrete%20and%20Masonry,ChIJo9fFb6S7O4gRqmiRDMUSCXM,Toledo,OH
Toledo Stamped Concrete,https://www.toledostampedconcrete.com/,ChIJdWmwHW1_PIgRdGtPTXf6xDE,Toledo,OH
Artistic Concrete Transformations,https://industrialconcretepolishingandepoxy.com/,ChIJATMEQpXkxgYRKWsxnPVuAZQ,Toledo,OH
Garagefeet Floor Coatings LLC,https://www.garagefeet.com/,ChIJzzwVz9Br24gRC42Impkwhes,Cape Coral,FL
Exotic epoxy designs,https://exoticepoxydesigns.com/,ChIJFxK-nvdB24gRpBBw4sZGGko,Cape Coral,FL
Top Gun Garage,https://topgun-garage.com/?utm_source=gmb,ChIJJ43I3yEWNIQR6u-qfYwFwZ0,Cape Coral,FL
Trinity Art Epoxy & Coatings,http://thetrinityart.com/,ChIJK8E_mCRNmGkRV4o3vzZCUW4,Cape Coral,FL
Seaside Coatings,https://www.seasidecoatings.com/?utm_campaign=gmb,ChIJQWNNOm1vRakR8j18rgi0yo8,Cape Coral,FL
Next Level CCP,http://nextlevelccp.com/,ChIJ9yPoXj1B24gRLTsjX_Y3LHc,Cape Coral,FL
Paradigm Concrete Finishes,https://paradigmconcretefl.com/florida/epoxy-floors-sarasota-fl/,ChIJbQLPjnJHw4gRHMkyFN13xN0,Cape Coral,FL
Floco Decking Systems,https://www.flocodeckingsystems.com/,ChIJP0wx4kLvaUIRISPQLXSD8cc,Cape Coral,FL
"SKS FLOORING SOLUTIONS, LLC",https://sksflooringsolutions.com/,ChIJO8EHY1VB24gRNEC095LGDG4,Cape Coral,FL
Level Up Coatings LLC,http://levelupcoatings.com/,ChIJd7-LMmSUrosRmJiwRktg-qU,Cape Coral,FL
Amazing Home and Commercial Maintenance,https://ahcm-fl.com/,ChIJ83FB4j5H24gRqxEYhitXyio,Cape Coral,FL
Advanced Concrete Coatings-SWFL,https://advancedconcreteswfl.com/,ChIJJSjZ-IPS4igRKhNudB91Ijc,Cape Coral,FL
Cape Coral Concrete Solutions,https://concretecapecoralfl.com/,ChIJD-HADShD24gRdql8zalf3xc,Cape Coral,FL
Concrete Science Services,https://www.concretesciencefl.com/,ChIJ2dMo1hoV24gRvRQw0gtYwHg,Cape Coral,FL
Top Quality Coating,https://www.topqualitycoating.com/,ChIJ13HAF-cZ24gRFgKaJS29Ws8,Cape Coral,FL
Surface Pro Concrete Solutions,http://www.surfacepro.biz/,ChIJ3xr1sZ5F24gRtrv8vG0b9P8,Cape Coral,FL
Gator Concrete Coatings,,ChIJ1QYBi4ur3IgRX4RuwIh5F-A,Cape Coral,FL
cory concrete resurfacing,,ChIJq6raMj8V24gRnDImtO_S1EI,Cape Coral,FL
Lucky Concrete Cape Coral,https://luckysconcretecapecoral.com/,ChIJkRpnxxs_24gRnEtvAT2RtRo,Cape Coral,FL
Ridgeback Concrete Contractors of Fort Myers,https://ridgebackconcretecontractors.com/,ChIJKyLX05Y_24gR1OnEvAc7KOk,Cape Coral,FL
Leo J Marino Concrete Inc,,ChIJdx2vBdtG24gRYJxE232_8UE,Cape Coral,FL
Creative Coatings,,ChIJ5bLHz2MV24gRsDLnuvWECfw,Cape Coral,FL
Superior Floor Designs,http://www.superiorfloordesigns.com/,ChIJHUf2yyhE24gRog-Pd1Q27ck,Cape Coral,FL
Canton Epoxy Company,http://www.cantonepoxy.com/,ChIJSahBhBzXNogR5nnAFIFSDf4,Akron,OH
Advanced Floor Coatings,https://www.afcpros.com/,ChIJV9C7WZurNogRR7EodHRV7pA,Akron,OH
CLEpoxyLLC,,ChIJHfLfOwhdWQwRvXp-fNZfCUE,Akron,OH
Countyline Flooring & Epoxy,https://countylineflooring.com/,ChIJO5GuQyLNMIgRQta-tyw4lFY,Akron,OH
Pro Floor Design,,ChIJO2dxuewqMYgRyADRP6hoYto,Akron,OH
Custom Garage Interiors,http://customgarageinteriors.com/,ChIJ9zM2HPopMYgRg22x8LPi5qY,Akron,OH
Buckeye Concrete & Design LLC,http://www.buckeyeconcretedesign.com/,ChIJ8RSYRj4nMYgRMtqwCgKRkF0,Akron,OH
Cutting Edge Decorative Concrete,https://www.myconcretefloor.com/,ChIJh46KirbdMIgRUrSF0klv0wU,Akron,OH
PMC Concrete,https://pmcconcreteohio.com/,ChIJt-vVAS8nMYgR2lXHaa3vzNo,Akron,OH
RK Polishing LLC,https://rkpolishingllc.com/,ChIJBV-02KwzN4gRXtxD4_RH9Xs,Akron,OH
J's Creative Concrete Coatings,https://jsconcretecoatings.com/,ChIJUx8ZOyDBNogRGMqtdomx-JQ,Akron,OH
Advanced Concrete & Coatings Supply,http://www.advancedcoatingsupply.com/,ChIJc69rYZ4rMYgR2k5WToA5eSg,Akron,OH
R&H Limited Concrete,http://www.rhlimitedconcrete.com/,ChIJJXxdDVYnMYgRwCrt7U9Id1k,Akron,OH
Diversified Coatings,http://diversifiedcoatings.com/,ChIJm0PlgvLVMIgRo2xBP7ckjQI,Akron,OH
Xtreme Elements,http://www.xeconstruction.com/,ChIJL9M0vB80MYgRXT3jQiTVL8Y,Akron,OH
Sterling Stone Floors,https://sterlingstonefloors.com/,ChIJ_wsETYIfMYgRhdQxIuQB81w,Akron,OH
Lincoln Epoxy Flooring LLC,,ChIJc-AVGRS_locRWTxfdkUJlak,Lincoln,NE
"Surface Sealers, Inc.",http://surfacesealers.com/,ChIJI3oHbZi_locRTbWvs8MkHcQ,Lincoln,NE
Erickson Epoxy Floors,http://ericksonepoxyfloors.com/,ChIJPbjILI-8DowRwRzjoHaiTQY,Lincoln,NE
"Midwest Floor Covering, Inc.",http://www.mwfloor.com/,ChIJu2h55Yq7locRltXTUkKe5SQ,Lincoln,NE
Stone Clad Architectural Coat,,ChIJs2Cf4HW-locR2WWoLBwkq3k,Lincoln,NE
Fenix Concrete Solutions,https://www.fenixconcretesolutions.com/,ChIJUSgW8SaXlocRVmem8czwNjA,Lincoln,NE
Millennium Decorative Concrete,https://www.millenniumdecorativeconcrete.com/,ChIJG4miR82-locRsKuO4EYKLyc,Lincoln,NE
Concrete Industries Inc,http://www.concreteindustries.com/,ChIJbSIx7pW7locRgbDcODMlBUs,Lincoln,NE
Lincoln Concrete Specialists,,ChIJkVAp3JrAlocRpIQuD8UEfyo,Lincoln,NE
Elite Concrete Lincoln NE,https://concretelincolnne.com/,ChIJi-3ErGG-locRpbdzfc-vPKU,Lincoln,NE
"Stephens & Smith Construction Co., Inc.",https://www.stephensandsmith.com/,ChIJiUIQMqS_locRxQYj-tCb1hg,Lincoln,NE
Quality Concrete Construction Inc,http://www.qualityconcretene.net/,ChIJh0FEYNiXlocRdjyWO7zYLTY,Lincoln,NE
Y&M Concrete,https://www.yandmconcrete.com/,ChIJX4mLJHAGlWkRxiXwy6JNu0k,Lincoln,NE
Zapata Concrete,https://concreteservicesne.com/,ChIJ_ZoJeiC_locRgdkV_MOzgtI,Lincoln,NE
Lincoln Elite Concrete and Paving,https://www.lincolnconcretenpaving.com/,ChIJORIF4_2_locRphpm5wEJ0Mo,Lincoln,NE
Vortex Concrete Repair,https://www.vortexconcreterepair.com/,ChIJAQCw4huXlocRrigrJ1F8LG0,Lincoln,NE
Concrete Raising Specialist,http://lincolnmudjacking.com/,ChIJq6qqqtq4locRnuSBwABrtQQ,Lincoln,NE
Concrete Wizard,https://concretewizardne.com/contact,ChIJ__8TMyrBlocR2mJkGJDZPh4,Lincoln,NE
Tillotson Enterprises,https://trusttillotson.com/lincoln-ne-commercial-roofing-contractor/?utm_source=gmb&utm_medium=organic&utm_campaign=profile,ChIJQySmjOW7locRu59Q0_7ZKqk,Lincoln,NE
"CrossLinc Custom Coatings, LLC",http://www.crosslinc.biz/,ChIJL2clY527locRiuTmxAAdYRg,Lincoln,NE
Cotton's Concrete LLC,https://cottonsconcrete.com/,ChIJra_gDQGVlocRFtHP5_X3m2A,Lincoln,NE
Leifert Concrete Construction LLC,http://leifertconstruction.com/,ChIJ3TBu5LO_locRTm9Fm7CcZ6Y,Lincoln,NE
Gabel Construction,http://leemobileconcrete.com/,ChIJuQEjls6ZlocR3T3z9ZfIO1Q,Lincoln,NE
Smith's Epoxy Coatings,https://www.smithepoxy.com/,ChIJvb1ugaB-sIkRAYlAm0CWAuk,Newport News,VA
Floors by Troy,,ChIJj-r7B_-OSAERa15klRUMEK8,Newport News,VA
Remy Floor LLC Class A Flooring Contractor,https://remyfloorllc.com/,ChIJmz7ptpFrxwYRNBvD85SgX74,Newport News,VA
Haywood Floor Covering Inc,http://www.haywoodfloorcovering.com/,ChIJ-8AubXaEsIkRYdQ0K2PhWGs,Newport News,VA
Eastern Floor Covering,https://www.easternfloorcovering.com/,ChIJy51u7bl-sIkRUdx3LxtV4Y8,Newport News,VA
Adams Flooring LLC,http://www.adamshardwoodflooring.com/,ChIJ39p7EZmBsIkRMd2OgTponrg,Newport News,VA
Just Floored,https://www.justflooredinc.com/,ChIJASUzbM6cuokRJ4mMZcjAKy4,Newport News,VA
AD Flooring LLC,http://adflooringllc.net/,ChIJV2Gdt3Z5sIkRJzPXsBGlqL0,Newport News,VA
Coblentz Construction & Concrete LLC,http://coblentz-construction.net/,ChIJ6Rv49VSduokRjBkRD3TGsyQ,Newport News,VA
Commercial Concrete,https://www.commercialconcreteva.com/,ChIJFQsh3EKEuokRBcMfvw_650o,Newport News,VA
JACKCRETE,https://www.jackcreteva.com/,ChIJ8X2bsNGcuokRygtzBfYEOf0,Newport News,VA
NanoShield Roofing and Coatings,http://www.nanoshieldroofingandcoatings.com/,ChIJRaajlJd_sIkR_-SIeBbFDAQ,Newport News,VA
Blue Ridge Coatings,http://brcsinc.net/,ChIJt-I2-KAMTYgR7nmyA6xT7sU,Newport News,VA
Custom Concrete,,ChIJq-MbnmJ-sIkRmqmzYp0SQzg,Newport News,VA
Concrete Concepts Inc.,https://www.publicreputation.com/concrete-concepts-inc-yorktown-virginia,ChIJs9sPmxF5sIkREIqWerbaWQQ,Newport News,VA
"Waffbear LLC, Painting & flooring installations.",http://www.waffbear.com/,ChIJc28kBvSFuokRRneQQzvxUT8,Newport News,VA
Acropolis Contractors,,ChIJHRog_4R4sIkRltMaxSCVPs4,Newport News,VA
Acelution,http://needace.com,ChIJFQA3GPyBuokR8YDEjQCf4KA,Newport News,VA
"GC Commercial, Inc.",http://gc-commercial.com/,ChIJKYpcx5d4sIkR_qlauSkOSVY,Newport News,VA
Ark-La-Tex Concrete Coatings,https://ark-la-texconcretecoatings.com/,ChIJWaYePoUxMYYR2-5cCqPq7wM,Shreveport,LA
Cypress Custom Garage LLC,http://cypresscustomgarage.com/,ChIJ-wO99xA1MYYR1LSo4TINcqc,Shreveport,LA
Martin Specialty Coatings,https://www.martinsc.com/,ChIJOd6z3j7RNoYRtdPkGTB0yLw,Shreveport,LA
Professional Flooring Supply,http://www.professionalflooring.com/,ChIJYe4H0ErTNoYRW3EfekeacWw,Shreveport,LA
"Dixie Floors, Inc.",http://dixiefloors.net/,ChIJ27iLKe7MNoYRbVLHAaUl6Tc,Shreveport,LA
Perfection Flooring and Painting llc,,ChIJ_4BEFRLQNoYRPBrxHdEK8JU,Shreveport,LA
SlabFX Decorative Concrete & Specialty Coatings,http://www.slab-fx.com/,ChIJ-_ipIUEzMYYRB5iE_1c3dC4,Shreveport,LA
SC Steel and Concrete Professionals,https://www.steelandconcretepros.com/,ChIJmbCyPBgG3QgRUhexSlctXKw,Shreveport,LA
Caddo Concrete,https://www.caddoconcrete.com/,ChIJ70wh9aw7-wURSDCE9tzINyU,Shreveport,LA
Young Construction,,ChIJ1QN9McDdNoYREbPGVFT-xoc,Shreveport,LA
iConcrete Construction & Roofing,http://www.iconcretecs.com/,ChIJUxmCMBTSNoYRb8qUHUEZG44,Shreveport,LA
PPT Inc,http://www.pptinc.org/,ChIJvb7Xj9nMNoYROEW8k59k67U,Shreveport,LA
Bayou Concrete Coatings,https://bayou-concrete-coatings.com/,ChIJB-9HK_9JLoYRsD4c5KqHYnM,Shreveport,LA
BCL Concrete Constructions,https://bossiercitiesconcretecontractor.com/,ChIJ7_snI_MzMYYRHL3XBkpFUmc,Shreveport,LA
Edge Concrete Cutting,https://www.edgeconcretecutting.com/,ChIJ-9HANxjUNoYRRRfVS3wrx44,Shreveport,LA
Pierce Decorative Concrete,https://www.piercedecoconcrete.net/,ChIJ43VRnhyHMIYRdS91S5IRG20,Shreveport,LA
Davinci Decorative Concrete,https://www.davinciconcrete.com/,ChIJh5iWPXWDJIYRe6lHGIcJFCM,Shreveport,LA
S&B Construction Services LLC,,ChIJV0qdpJCwVEsRpZBv1S_dTbw,Shreveport,LA
Coats Homes & Construction,https://coatshc.com/,ChIJEZxyNY1HhKwRf1VeHOjbRRo,Shreveport,LA
Infinity Floors & Molding Inc.,,ChIJVVoQgMn5jYARLJy3f1li_Vk,Salinas,CA
Zion Floors Inc,https://www.zionfloors.com/,ChIJTUUeGJL4jYAR_iQsFkVO09w,Salinas,CA
Prime Flooring Co.,,ChIJS-XcNQD5jYARi1aHAm6uMOU,Salinas,CA
Wheeler's Flooring,https://www.wheelersflooringsalinas.com/,ChIJd0-vcsj4jYARA1dn8SzHtf8,Salinas,CA
JC Concrete,https://www.jcconcrete-ca.com/,ChIJb-87tMgxUWQRiBUzo1wiTj0,Salinas,CA
"D & G Concrete, Inc.",https://www.dandgconcreteconstruction.com/,ChIJg1DWSRQXjoAR5HcPzDII_To,Salinas,CA
SSB Construction,https://ssbconstruction.com/,ChIJjQsroYEHkoARFjAbxVv1YsE,Salinas,CA
World Class Concrete,https://www.worldclassconcrete.net/,ChIJQ5gKgNn3kYARiW_HE3g4Uf8,Salinas,CA
Maka Concrete Concepts,,ChIJCUEo5wMHkoARofg2qbPoxK0,Salinas,CA
Artisan Epoxy Coatings,https://artisticepoxycoatings.com/,ChIJAQDEEl1tkoARvKPw_PYZOH8,Salinas,CA
"Terrasas Inc, Concrete & Asphalt",http://www.terrasasinc.com/,ChIJdXzMu7hXzmMROc5IoP4SvT8,Salinas,CA
Abel's Concrete Inc,,ChIJAQAAABAAjoARwXu7YCEyn10,Salinas,CA
All County Flooring,https://www.allcountyflooring.com/,ChIJeX9QjD_5jYARQm4TmqwCVVw,Salinas,CA
Concrete and Pavers Construction,,ChIJoxJOzuQHkoARic2ZM3TV6RQ,Salinas,CA
Concrete Refinisher,,ChIJXSZEM8UGjoARKnCKXfKSFno,Salinas,CA
Granite - Salinas Roofing Contractor,,ChIJU0B894_4jYARAawA4tEJdtQ,Salinas,CA
Wagoner's Polyaspartic Floor Systems & Polished Concrete,https://wagonersepoxy.com/,ChIJVVVVVVHjFYgRcW-tvYM3OME,Fort Wayne,IN
Elite Coatings LLC,https://www.epoxyftwayne.com/,ChIJCXBDUhkBFogR4Uxt90U2DRA,Fort Wayne,IN
Apex Coatings,https://www.apexcoatingsfw.com/,ChIJwegNhMsoy4ERz48WWvO6DvM,Fort Wayne,IN
Epoxy Floor Store,https://epoxyfloorstore.wordpress.com/,ChIJB5mse04xFogRQMSBi3BhgMw,Fort Wayne,IN
Proficient Epoxy Floors and Concrete Polishing,,ChIJ5fh4-OnjFYgRuSTlWXICLz8,Fort Wayne,IN
XPS Xpress Fort Wayne,,ChIJGRgGAsfjFYgR0MM8XCzQ_aU,Fort Wayne,IN
Ember Epoxy LLC,https://www.emberepoxy.com/,ChIJ0QcOUDXlFogRaNjIZiTaGas,Fort Wayne,IN
"Preferred, Inc.",http://www.preferredinc.com/,ChIJlyJKmH3hFYgRK2wfRxwSDZw,Fort Wayne,IN
Epoxy Plus Flooring Solutions,http://www.epoxyplusflooring.com/,ChIJTygZ70tRtKURvMhjMyw3fNc,Fort Wayne,IN
BOS Garage Floors,https://bosgaragefloors.com/,ChIJTavIW6XhFYgRHyGlJNez6gM,Fort Wayne,IN
SupremeCrete,http://www.supremecrete.com/,ChIJORWEFVW_PYgRxegwWA3vho0,Fort Wayne,IN
DANCER,https://dancer.design/?utm_source=Business-Listings,ChIJ8eDrHvDkFYgRkY5piJ9WlHA,Fort Wayne,IN
Tri-State Concrete coatings LLC,,ChIJmd-HW3ABFogRYYb5uMjPpjA,Fort Wayne,IN
Ace Concrete Coatings,https://aceconcretecoatings.com/?utm_campaign=gmb&utm_medium=organic&utm_source=google,ChIJOzhLTICS5yoRnVRknC5vVj4,Fort Wayne,IN
Crystal Creek Concrete,https://crystalcreekconcrete.com/,ChIJvZ_LkFH_PYgRX2DPfxCQTN0,Fort Wayne,IN
D&M Concrete LLC,http://www.concreteandmorenow.com/,ChIJXzX1ZZgAFogRcZp--mzJKZY,Fort Wayne,IN
Stamp Concrete Contractor Fort Wayne,https://stampedconcretefw.com/?utm_source=google&utm_medium=organic&utm_campaign=gbp,ChIJFb5GMCrhFYgRQvYJDksfykY,Fort Wayne,IN
Superior Concrete,https://superiorconcretefortwayne.com/,ChIJcezLewDhFYgR8aF2rs02PXY,Fort Wayne,IN
Innovative Concrete Coatings - Michiana,https://www.innovativespacesinc.com/premium-concrete-coatings,ChIJ4XO_P7_RFogRzZ6KDmSccQk,Fort Wayne,IN
"Supreme Coatings, LLC",https://supreme-coatings.com/,ChIJEenznTHzFogRcRFrtanNCbA,Fort Wayne,IN
3 Eagles Concrete,https://3eaglesconcrete.com/,ChIJkwKZUofhFYgRtxBnFly9Dic,Fort Wayne,IN
Premier Concrete,https://premierconcretefw.com/?utm_source=google&utm_medium=organic&utm_campaign=gbp,ChIJ6cLQtTznFYgR4C-NRZmJxfY,Fort Wayne,IN
ELITE CONCRETE & CONSTRUCTION LLC,https://mmoutdoormanagementllc.com/,ChIJA9UpxR4BFogRXktZXJ5T_-o,Fort Wayne,IN
Shannon Concrete Construction,http://www.shannonconcrete.com/,ChIJx-mxU4DjFYgRf-lXCeDNvS8,Fort Wayne,IN
Glossy Floors - Polished Concrete & Epoxy,https://www.glossyfloors.com/,ChIJG1cUnjgFyYcR37BT3oj0y0A,Fayetteville,AR
Limitless Innovations,http://www.limitlessconcretedesigns.com/,ChIJUTBqQaZpyYcRU-okf9V5SIY,Fayetteville,AR
"Arkansas Polish & Epoxy, LLC",https://arkansaspolish.com/,ChIJL0OFZzATyYcRkQv8iHAHLtI,Fayetteville,AR
NWA Garage Floors,https://www.nwagaragefloors.com/,ChIJZdHrxvEbyYcRMQCTmIC1rKM,Fayetteville,AR
PROCOAT COATINGS,http://www.procoatcoatings.com/,ChIJk50NAimAdiARS0uIWGyFDJU,Fayetteville,AR
Industrial Floor Masters,http://industrialfloormasters.com/,ChIJXanT0nYWq4kRvfxH6ysBJLw,Fayetteville,AR
Dramis Hardwood Floors,https://dramishardwoodfloors.com/,ChIJp39XrThvyYcRxvqtLXB7iD8,Fayetteville,AR
Epoxy Flooring,https://www.epoxyflooringfayetteville.com/contact-us/,ChIJ___7wysTq4kR2NeUgvLIhWs,Fayetteville,AR
Custom Powder Coating Services Inc,http://www.cpowderc.com/,ChIJ81xNcwNvyYcR-w1BebuEyPQ,Fayetteville,AR
Concrete Solutions USA LLC,http://concretesolutionsusa.com/,ChIJF1IiV65uyYcRFkiAZigJv9o,Fayetteville,AR
Color Surface NWA,https://colorsurfacenwa.com/,ChIJU4kODz8TyYcRXCtFbe8Nth4,Fayetteville,AR
Stonehenge Concrete,https://stonehengeconcretenwa.com/,ChIJz201vnX8lCYR9vHlQ-ufJ_o,Fayetteville,AR
Bedrock Premier Concrete,https://bedrockpremierconcrete.com/,ChIJI7bLZGZvyYcRMpbqeNHBsYk,Fayetteville,AR
AR Elite Concrete Leveling,https://areliteconcreteleveling.com/,ChIJqxn9N7ZxyYcRCWDffpwTC8k,Fayetteville,AR
Epoxy Surface Coatings,http://epoxysurfacecoatings.us/,ChIJZYjLLbIfwVQR2Q2k6tNVjeo,Salem,OR
Deschutes Concrete Coatings,https://www.deschutescc.com/,ChIJhXbvS9oznmsRwTFpIaO0oqE,Salem,OR
Expert Garage Solutions LLC,https://www.expertgaragesolutions.net/?utm_source=gmb&utm_medium=gmb,ChIJjQa4vcRVlVQRy0tlO5LZITo,Salem,OR
Garage Works,http://www.garageworksllc.com/,ChIJowWGlJJswFQRIxw0HhPsviU,Salem,OR
Arechigas Concrete Construction LLC,https://www.arechigasconcretellc.com/,ChIJi8-KxMD_v1QRgQTAmFUHjvI,Salem,OR
"Foothills Concrete, LLC",https://foothillsconcretellc.com/,ChIJl2biVND_v1QRisQG-rXEEO8,Salem,OR
"Maximum Finish, LLC",http://maximumfinish.com/,ChIJmfl1rsPjv1QR2uk0z_A7_nc,Salem,OR
S&Z Concrete Contractors LLC,https://szconcretecontractors.com/,ChIJzTb5RT5VlVQRXCV7BHlY3JA,Salem,OR
Ultimate Concrete Coatings,,ChIJW-GgTx_-v1QRXWPDnLMx2oo,Salem,OR
Henderson Concrete Construction Inc,https://www.hendersonconcreteinc.com/,ChIJz5Diyf7_v1QRFC_rnAMuNKw,Salem,OR
"Ames Research Laboratories, Inc.",https://amesresearch.com/,ChIJkTjuZU7_v1QRBwxoErKIcVQ,Salem,OR
San Angelo Epoxy Flooring,https://sanangeloepoxyflooring.com/,ChIJf9q6bqvlV4YROJcQkHT1CWI,Laredo,TX
Laredo Concrete Contractors LLC,https://laredoconcrete.co/,ChIJ_9PeK2ffYIYRNeuJyCip_PE,Laredo,TX
Laredo Concrete Company,https://www.laredoconcretecompany.com/,ChIJCdhTTfMjYYYRIWWksDCxpJQ,Laredo,TX
Gorilla Concrete,,ChIJuf4-PSx9hKARUMCtKGT_jPk,Laredo,TX
"Royal E Construction, LLC",https://royaleconstructionllc.com/,ChIJz3HPyi_hYIYRSz2fS7Mp5Y4,Laredo,TX
"Patmo Concrete, LLC",https://www.patmoconcrete.com/,ChIJORQlA17gYIYR7QKLmMtWriA,Laredo,TX
Rob-K Concrete Products,,ChIJT4bywGUgYYYRvlQmME3R2Go,Laredo,TX
Gilmar Construction Ltd,https://www.gilmarconstruction.com/,ChIJSWrB450gYYYRb5dr3RcpKkc,Laredo,TX
Dcoating LLC,,ChIJWemQFUYhYYYRxhZdYXiuGOQ,Laredo,TX
Laredo Concrete Cutting,,ChIJOy2xbaghYYYReGSr10fUjcM,Laredo,TX
Garcia Concrete,,ChIJSSKPpo8jYYYR9RGufntixEE,Laredo,TX
Power Shades Carports and Canopies LLC,http://www.power-shades.com/,ChIJzzMXwZMmYYYR5yTrdHjDCAY,Laredo,TX
City Ready Mix,,ChIJRWefdXEhYYYRL96l6sKzOPc,Laredo,TX
Exotic Stain Concrete,,ChIJq6pGwmwAaIYRgX58lLeZvRA,Laredo,TX
VIVA Floors & More,https://www.viva-floors.com/,ChIJiz6-j9WWb4YR_DVuXjy7zpc,Brownsville,TX
StrongFloor,,ChIJhVx9FBhltmMRbMTzlnp9dhg,Brownsville,TX
Arizpe Flooring,http://www.arizpeflooring.com/,ChIJnVTqn-KTb4YRZzWu946Ifhc,Brownsville,TX
EPCONS Epoxy & Concrete Specialist LLC,https://www.epconsllc.com/,ChIJ4eL3-3WRb4YRvJPadzRhsys,Brownsville,TX
Epoxy Coat Masters,https://www.epoxycoatmasters.com/,ChIJiQi9CY0zSIYRMi5zRTqYfyw,Brownsville,TX
Magic Valley Concrete/ CAPA,,ChIJR-EqQHy9b4YRgGvn1Xu5chM,Brownsville,TX
"Aztec House Leveling, Foundation Repair & Remodeling/Brownsville",https://www.aztechouseleveling.com/brownsville,ChIJwXnLIiOVb4YRfWuTPuXipA0,Brownsville,TX
Mat Construction Inc,http://www.matconstructioninc.net/,ChIJXfOhp6aVb4YRv7x0qs4UvRs,Brownsville,TX
Polibrid Coatings Inc,https://www.polibrid.com/,ChIJxzdZnw6-b4YRG5QDKfDqElU,Brownsville,TX
FD Construction Co.,,ChIJNdhXOg-Ub4YRJ6pi7Qnjdr0,Brownsville,TX
LUXE ELITE,https://www.luxeeliteutah.com/?utm_source=google&utm_medium=wix_google_business_profile&utm_campaign=10267385777809649182,ChIJI8HpviYjdaERe4JFn3E7cmU,Provo,UT
Fresh Home Finishings,https://freshhomefinishings.com/,ChIJw4ZbQsKbTYcRTA6X8eHTOTk,Provo,UT
SurfacePRO,https://gosurfacepro.com/,ChIJ43bH_FQGyaYRQ18TZyPrI90,Provo,UT
Contec Supply,http://contecsupply.com/,ChIJFZo-UDKbTYcRaA16cNYD_M8,Provo,UT
Avid Epoxy,https://avid-epoxy.com/,ChIJhUr2AtB9VIcR3sPYDn_DaTw,Provo,UT
C & L Coatings of Utah,http://clcoatingsofutah.com/,ChIJAQAAABCXTYcRbm77WMVYOXk,Provo,UT
Your Floor Utah,https://www.yourfloorutah.com/,ChIJ0Rso5f9G3ogRv85hGvE1aXE,Provo,UT
Happy Valley Coatings,http://www.happyvalleycoatings.com/,ChIJBzCTftODTYcRCjNilV8K08M,Provo,UT
Create Storage and Coatings,https://createstoragecoatings.com/,ChIJixyO_0KaTYcRPbWYzLBfZmU,Provo,UT
Premium Surface Solutions,http://premiumsurfacesolutions.com/,ChIJeeV1cxD5RqgRX9Umn3ubtAI,Provo,UT
MAC Concrete Coatings,http://www.macconcretecoatings.com/contact,ChIJL4Ilv-FiUocRH3oG9uhBDa8,Provo,UT
Maverick Concrete Coatings,https://www.maverickconcretecoatings.com/contact,ChIJbVovifuDTYcRuD9fs73pEi8,Provo,UT
Empire Concrete Polishing & Coatings,,ChIJHwcj43aFTYcREHJYuu1pmjA,Provo,UT
Pro Basin Concrete Coatings,https://www.probasincoatings.com/,ChIJOxfWEAEKdacRyrUbYaPL6Kw,Provo,UT
"Convergent Concrete Technologies, LLC",https://www.convergentconcrete.com/,ChIJLw-_7TqbTYcRBdiZYI_F3fs,Provo,UT
Badger Floor Coatings,https://badgerfloorcoatings.com/contact-us,ChIJo8HBKQZRBogR3xlxCW7LdWo,Madison,WI
Nelson Concrete Coatings,https://www.nelsonconcretecoatings.com/,ChIJe3oeIo1JBogRQmJZdiYeNBU,Madison,WI
Floor Coatings Pro,http://floorcoatingspro.com/,ChIJlarsGlr2BogR-PsA_4DFa9U,Madison,WI
"New Life Surface Restoration, Llc",https://www.newlifesr.com/?utm_source=google&utm_medium=organic&utm_campaign=gbp,ChIJ1TL6MNRKywERkC_qZ-jKLps,Madison,WI
N.E.W Coatings,http://www.newfloorcoatings.com/,ChIJR3NsERExAogRL0LnE_b9xeY,Madison,WI
L.A. Floors LLC,https://www.lafloorswi.com/,ChIJyYY8ekD64UERvEhFlU9eEZk,Madison,WI
Sergenian's Floor Coverings - Residential Showroom,https://www.sergenians.com/?utm_source=google&utm_medium=googlemybusiness,ChIJS6vLpW2tB4gRevZyjeaK7xA,Madison,WI
Coyle Carpet One Floor & Home,http://www.coylecarpetonemadison.com/,ChIJmwLPuMFSBogRORP6o0QEpEM,Madison,WI
Epoxy Flooring,https://epoxymadison.com/about-us/,ChIJHU7EMbNSBogR43MwavZCWME,Madison,WI
Express Floor Care,https://expressfloorcare.com/,ChIJu_9EtrpXBogRn2jZcFoSfDc,Madison,WI
Floorescent Flooring,https://www.floorescent-flooring.com/,ChIJVVUVVFdQBogR2Jv6VDUvEvg,Madison,WI
Luxury Garage & Closets,https://www.lgc584.com/,ChIJAbbNggr3BogR_-9KKpbZtMA,Madison,WI
Hank's Specialties Inc,https://www.hanksspec.com/,ChIJCYTH9G9TBogRvxkRh5QkNso,Madison,WI
Tex Tone Concrete Coatings,https://www.textonecoatings.com/,ChIJtZicms0tBogRuH4GiKkuAL8,Madison,WI
The Concrete Company,http://www.theconcretecompanyonline.com/,ChIJFTZCYVKtB4gRZWVAk57mC14,Madison,WI
Expert Concrete Care LLC.,http://www.expertconcretecare.com/,ChIJyTAW5L8AB4gRWQS9ds8AfAg,Madison,WI
"Royal Concrete Construction, Llc",http://www.royal-const.com/,ChIJKR59YkKtB4gReazMcOTWZxw,Madison,WI
D & M Concrete Co Inc,http://www.dmconcrete.biz/,ChIJo86jcbWoB4gR5wT-60CMdKE,Madison,WI
Wisconsin Coating Specialists LLC,https://www.wisconsincoatingspecialists.com/contact,ChIJQ5djY9QGAIgRWSjSfQzps-Y,Madison,WI
TLC Concrete Coatings,https://tlccoatings91.com/,ChIJUXgB8kDR_IcRPmoUCd23VRc,Madison,WI
Superior Concrete Madison,https://superiorconcretemadison.com/,ChIJsQsGP-OtB4gRtpcneIssGoE,Madison,WI
Eco Concrete,https://ecoconcretecompany.com/?utm_campaign=gmb-listing&utm_medium=organic&utm_source=google,ChIJw-ZzPjzF5UQRQukSUdJ_HMM,Madison,WI
Go Mega Concrete Coating,https://www.gomegawi.com/,ChIJpfwyOi27_YcRzuWSIJ_1iP8,Madison,WI
Areawide Concrete Polishing,https://areawideconcretepolishing.com/,ChIJAQCQjgCwB4gRl6KI_QbDJ-A,Madison,WI
ProAxis LLC,http://proaxisllc.com/,ChIJ21gQfytRBogRHABc71EB-WI,Madison,WI
The Concrete Remover Inc.,http://www.theconcreteremover.com/,ChIJ8Un77-yoB4gRzvfeCi4iT3A,Madison,WI
Southern Wisconsin Concrete,https://www.southernwc.com/,ChIJ2YnCPDRrBogROTZzPUR4s-s,Madison,WI
Ageless Concrete,http://www.agelessconcrete.com/,ChIJLZ5E4BpVBogRBkLcWhS27Ik,Madison,WI
"Heavy Duty Floors, LLC",https://www.heavydutyfloors.com/,ChIJn1mbiQ6z54kR3B1x27rapyc,New Britain,CT
Northeast Industrial Floorings,http://www.nifepoxyfloor.com/,ChIJWxlD8LX95okRv4ZbhfpOD6I,New Britain,CT
Epoxy Depot Hartford,https://epoxydepotconnecticut.com/,ChIJ43X0sk-z54kRC9e3kOvFV1E,New Britain,CT
"ProRez Coatings, LLC",http://prorezcoatings.com/,ChIJr-qAsOxM5okRm_MuiQHmEkU,New Britain,CT
Connecticut Flooring LLC,https://woodflooringct.com/,ChIJEboREemw54kRuYoLJ-9i1Mk,New Britain,CT
Pro Epoxy LLC,http://www.proepoxyct.com/,ChIJC2m7hPTf5YkRNTcI85keYMY,New Britain,CT
New England Overland Floor Specialists,http://neofloorsct.com/?utm_source=google&utm_campaign=gbp,ChIJq6pWKdUo5okRjg-8ODVeKkU,New Britain,CT
Engineered Coatings Inc.,http://engineeredcoatingsinc.com/,ChIJR9NzWqiQ54kREyHy7FgG7fY,New Britain,CT
Pinnacle Concrete Solutions,https://pinnacleconcretesolutions.com/?utm_source=google&utm_medium=organic&utm_campaign=gbp&utm_content=website,ChIJE791j85N5okRhdMN0SL1bo4,New Britain,CT
Frontline Waterproofing And Masonry,https://frontlinewaterproofingmasonry.com/,ChIJk38m47-z54kRLTyagx-sfyY,New Britain,CT
Jason Robert's Services- Epoxy Floors | Concrete Polishing,http://www.jasonrobertsservices.com/,ChIJIWWVNXLb54kRIL2YEfcylV8,New Britain,CT
Northeast Foundation Coating,,ChIJC-C-YyT05okRsZ8nu7Rpm-Q,New Britain,CT
Edison Coatings Inc.,http://www.edisoncoatings.com/,ChIJhYEWcK2x54kRjtyU50lSeEs,New Britain,CT
C & C Concrete Curb,,ChIJn7mDDDuy54kRkxrX0WLiILE,New Britain,CT
BrickGuard Masonry & Restoration,http://brickguardmasonryct.com/,ChIJZ_YGqbev54kRHZQTVHPWhuA,New Britain,CT
Atlas Concrete Products Inc,http://atlasconcrete.com/?utm_source=AJD&utm_medium=organic&utm_campaign=GBP_Main&utm_content=GBP_Website_AJD,ChIJt0VN4NCz54kRr8cbg-MpGQo,New Britain,CT
Cutting Edge Installations,http://cei-epoxyflooring.com/,ChIJnYmHiDzl5okRwHeZFYgXFpU,New Britain,CT
Concrete Raising Corp of CT,https://crcct.com/,ChIJ_ZNeEMbCrKURSh982qNKQ2o,New Britain,CT
Dino & Rocco's Balesano Waterproofing LLC,http://dinoandroccos.com/,ChIJm06qs8JT5okRs4TdI4aLxV8,New Britain,CT
Coverage Coatings,http://coveragecoatings.com/,ChIJUT3lHO09lg4RLYZXKU_nDAo,Columbus,GA
Kolum Epoxy Flooring,http://epoxyflooringcolumbusga.com/,ChIJQ9WUxTY184gRw7e3Oai3bnY,Columbus,GA
StampItCrete,https://stampitcrete.com/columbus-ga/?utm_source=localfx&utm_medium=organic&utm_campaign=localfx,ChIJwVXCmQ7LjIgRDoWMhr-59Yc,Columbus,GA
A&M Concrete and Masonry LLC,http://amconcretemasonryllc.square.site/,ChIJwYKhzk3NjIgRLI7LPuR3WcQ,Columbus,GA
All American Concrete,http://www.allamericanconcretecolumbus.com/,ChIJLVL_sKDNjIgRcFbnMCEMxaY,Columbus,GA
Sundek of Columbus,http://www.sundekofatl.com/,ChIJ89gxf9wy84gRO2mL0NeljII,Columbus,GA
Southern Elite Contracting Inc,https://www.southern-elite.co/general-contractor-columbus/,ChIJQ3L4gd0184gRAVoJo6VbRVY,Columbus,GA
Granville Enterprises LLC,https://www.supremeserviceco.com/,ChIJpYJa0dc184gRnzRYqHsDmdk,Columbus,GA
Greer Home Solutions - General Contractor,,ChIJ14XRU6vMjIgRk7IZeDFX-Rg,Columbus,GA
Priceless Painting Plus LLC,https://www.pricelesspaintingplus.com/,ChIJAwRHWorNjIgRulFW4VCz2uo,Columbus,GA
Concrete Polishing by Design LLC,,ChIJSZqCBISg7WURrAoaPubPSzo,Columbus,GA
Jabali Concrete Construction LLC,https://www.jabaliconcrete.com/,ChIJ12jzLM1S84gRFRMPiMSKHV8,Columbus,GA
SS&MORE Flooring Installation,https://www.ssandmore.net/,ChIJPbjPwx3NjIgR7oaUWj519z4,Columbus,GA
ChemSeal Asphalt Maintenance,http://www.chemsealga.com/,ChIJT7CovGUz84gRB3qgRoHGgec,Columbus,GA
Wrightway Floor Coatings Columbus,https://wrightwayfloorcoatings.com/,ChIJP_aPpM_uTQQRrQcbGO1wSIQ,Columbus,GA
"Everett Long & Sons, Inc dba Dependable Landscaping",,ChIJmSQcPoAz84gR__NIM-ZB8DM,Columbus,GA
KT Traditional Concrete LLC,,ChIJBdLHvgA184gRE2h4i9jXr1s,Columbus,GA
"Gladiator Concrete Coatings, LLC",https://gladiatorconcretecoatings.com/,ChIJLSzVtdu5mCERNsigbTsYmi0,Columbus,GA
Concrete Finishes Inc,http://concretefinishesinc.com/,ChIJrT5nYmsT9YgRkz85HGhb-jw,Columbus,GA
"Rincon Concrete, Inc.",https://rinconconcreteinc.squarespace.com/,ChIJzflxqkcz84gR0cf2YN-rrTM,Columbus,GA
Columbus Concrete LLC,http://columbusconcretellc.com/,ChIJVc6WRp-jF2wRiAg4Jirkcns,Columbus,GA
Ag Gonzalez Concrete llc,https://aggonzalezconcretellc.us/,ChIJ-60sgNDNjIgRpuZbY9IHIjA,Columbus,GA
Old Town Flooring and Renovations LLC,http://www.oldtownflooring.net/,ChIJ411K1PLPjIgRnU5OeRVkgUg,Columbus,GA
El Huache Flooring,http://www.elhuacheflooring.com/,ChIJV53jHCx72AkRtwdAqOPPGCU,Columbus,GA
Restoration Lifestyle,http://www.restorationlifestyle.com/,ChIJvX36xjSen48RD7jiUujmQGk,Lubbock,TX
Texas Tough Floors,https://texastoughfloors.com/,ChIJy7byGPJnD0IRg0vPbeyPCBg,Lubbock,TX
Flagship Flooring,https://flagshipflooring.com/,ChIJ7e3CXV9y_oYRtCihjj15aj4,Lubbock,TX
Dynamic Coatings LLC,https://www.dynamiccoatingstx.com/,ChIJJ3I8N79p_IYR86C5bhKrUq4,Lubbock,TX
Poured Out Custom Coatings,http://www.pouredoutcc.com/,ChIJe1XcXqNv_oYREyME4FfWOqE,Lubbock,TX
Concrete Innovations Inc,http://innovateyourconcrete.com/,ChIJ430DYF9t_oYR7rIVjrTscvw,Lubbock,TX
Performance Floor Texas,,ChIJ2eFXuWxv_oYREVwwPAbH2WY,Lubbock,TX
Yates Flooring Center,http://www.yatesflooring.com/,ChIJ50BHn9MM_oYRVUgQ6s_AVM8,Lubbock,TX
Allied Services LBK,http://www.alliedlbk.com/,ChIJex6caBFt_oYRVV2ERUqzndE,Lubbock,TX
Custom Trim Design & Flooring,https://customtrimdesign.com/,ChIJS6QkVBhz_oYRdciRWgIc18Y,Lubbock,TX
Winder Flooring,https://winderflooring.com/,ChIJ_R4lIINz_oYRpRmkGVFYGak,Lubbock,TX
Hartley Floors,http://www.hartley-floors.com/,ChIJhyUKFbtz_oYRqH_xiDI5HLI,Lubbock,TX
Lubbock Concrete Coating,https://lubbockconcretecoating.com/,ChIJQf5lImFv_oYRqU_39MHKxBU,Lubbock,TX
Texas Diamondback Concrete Resurfacing,https://texas-diamondback.com/,ChIJf2oQolEM_oYRkP2qFqL1KhQ,Lubbock,TX
Top Texas Flooring,https://www.toptexasconcreteflooring.com/,ChIJeWWpeJ3Z-4YR8o6RVH8V-v0,Midland,TX
Home Run Concrete Coatings,https://homerunconcretecoatings.com/,ChIJI2XPHxfZ-4YREBI82w5CONg,Midland,TX
Quality Epoxy Coatings,https://qecoatings.com/,ChIJ7W7gedvZ-4YRvfgOBuSjr8g,Midland,TX
Versatile Coatings LLC,http://www.versatilecoatingsllc.com/,ChIJTw65WPJJTIYR5sXZTYtgpvE,Midland,TX
CoatingsHQ,https://www.coatingshqsupply.com/,ChIJP7AZGhXZ-4YRdo5VtlgC_Ek,Midland,TX
Midland Concrete Company,https://www.midlandconcretecompany.com/,ChIJ93AeYlbZ-4YRs1QD5u9rrik,Midland,TX
Decorative Concrete Permian Basin,https://decorativeconcretepb.com/,ChIJx7QVbO_Z-4YR_zM874CR8sI,Midland,TX
OROD CONCRETE AND CONSTRUCTION LLC,,ChIJ8Ss7E9jZ-4YR39aoTDIBFOc,Midland,TX
West Texas Concrete Solutions,https://westtexasconcretesolutions.com/,ChIJHxP3QUdt_IYRPnj5lIHlyrQ,Midland,TX
JCU Concrete and Construction Services,,ChIJcQMiCqIMdiQRWBhHlNK-2FE,Midland,TX
Crete Couture,http://cretecouture.com/,ChIJ86IC0bLf-4YR9ckUB0gsxqE,Midland,TX
Concrete Now!,http://www.concretemidland.com/,ChIJU52QPFvY-4YRxNb6W2qMyaU,Midland,TX
RAS Epoxy Coatings,http://resinousfloorcoatings.com/,ChIJr9Utj1m7JoYRH5pFYrZTdFs,Baton Rouge,LA
Huey's Concrete Coatings Supply,http://www.hueysepoxy.com/,ChIJ0-Gw7rqjJoYRMLcX-xsjdWI,Baton Rouge,LA
Epoxy Flooring,https://www.epoxyfloorbatonrouge.com/contact-us,ChIJOcMUlgClJoYRo-Q7yWUCTn8,Baton Rouge,LA
Cornerstone Flooring Companies,https://cornerstoneflooringcompanies.com/,ChIJyVNelCCjJoYRVXuLJVVMJME,Baton Rouge,LA
Cajun Epoxy Floors,http://www.cajunepoxyfloors.com/,ChIJDTIsQwygJIYRe9usXwMJZEM,Baton Rouge,LA
"Viking Concrete Floors - Concrete Flooring In & Near Prairieville, LA",https://www.vikingconcretefloors.com/?utm_source=GMB,ChIJl-GO-1mxJoYR2GCDITqZ_Bw,Baton Rouge,LA
"T.W. Hicks, Inc.",https://www.twhicksinc.com/,ChIJf9_f9oC7JoYRurAmbSEpNcw,Baton Rouge,LA
Professional Installation Floor Covering Company Inc.,http://www.pifcco.com/,ChIJBfuC8D2hJoYRfIZhDNodLWM,Baton Rouge,LA
Stupp Coatings,https://www.stuppcorp.com/,ChIJ7X-_trGfJoYRS9FTVrbUgJk,Baton Rouge,LA
Assured Flooring & Countertops,http://www.assuredflooring.net/,ChIJs_SZiTK7JoYRbfVINay9d9Y,Baton Rouge,LA
Anytime Flooring,http://anytimeflooring.com/,ChIJUfqR5NO8JoYRsXvqVMLtFD8,Baton Rouge,LA
"Southern Concrete Coatings, LLC",,ChIJkffIur9hIYYRkFFaFY7zMtU,Baton Rouge,LA
Legendary Concrete Baton Rouge,https://legendaryconcretebatonrouge.com/,ChIJh932fVihJoYRzM2grBIdbX4,Baton Rouge,LA
Concrete Coatings Inc - Sundek,http://www.ccisundek.com/,ChIJG7yo66c9J4YROsgrPt73uKQ,Baton Rouge,LA
Concrete Technology Industries,http://flycti.com/,ChIJQX_p2Ov6wogRFCIhYKd5Tik,Baton Rouge,LA
Vicknair Contractors,https://vicknaircontractors.com/,ChIJuWWP0EBZJoYREQSq3dvvTbo,Baton Rouge,LA
Stonewall Architectural Concrete,http://stonewallla.com/,ChIJlzgG6LOkJoYRK1905X0d-pw,Baton Rouge,LA
Baton Rouge Concreters,https://batonrougeconcreters.com/,ChIJHQP_6xWhJoYRl-qabmaRhfI,Baton Rouge,LA
The Concrete Company of Baton Rouge,https://www.concretecompanybatonrouge.com/,ChIJm4eTzzahJoYRkTRZmyEJ2Gk,Baton Rouge,LA
Premier Construction and Remodeling LLC,http://www.premierconstructionbr.com/,ChIJV1XFLPK7JoYRtJfl-YE6av4,Baton Rouge,LA
Lopez Quality Concrete,https://lopezqualityconcrete.com/,ChIJMyemITKjJoYRs8jGyd2kmig,Baton Rouge,LA
Concrete Concepts Construction Company INC,,ChIJPy-QBcu7JoYRYQCH1bkzVKY,Baton Rouge,LA
Concrete Coatings Inc,,ChIJVVVVVdGkJoYRbCP6BZst5FI,Baton Rouge,LA
"Beton, Llc",https://betonllc.com/,ChIJ7Qjrg-u1JoYRulyj-_xSEF0,Baton Rouge,LA
Squarefoot Design,http://www.squarefootdesignla.com/,ChIJVTAbXpOjJoYRNv6T1K59VUY,Baton Rouge,LA
Coating Services Inc,https://www.foustgrp.com/,ChIJrfaDOEa0JoYRpv2n1SZIfbg,Baton Rouge,LA
Bryan Matthews Specialty Concrete Finishes,http://www.bryanmatthews.com/,ChIJDRYoTRniwFQR429OPhJXwrM,Eugene,OR
Cascade Floors Inc,https://cascadefloors.com/,ChIJ0Z3Gojb0v1QRb_2G64MMDRA,Eugene,OR
One Touch Flooring,https://www.getsocialist.com/contact-us,ChIJey0y9D_jwFQRN3Vl6lxm0W0,Eugene,OR
"Resurface-It, Inc",https://www.resurfaceitinc.com/,ChIJzaa4QNEdwVQRFqJrv7-9oAk,Eugene,OR
Cisco's Fine Touch,https://www.ciscosfinetouch.com/,ChIJzZwuqWL24oIRyB8GX2EAQAc,Eugene,OR
Cleo's Construction,https://www.eugeneconcretecontractor.com/,ChIJj_tLVOjhwFQRsTtvJw67o70,Eugene,OR
Innovative Concrete Solutions,https://innovativeconcreteor.com/,ChIJU-bHkrbjwFQRKO09UTleb0c,Eugene,OR
"Final Finish Construction, LLC",,ChIJaZc7RfLgwFQRiPhzTkSS13U,Eugene,OR
Stanley Coatings,https://stanleycoatings.com/,ChIJV9xUaTCBxVQRIRHNmz8dZB0,Eugene,OR
Empire Concrete Cutting,http://empireccinc.com/,ChIJBSFFar3hwFQRHcjyqoUAojo,Eugene,OR
Curt's Concrete Cutting LLC,https://curtsconcretecutting.com/,ChIJ-SQG1UnhwFQRyv0ndXd99IU,Eugene,OR
Dynasty Concrete Co,http://www.dynastyconcrete.com/contact/,ChIJEWXc0Q4cwVQRtRujWzPPcbU,Eugene,OR
Ultimate Design Concrete,https://www.ultimatedesignconcretellc.com/,ChIJeZmlcmkgwVQRXdhVIS_5b3Q,Eugene,OR
A.B. Concrete & Construction,https://www.abconcreteconstruction.com/,ChIJi9vi6jh1JEYRHaIOvkZGKoY,Eugene,OR
Concrete Decor Store,https://concretedecorstore.com/,ChIJ_XB7jhcDwVQRsTGddJ6c0gc,Eugene,OR
3C Custom Commercial Concrete,http://customcommercialconcrete.com/,ChIJkV4oDZbhwFQRSyZfFEOLDgA,Eugene,OR
Brown Contracting Inc,http://www.browncontracting.net/,ChIJBcVxqzYdwVQRtctvU-W_nNA,Eugene,OR
Willamette Valley General Contractors,https://willamettevalleygeneral.com/,ChIJre-aYPLhwFQRBuY7UrkNUrY,Eugene,OR
"HD Performance Coatings, LLC",,ChIJRbuxJI4dv4cRlUIJV2rji6E,Topeka,KS
Pinnacle Epoxy Coatings,https://www.pinnacleepoxy.com/,ChIJj55cJTKc_28RDMwBxTGM25w,Topeka,KS
Augustine Construction & Epoxy Coatings,http://www.augustineconstruction.net/,ChIJ1xwUui39vocRXUyARI8oRes,Topeka,KS
Flint Rock Coatings,https://www.flintrockcoatings.com/,ChIJcRLg41R9vocRziicB5eJO_o,Topeka,KS
Topeka Hardwood Floors LLC,https://topekahardwoodfloors.com/,ChIJ2U_3cT-vKCIRamHz8kwV-DE,Topeka,KS
The Floor Project - Brands for Less Topeka,http://www.thefloorproject.com/,ChIJ90-CRD39vocR8peRE4i2fEM,Topeka,KS
Kaw Valley Hardwood Inc,http://www.kawvalleyhardwoodinc.com/,ChIJ3ybYLnr_vocRtNZXFrFiZHE,Topeka,KS
Michael's Resurfacing LLC,https://michaelsresurfacing.com/,ChIJqXWhWT0dv4cRUMATUZ5Dirk,Topeka,KS
Superior Concrete Coatings,https://www.superiorconcretecoatingsllc.com/,ChIJs8If0eb9vocRMUh7h50zMEk,Topeka,KS
Heartland Floors Inc.,https://www.heartlandfloorstopeka.com/,ChIJGVEDXMscv4cRC4qqpmn-mE0,Topeka,KS
Unique Design,https://www.uniquedesignks.com/,ChIJ96h6Cj79vocRPBIiQJNU2oA,Topeka,KS
Hall Floor Covering,,ChIJvwdjD4MBv4cRplmToIWZLV8,Topeka,KS
Creative Concrete + Construction,http://www.creativeconcreteks.com/,ChIJR-2c-sQdv4cR30m12V3XI1o,Topeka,KS
EPOXY FLOORS AND DOORS,https://epoxyfloorsanddoors.com/,ChIJlyfjEfuLYIgR5idHFSr8pD0,Chattanooga,TN
Chattanooga Floor Care,https://www.chattfcs.com/,ChIJDQF_TiCMYIgR0Ehp-9MvCRQ,Chattanooga,TN
Rossi Decorative Concrete & Epoxy,https://rossidce.com/,ChIJlXt4hoxp34gRUM2AXuEGZpM,Chattanooga,TN
CreteStar,https://cretestar.us/,ChIJD9zxQJ5dYIgRSMUONALWJFE,Chattanooga,TN
BFC Floor Coatings,https://bfcfloorcoatings.com/,ChIJSfvaY2htXogRSSIAEn22F6Q,Chattanooga,TN
Volunteer Epoxy Flooring,https://volunteerepoxyflooring.net/,ChIJA9uy9iaNy4wRR7Pd3t_YWcI,Chattanooga,TN
Floor Shield of Knoxville LLC,https://www.floorshieldknoxville.com/,ChIJSSduEror1wIRrf5iy9_Mids,Chattanooga,TN
Proshine Floors,https://proshinefloorschatt.com/,ChIJsVcvtSlfYIgR1kNgg5-QeoI,Chattanooga,TN
"Concrete Repair Specialist, LLC",http://www.concreterepairspecialist.com/,ChIJvyZh0PldYIgRQ8czjdXH6Io,Chattanooga,TN
Chattanooga Concrete Contractors,https://chattanoogaconcretecontractors.com/,ChIJgz61awZdYIgRTuydShjGKts,Chattanooga,TN
Chattanooga Concrete Co.,https://chattanoogaconcreteco.com/?utm_campaign=gmb&utm_medium=organic&utm_source=gmb,ChIJJwgdfkdfYIgR1Rs4mQJ1Dh0,Chattanooga,TN
AFS Foundation & Waterproofing Specialists,https://www.afsrepair.com/about/meet-the-team/chattanooga-branch/?utm_source=google&utm_medium=organic&utm_campaign=gmb_afs-chatt,ChIJKX7Pbv98YIgRy6lcnZW1Fnw,Chattanooga,TN
Team Red Coatings,https://www.teamredcoatings.com/,ChIJrR4nqyhNWogRVoxNuexSr2E,Chattanooga,TN
Cox Concrete & Excavation,http://coxconcrete.us/,ChIJlR3H9kSLYIgRpYQ3GGlhlH8,Chattanooga,TN
"Amos Concrete Coatings, LLC",http://www.amosconcretecoatings.com/,ChIJT2-GF2IrtAsR9hrzphSzwt8,Chattanooga,TN
Maven Group,http://hcmaven.com/,ChIJLVH0m46KYIgRgfd8vpclOqE,Chattanooga,TN
Encore Concrete Group,http://www.encoreconcretegroup.com/,ChIJh07COc33Y4gR7w-zVT77RIk,Chattanooga,TN
Peak Concrete Construction,https://peakconcreteconstructiontn.com/?utm_campaign=gmb,ChIJ1XCCYvd7hS4RkZMaZRdcliA,Chattanooga,TN
"Concrete Works, LLC",http://theconcreteden.com/,ChIJb8N4ZRNLYIgREdxd-2qdDow,Chattanooga,TN
J & M Concrete Finishing INC,,ChIJhXdVweSgYIgRCf1qHI2ylrA,Chattanooga,TN
Precision concrete,,ChIJ9c3pp9ZtXogRCiS5QvO8iX4,Chattanooga,TN
Cleveland Elite Concrete,https://www.clevelandeliteconcrete.com/,ChIJA_I5mAcrXogRholsx1egh7U,Chattanooga,TN
Professional Concrete Finishing Company Inc.,,ChIJB5LiAABhYIgR4RvAoIDI_gw,Chattanooga,TN
CROM,https://www.cromcorp.com/chattanooga-tennessee/,ChIJ64MxaCZfYIgRDgtSR8Halh8,Chattanooga,TN
LEA Vel Concrete,https://www.leavelconcrete.com/?utm_source=google&utm_medium=wix_google_business_profile&utm_campaign=9396749768320476107,ChIJJU58ZPrWKKQRwj6xOCLxP9k,Chattanooga,TN
West Concrete Finishing,,ChIJAQDENVVnYIgRlvpwuAc-QNA,Chattanooga,TN
Aubrey Black Decorative Concrete Increte Systems,http://www.abcincrete.com/,ChIJqXkb4HNFYIgRLxCLxNuDKiI,Chattanooga,TN
Lockhart Concrete Finishing,,ChIJbZQGNuFbYIgRDelahr8lV68,Chattanooga,TN
Wright Construction Company,https://wrightconstructioninc.com/locations/chattanooga/,ChIJNaBNeoNgYIgRvw5dRuszyyg,Chattanooga,TN
Absolute Concrete & Masonry,https://acmconstructiontn.com/,ChIJcX7Z8txboUMRiO0koPJ_-so,Chattanooga,TN
R&B Concrete Finishing Inc.,http://www.rbconcrete.org/,ChIJ09HBgaJvYIgRT1TowxNpSB0,Chattanooga,TN
Bayless Concrete Finishing,,ChIJawprxxKGYIgRhZytNv9n7ro,Chattanooga,TN
Capital Region Epoxy Coating,http://www.capitalregionepoxycoating.com/,ChIJjwxBL0EL3okRPkVMPCEHkdY,Albany,NY
Quinn’s Epoxy Floors,https://www.quinns-epoxy.com/,ChIJdwXktm8N3okR-dXc7cqnjYM,Albany,NY
Valley Performance Floors,http://www.valleyperformanceflooring.com/,ChIJ3_0rk0oX3okRb7Np-Iun448,Albany,NY
Gimondo Epoxy & Concrete Inc.,https://www.518epoxy.com/,ChIJR3WRSOw_3okRah770HembGs,Albany,NY
Upstate Dream Floors,https://www.upstatedreamfloors.com/,ChIJ9-FF8WWw3okRTV-N6X10K-M,Albany,NY
Tech Valley Concrete,http://tvconcreteandepoxy.com/,ChIJvV0oWVjf3YkRv0gefhbjrx4,Albany,NY
Acme Wood Floors LLC,http://www.acmefloors.net/index.html,ChIJIychkCIK3okRP6oiccSjiPo,Albany,NY
"George Brothers Inc, Increte of Albany",http://www.georgebrothersofalbany.com/,ChIJUUZWPAsL3okRme1vp230wu0,Albany,NY
Hansen's Wood Flooring,https://www.hansenswoodflooring.com/,ChIJRSl6IykL3okReRIMygD8sL4,Albany,NY
Horizon Forest Products,https://www.horizonforest.com/,ChIJiy2yRFUL3okR3EOhstwg-rk,Albany,NY
Allens Custom Coatings,https://allenscustomcoatings.com/,ChIJD9PPr59H3okRGcWv2XoDlDo,Albany,NY
StoneTech of Albany,http://stonetechofalbany.com/,ChIJSe4Dx5QK3okRL5MEKQeG9Ww,Albany,NY
"American Design & Contracting, LLC",http://adcmason.com/,ChIJPY74Elxz3okRWZ0rWKkpuOE,Albany,NY
Superior Sealcoating Commercial Sealcoat Line Striping And Driveway Sealcoating Albany,http://superiorsealcoatingllc.com/,ChIJ1QHfi7Z53okRPnBD5bm304E,Albany,NY
The Concrete Team,https://www.theconcreteteam.com/,ChIJr1Q5r_Bv3okRiJs3ndU-OiM,Albany,NY
Leading Concrete Solutions,http://www.leadingconcretesolutions.com/,ChIJaa5SGOoF3okRs5zVqKJjUw0,Albany,NY
Tier One Decorative Concrete,https://tieronedecorativeconcrete.com/,ChIJt2cyaDYu40QRqVnzCaqIJQQ,Albany,NY
Top Course Masonry Basement Waterproofing & Foundation Repair,https://topcoursemasonry.com/?utm_source=google&utm_medium=organic&utm_campaign=gbp_albany,ChIJmfyhQdMA3okRF3AmJqCiV6s,Albany,NY
Denali Construction Services,http://www.denaliconstructionservices.net/,ChIJ2Sij0HgL3okRrjRbyMnEOjU,Albany,NY
Then & There Services,https://thenandthereservices.com/,ChIJe0wvwYhz3okRdoy5aO1yC48,Albany,NY
"RP Blacktop Repairs, LLC",http://www.rpblacktop.com/,ChIJaf4AI9cRXmURnRCp7L7HKRg,Albany,NY
Prestige Sealcoating & Striping LLC,http://www.prestige-sealcoating.com/,ChIJl3xKA3bi3YkR9HgA2Vz-2Jo,Albany,NY
Queen Foundation Repair,https://queenfoundationrepair.com/locations/foundation-repair-albany-ny/?utm_source=google&utm_medium=organic&utm_campaign=gbp&utm_content=albany-ny,ChIJEbFvOOO2sCgRXPGeGGMxgp8,Albany,NY
"Davco Masonry, LLC.",https://davcomasonry.com/,ChIJER9iC_8O3okR3L-WyJghRTA,Albany,NY
Clifton Construction-General Contractor Albany NY,https://cliftondevelopmentgroup.com/general-contractor-albany-ny/,ChIJW_R8O_YJ3okRfosBqwrsu2c,Albany,NY
"ProSeal Sealcoating & Property Services, LLC",http://www.prosealcoat.com/,ChIJOYOnM54L3okRNlWPTONn7DI,Albany,NY
Empire Sealcoating LLC,,ChIJuSiA9pEM3okRZsw7VmjyDQw,Albany,NY
Flooring Contractor Richmond,http://flooringcontractorrichmond.live/,ChIJee_C0IYRsYkRni945MaaGkg,Richmond,VA
Capital Floor Covering,http://www.capitalfloorcovering.com/,ChIJpyq2qFoykqURddIxTzW6YN8,Richmond,VA
WRAP Resins LLC,https://www.wrapresins.com/,ChIJpbaI194TsYkR4I5xenyNE5s,Richmond,VA
All Sealed Up,https://www.allsealed.com/,ChIJF1Mcd5fNsokRPC0oZSrWHzI,Richmond,VA
804 Restore Inc,https://804restore.com/,ChIJC7EXyRBzsYkRX9g-BMGePGQ,Richmond,VA
DMA Floors,https://dmafloors.com/,ChIJCzPJ02AasYkR4tULKjC_XrQ,Richmond,VA
River City Wrap,https://rivercitywrap.com/,ChIJV1ISSMJzsYkRCG66-I44RYU,Richmond,VA
Buff & Coat Hardwood Floor Refinishing,https://buffandcoatvirginia.com/,ChIJdTLphtA_sYkRzEoRDRcuMQ4,Richmond,VA
Super Flooring,http://superflooringllc.com/,ChIJ_3BCsE_GfgkRobDdsnjnQZw,Richmond,VA
Custom Garage Solutions,https://www.garagesolutionsrva.com/?utm_source=google_my_business&utm_medium=organic&utm_campaign=gmb,ChIJsYBPT8aIsIkRc2kW1YTPZwA,Richmond,VA
Flooring RVA,http://www.flooringrva.com/,ChIJIf9zfxoUsYkRj6_eBo7g0dA,Richmond,VA
EVEREST’S PAINTING & SONS LLC,https://www.everestspainting.com/,ChIJ9w25JIptsYkRfyyiBVVIx2Y,Richmond,VA
American Floors,https://americanfloorsrichmond.com/,ChIJ2yy1A9MSsYkRhCmCKst094s,Richmond,VA
Lewis Brothers Industrial Floors Inc,http://www.lewisbrothersindustrialfloors.com/,ChIJPeJPsWsOsYkRnSSDNzWz3uY,Richmond,VA
A & E Flooring LLC.,http://aeflooringva.com/,ChIJL2nXm2VxsYkRWDh7cBmJ__w,Richmond,VA
Deco Crete LLC,https://www.decocreteva.com/,ChIJ5bmprYoSsYkRMN1iscEDIPQ,Richmond,VA
Ogburn Concrete Leveling & Resurfacing,https://www.ogburnconstructioninc.com/service-areas/richmond-va/?utm_source=google&utm_medium=organic&utm_campaign=gbp-richmond,ChIJrQIm-AAXsYkRnrK6qe0w7Es,Richmond,VA
RVA Classic,http://richmondvaconcretesolution.com/,ChIJg6zEBzIRsYkRncX0GAw5RbI,Richmond,VA
"Concreate, Inc.",http://www.thisisconcrete.com/,ChIJf9MMW7RzsYkR2_s4iNyN0Eo,Richmond,VA
Cleanstone Construction,https://www.cleanstoneconstruction.com/,ChIJXyE5sYlzsYkRl8Ybz0zJkPs,Richmond,VA
Moreno Concrete LLC | Dependable & Affordable Concrete Construction Company in Richmond VA,https://morenoconcretellcva.com/,ChIJgy9kOQARsYkRjoNMHiUplQ4,Richmond,VA
PolyTech Concrete Coatings and Concrete Polishing,,ChIJd0ensEY8sYkR4FNqG6U-QNo,Richmond,VA
"EPAcoat, Inc.",https://www.epacoat.com/,ChIJD4HM6jAasYkRvxna_NAN9Xk,Richmond,VA
River City Sealcoating,http://www.rivercitysealcoating.com/richmond-virginia,ChIJZxVsaooNsYkRLizzn-_2kQo,Richmond,VA
"Detective Coating, LLC",http://www.detectivecoating.com/,ChIJ710NvgAIsYkRkTd9omy2fgQ,Richmond,VA
"W. J. Rapp Company, Inc.",https://wjrapp.com/?utm_source=GBP&utm_medium=organic,ChIJX32QwQcRsYkR0CjFcEhPX0s,Richmond,VA
Just Like New Sealcoating,https://www.justlikenewsealcoating.com/,ChIJE5hUxPMVsYkR1z_ffmfDQzQ,Richmond,VA
Concrete Floor Coatings Inc,,ChIJ9WjogjErTYgRoWUq4rCOVUo,Richmond,VA
"Superior Floor Coatings, LLC",https://superiorfloorcoating.com/,ChIJubRlYq3r3ogRqwleiUDOC-E,Port St. Lucie,FL
Choice Epoxy Coatings,https://www.choiceepoxycoatings.com/,ChIJb_HKNkTr3ogRxHO1v3zRRQQ,Port St. Lucie,FL
"Floor Kings Epoxy, Polishing & Resurfacing Inc.",http://www.floor-kings.com/,ChIJecuEL5rp3ogRk2dULBrD7qg,Port St. Lucie,FL
All Bright Floor Restoration & Epoxy Coatings,https://allbrightfloorrestoration.com/,ChIJ2Q_O1oLp3ogRdXRgP9HPS7o,Port St. Lucie,FL
CJ Epoxy & Advanced Floor Coatings,http://www.cjepoxy.com/,ChIJM7ftre713ogRSjLOzOkYwME,Port St. Lucie,FL
"Scott's Concrete Coatings, LLC",https://www.scottsconcretecoatings.com/,ChIJdZK6icvvkGkR0llpp_VvNwg,Port St. Lucie,FL
Shafer Decorative Epoxy,https://shaferepoxy.com/,ChIJuwkazT3p3ogRDkIsPA5jcMQ,Port St. Lucie,FL
Secure Coatings,http://www.securecoatingsllc.com/,ChIJN3CMX0jt3ogRhHk78OvoGtM,Port St. Lucie,FL
Custom Surface Solutions FL,https://customsurfacellc.com/?utm_source=gmb,ChIJW08hF1Pz3ogRuCrpc2_Flyk,Port St. Lucie,FL
Flake It Now LLC - Custom Epoxy Flooring,http://www.flakeitnow.com/,ChIJ30XuEe04RkQRjsnmTxG27cI,Port St. Lucie,FL
"JR Concrete Polish and Epoxy Floors, LLC",,ChIJ-wbcwzzv3ogRTA9eKljecIQ,Port St. Lucie,FL
Kent's Painting and Epoxy Inc.,https://www.kentspaintingandepoxy.com/,ChIJ31lx5cTn3ogRmKLeLQEs-sQ,Port St. Lucie,FL
Gotcha Covered Flooring,http://gotchacoveredflooring.com/,ChIJ12tvqbnr3ogR1EZWNKzjQK0,Port St. Lucie,FL
Premier Floor Restoration,http://premierfloorrestoration.liveblog365.com/,ChIJGbs8eJv13ogRKg31OgFrWnI,Port St. Lucie,FL
"Palm Beach Coatings, Inc",https://www.pbcepoxy.com/,ChIJpWoXoyE-bUARvuEKJkvmqq4,Port St. Lucie,FL
Port St Lucie Concrete Pros,https://www.stlucieconcretecontractors.com/port-st-lucie,ChIJ4Qbs4pUqC6URJGj92bzUjEA,Port St. Lucie,FL
"Venice Commercial Services, Inc",https://vcservicesfl.com/,ChIJrRk4hY7r3ogRHgs3YYVlpRQ,Port St. Lucie,FL
"Decorative Concrete Specialist of South Florida, LLC",https://decorativeconcretesfl.com/,ChIJq8kiaNzt3ogRyB3S7SojHVE,Port St. Lucie,FL
Designer Driveways,https://yourdesignerdriveway.com/,ChIJQwi-0afo3ogRH7hd3SQxmPg,Port St. Lucie,FL
Sundek by Treasure Coast Surfaces,http://www.sundektc.com/,ChIJZ9PK0szo3ogRmkmugZc2gGo,Port St. Lucie,FL
Esquivel Brothers Concrete Inc,http://www.esquivelbrothersconcreteinc.com/,ChIJN9CrSsvx3ogRCQUGhAVt9iI,Port St. Lucie,FL
"K.G. Concrete & Development, LLC.",https://kgconcretellc.com/,ChIJzybzuInp3ogRy2ZvZZ3t6gU,Port St. Lucie,FL
Crown Surface systems,https://www.crownsurfacesystems.com/,ChIJpTGWpODd3ogR32wYK21-Ktg,Port St. Lucie,FL
Designer Concrete of the Palm Beaches,http://designerconcretepalmbeach.com/,ChIJ5RRVKIQv2YgRfzWvEH6_sEc,Port St. Lucie,FL
JTC Concrete Plus LLC,http://jtcconcreteplus.com/,ChIJazAmGX-X3ogRXHJwIeOpn4o,Port St. Lucie,FL
Epoxy Veterans,https://epoxyveterans.com/,ChIJyweixDop2YgRbWG-Smi-Kqo,West Palm Beach,FL
Magic Mike Epoxy,http://www.magicmikeepoxy.com/,ChIJ1S-qB1bX2IgRVHpZs19fwg0,West Palm Beach,FL
Palm Beach Epoxy Pros,https://palmbeachepoxypros.com/,ChIJ1yIVyWTV3ogRC-KZvFZ2YMM,West Palm Beach,FL
Florida Elite Epoxy,http://floridaeliteepoxy.com/,ChIJSzv1fCHV3ogRZ6mWg7Jap7U,West Palm Beach,FL
West Palm Beach Epoxy flooring,,ChIJbzR5mwTX2IgRbKjPC76Rwpg,West Palm Beach,FL
Concrete Boys Epoxy,https://www.concreteboysepoxy.com/,ChIJEYdhW70lDgARI0V5y2qkxWw,West Palm Beach,FL
NiSe - Concrete Coatings,https://www.nisecoatings.com/,ChIJw74Adi9UVWERr4ZHO15eZcU,West Palm Beach,FL
Floor Poxy,https://www.floor-poxy.com/,ChIJIbBt6jIR3K0RwfGOa1OH7qs,West Palm Beach,FL
Applied Flooring Technologies,http://appliedflooringtechnologies.com/,ChIJU2uBWEHV2IgRj8GZzTUvrFA,West Palm Beach,FL
"Select Coatings, Inc.",http://www.selectcoatings.com/,ChIJyQDvp4Pf2IgRLPyJT2qYbZM,West Palm Beach,FL
"Palm Beach Resurfacing, Inc",http://www.pbresurfacing.com/,ChIJ1SIfK5sq34gRJtyq36Y8_6Y,West Palm Beach,FL
PD Concrete Specialist,https://pd-concrete.com/,ChIJnWYxG3Mp2YgRKRXAIuKNOWI,West Palm Beach,FL
Palm Beach Stamped Concrete,https://www.westpalmconcrete.com/,ChIJU2LrtlvX2IgRq2X5hXcmeIg,West Palm Beach,FL
Wellington Concrete Services Coating,,ChIJGYgROvol2YgRJVlAkp1KVfY,West Palm Beach,FL
"Complete Concrete, LLC",https://completeconcretefla.com/,ChIJD-9Q3DYt2YgRgMD2u-qk1ao,West Palm Beach,FL
Concrete Designs FL,https://concretedesignsfl.com/,ChIJ-_Guonwx2YgRqdf7aC-dSHA,West Palm Beach,FL
"Cantillo CustomWorks, LLC",,ChIJk7SitHDX2IgRH1_ZXd2AXRo,West Palm Beach,FL
585 Epoxy Solutions LLC,https://www.585epoxy.com/,ChIJIeaoNsUvS4IRmsbh5MvwQ_Q,Rochester,NY
Swan Tile & Epoxy Inc.,http://swantileofrochester.com/,ChIJe44yCKe21okR2bVKfNqCE5M,Rochester,NY
Surface Design Solutions,https://surfacedesignsolution.com/?utm_source=google&utm_medium=organic&utm_campaign=gmb,ChIJ9YUt7-xL0YkRAXWqogYsGmA,Rochester,NY
Profeta Garage Floors,https://profetagaragefloors.com/,ChIJHSzUlRXJ1okRVp3n0hZUG0w,Rochester,NY
Monroe Floor Resurfacing,https://monroefloorresurfacing.com/,ChIJf_Xv_Zyv1okRQqDq24f9yI8,Rochester,NY
New York Flooring and Interior,https://nyflooringandinterior.com/,ChIJvwfAaIhL0YkRKgzb5jLljAc,Rochester,NY
"Martens Specialty Flooring, Inc.",http://www.martenscorp.com/,ChIJTaGsW4K01okRhZyOVQaxWCQ,Rochester,NY
Profeta Painting,https://profetapainting.com/,ChIJX9Ey42TJ1okRHUy4BJgM-FM,Rochester,NY
Resinous Flooring Supply Northeast,http://www.rfsepoxyfloorsny.com/,ChIJL7U8Oka01okRD3379H_ZLe8,Rochester,NY
"ResinForce Products, LLC",http://www.resinforce.com/,ChIJP2lu1EOz1okRdhMGxQEV_0g,Rochester,NY
Premier Hardwood Flooring,https://www.premierhardwoodswebster.com/,ChIJLx7lTqrJ1okRzcpdzJmd05c,Rochester,NY
Aldric Concrete Contractors,https://www.aldricconcreterochester.com/,ChIJZWeTY5RMZ6sRpwc-_Q5SiSQ,Rochester,NY
NG Masonry & Construction,https://ngmasonryandconstruction.com/,ChIJV6gM8HTN1okRXBnPwGp-hDE,Rochester,NY
R&R Painting & concrete coatings,https://rrpaintandstain.com/,ChIJ_0TCcha31okRFZW3mzyOeQw,Rochester,NY
Topcoat concrete coatings,http://topcoatconcreteny.square.site/,ChIJYV8GLJb1YCwR_ydzUScOCDs,Rochester,NY
Rhino Concrete,http://www.rhino-concrete.com/,ChIJD1dP94Az0YkRjFoUD6aKs8I,Rochester,NY
Permanent Impressions Concrete,http://www.permanentimpressionsconcrete.com/,ChIJJVvomHew1okRDk5obRYoy28,Rochester,NY
CONCRETE DOC+,http://www.rochesterconcretedoc.com/,ChIJ84yZ16fX1okRhsqhxz4eVNw,Rochester,NY
Nicholas Concrete,https://nicholasconcrete.construction/,ChIJB3q8yVm11okRVAu_HX8vY0o,Rochester,NY
Concrete Contractor Rochester NY,http://concretecontractorrochester.com/,ChIJmzuJ91y11okRc7m8pBDVJl4,Rochester,NY
Decorative Concrete Systems,https://www.decorativeconcretesystems.biz/,ChIJ0TKnDt-21okRZokIzWvaZTU,Rochester,NY
Gruttadaurio Masonry,https://www.gruttadauriomasonry.com/,ChIJTd_iMw7W1okRoSqPvBFeQ_o,Rochester,NY
Upstate Increte,http://www.upstateincrete.com/,ChIJL4KGgJuz1okRvpvfRd7xe2k,Rochester,NY
Upstate Coating & Finishes,https://www.upstatecoatingandfinishes.com/,ChIJhdMi4K671okRdOd1PdpCb7Y,Rochester,NY
Concrete Solutions,http://www.rochesterconcrete.com/,ChIJ2YhvAzix1okRO19A1T0CcxY,Rochester,NY
Palermo Concrete Inc,http://www.palermoconcreteinc.com/,ChIJew70l-ey1okRAdwiKKzOURQ,Rochester,NY
Rochester Decorative Concrete,https://www.rochesterdecorativeconcrete.com/,ChIJddZPOzy31okRrMND_lIyoxc,Rochester,NY
Western Concrete,http://www.western-concrete.com/,ChIJt6GQiJuz1okR8XNlj92V3sM,Rochester,NY
Epoxy Garage Solutions,https://www.epoxygaragesolutions.com/,ChIJhx8zNq1vRYYRzWuSMESMVXk,Killeen,TX
Deluxe Epoxy Flooring & More,http://www.deluxeepoxyflooring.com/,ChIJSfPr5o454KAR_BMYsXeQLGg,Killeen,TX
Technique Flooring,https://www.techniqueflooring.com/,ChIJzyI5IaZLRYYRn5YewV-DurI,Killeen,TX
"Floors, Renovations and More, Inc.",https://floorsrenovations.com/,ChIJjVBdBeZLRYYR7FSjnTOq41E,Killeen,TX
FloorCo. Premium Flooring & More,https://floorcopremium.com/,ChIJp0nolV5LRYYRaTdXD_d5y-8,Killeen,TX
Avery Flooring Co.,http://www.averyflooring.com/,ChIJZSTsympLRYYRYN85A-T5pe4,Killeen,TX
CMD Concrete Contractors,https://www.masonrykilleentx.com/,ChIJL1xeqPKSRCQRlezHE-1EaVA,Killeen,TX
JMV Wood & Tile Service,http://www.flooringkilleen.com/,ChIJd6zG29RHRYYRhDz7an6OVIc,Killeen,TX
House of Floors,http://house-of-floors.com/,ChIJPzEqAzdKRYYRngfNM0X-Yx0,Killeen,TX
DTP Construction LLC,https://www.dtp-constructionllc.com/,ChIJwQ1pPsxHRYYRJtfkD6PLxNs,Killeen,TX
Texas Floor Coating Supply,https://www.texasfloorcoatingsupply.com/,ChIJ5XOoGa3bRIYR5dmNVSo87z8,Killeen,TX
Lucky's Concrete Killeen,https://luckysconcretekilleen.com/?utm_source=google&utm_medium=local&utm_campaign=gbp,ChIJc0RNUo1LRYYREN6kabKIFEY,Killeen,TX
Merlan's Flooring LLC,https://www.merlansflooring.com/,ChIJCSVKeQCxWoYRLPVPgdPlGF0,Killeen,TX
Advance RCS & Flooring,https://advance-rcs.com/,ChIJBR5Fy_5LRYYRaJ7KvmV1soM,Killeen,TX
The Epoxy Company (Co.),https://theepoxycompany.ca/,ChIJBQ6h_843Nk0Ruweo_65Mg1s,Killeen,TX
Decorative Custom Coatings,,ChIJ_eJuepdLRYYRd6u-NfAZlEI,Killeen,TX
Chisholm Trail Flooring,https://chisholmtrailflooring.com/,ChIJjWpwVeVLRYYRg7zkdNw-b9w,Killeen,TX
Perry's Floors - Killeen,,ChIJ7U0PDo21WoYRY5SXB2hm8pg,Killeen,TX
Stampede Coatings,http://www.stampedecoatings.com/,ChIJZbd5dMNrRYYRAMXlGsru5lU,Killeen,TX
Dream Garage Specialists,http://www.yourgaragepros.com/,ChIJL_qvwQTWWoYRNDIRKFTqoaE,Killeen,TX
Creative Concrete Coating,,ChIJe0ZMGJxJRYYRfQF7fw3oRL8,Killeen,TX
GCP Concrete Polishing & Restoration LLC,http://www.gableconcretepolishing.com/,ChIJWVVYECDXWoYRZKBRfwxGQZw,Killeen,TX
Art Tx Concrete LLC,https://arttxconcretellc.net/,ChIJndImzdGlRIYRTvSlBP9mPkE,Killeen,TX
Cantu Concrete Construction LLC,http://cantuconcreteconstruction.com/,ChIJa94MfDqqwIsRn6hmsvAQ5-0,Fayetteville,NC
Fayetteville Complete Concrete Contracting,,ChIJ01xf3FZtq4kRM_HBmM56Rdk,Fayetteville,NC
BK Concrete Experts of Fayetteville,https://ncconcretecontractor.com/fayetteville-nc/,ChIJ_XM9y9ME2YgRscWjKWT1Yfw,Fayetteville,NC
Concrete Service Company Plant 1,http://www.concreteservice.com/,ChIJHy-nQiFtq4kRSqIAQKkFRhc,Fayetteville,NC
"JT Concrete, LLC",,ChIJfR260f9zq4kRrrz5X7XhZfw,Fayetteville,NC
RG Concrete & Construction,,ChIJWU_YZHIMq4kRK_Pj5JNgbiQ,Fayetteville,NC
Carolina Concrete Finishing,http://carolinaconcretefinishing.com/,ChIJp4bketg4q4kR7mQQ8GABTVQ,Fayetteville,NC
Garner Concrete,https://www.garnerconcretenc.com/,ChIJ58kE8Q9Yq4kR-a1DHkDFuCk,Fayetteville,NC
Paintworks Unlimited Contracting Co LLC,http://www.paintworksunlimitednc.com/,ChIJUx7L55xyq4kRuLdk9AgIU7A,Fayetteville,NC
Fay Block Materials,http://www.fayblock.com/,ChIJHy-nQiFtq4kRmRY9qUNHxQA,Fayetteville,NC
Brewington’s Flooring,https://www.brewingtonsflooring.com/,ChIJIV2-M-ttq4kR25Bce9pgsN4,Fayetteville,NC
DMR Construction Services LLC,https://dmrservicesllcfayettevillenc.com/,ChIJO3wJS3Vzq4kRF89ye6SBZ-8,Fayetteville,NC
Quality Concrete Co,https://www.qualityconcretenc.net/,ChIJ706c8PISq4kR6FXoFQXeO-4,Fayetteville,NC
Prodigy Boy Management LLC,https://www.prodigyfloorsandmore.com/,ChIJ51KY1ywrjIgRq-QyoJ_qQXs,Montgomery,AL
Precision Floor Care,http://callpfc.com/,ChIJ1zwdPKIojIgRLVbV9SjuBZU,Montgomery,AL
Georgia Floors Direct,https://www.gafloorsdirect.com/,ChIJUaFx91IqjIgRUbPTE3B9aJ8,Montgomery,AL
"PennyEarned, LLC",http://pennyearned.co/,ChIJCY5_-mV4jogRg7Dr6kMRIEE,Montgomery,AL
ConCreations,https://concreations.com/,ChIJS8onXC0rjIgRx5cWXgpC_vw,Montgomery,AL
"A+ Concrete Designs, LLC",http://aplusconcretecoatings.com/,ChIJz-ID7SpvmogRz2NyNj5EwNc,Montgomery,AL
Montgomery Concrete LLC,https://montgomeryconcrete.llc/,ChIJS19QY1QrjIgRiaZccZh5kvQ,Montgomery,AL
Superior Concrete Dothan,https://superiorconcretedothan.com/,ChIJQRDHroVvkogRtKDtDzUM-a0,Montgomery,AL
Diamond Concrete & Slabs,,ChIJKanZiAuCjogRhEM4h0SYrjY,Montgomery,AL
"A-1 Concrete, LLC",https://www.a1concretellc.com/,ChIJTYSd38GDjogRH5DnpzmUePE,Montgomery,AL
Alabama Concrete Industries,https://alconcrete.org/,ChIJt95Zo3ssjIgR6Qu7mEdgzkA,Montgomery,AL
Custom Concrete Walls Inc,http://pouredconcretewalls.com/,ChIJY1zD61FmjIgRrnI84aspV0g,Montgomery,AL
Olshan Foundation Solutions of Montgomery AL,https://www.olshanfoundation.com/regions/alabama/montgomery/,ChIJ3XN_-VuBjogRIUj4nUgFsTA,Montgomery,AL
A & C Construction Company,http://www.aandcconstruction.com/,ChIJ23LDtGkujIgRC7kihTnt1bU,Montgomery,AL
Concrete jllc,,ChIJiYdXcIErjIgRrFjusLhCS94,Montgomery,AL
Alexander Sealcoating & Striping Inc,https://www.alexandersealcoating.com/,ChIJNfbX71wojIgRLTnouwhaRPg,Montgomery,AL
Shelby Concrete,http://shelbyconcrete.com/contact-us/,ChIJxWRaPiiBjogRAHkWKEOl9t0,Montgomery,AL
"Precision Concrete Cutting, LLC",http://www.safesidewalks.com/,ChIJM1ydaYgrjIgRx2sHX1-a6Q0,Montgomery,AL
Premier Coatings Company,https://www.premiercoatingscompany.com/location,ChIJAQAwO3aGjogRtt1QdMJjYa4,Montgomery,AL
Cotton State Concrete Solutions,http://www.montgomery-concrete.com/,ChIJtVa8KC0rjIgRg733N89GwS0,Montgomery,AL
Painting Industrial & Prime Finish Painting / Epoxy,https://www.paintingindustrial.us/,ChIJm1TbdRPRFogRRLWfQ88OQf8,South Bend,IN
The Floor Store of South Bend Inc,https://thefloorstoreofsouthbendinc.com/,ChIJ722hypoxEYgRZc2qqYe9C6Q,South Bend,IN
Affordable Hardwood Floor Refinishing,http://affordablehardwoodfloorrefinishing.com/,ChIJZbcbqiMzEYgRtmfIqGXYVt4,South Bend,IN
Michiana Epoxy,http://www.michianaepoxy.com/,ChIJI98fGTLDFogRx8G826E7e1s,South Bend,IN
ProSource of South Bend,https://www.prosourcewholesale.com/showrooms/in-prosource-of-south-bend?utm_source=GBP&utm_medium=Organic,ChIJb5zIbgzOFogRO0SSBaqVV24,South Bend,IN
"Ideal Coatings, LLC",https://idealcoatings.com/,ChIJL7FM1yD6FogR4OJJ1VLSYo8,South Bend,IN
Infinium Floors,https://infiniumfloors.com/,ChIJXyETf3gtEYgRoWIZYXz94PY,South Bend,IN
"Fresh Trax, LLC Concrete Coatings",https://www.freshtrax.biz/,ChIJU8Gz-erbFogR0tgxt7Zumc4,South Bend,IN
Hardwood Flooring Products,,ChIJzy7JcizTFogRZyO4BfrDQSk,South Bend,IN
Fortress Concrete Coatings,https://fortressfloors.net/,ChIJN3JO3NuiakkRA_R-yxCSLXU,South Bend,IN
Creative Coatings and Liners,http://www.creativecoatingsandliners.com/,ChIJF6aoXCPUEIgRatno-3_XyfA,South Bend,IN
Surface Enhancement Company LLC,http://www.surfaceenhancementcompany.com/,ChIJn8kJdPH95IcRNlVW2djyWOo,Cedar Rapids,IA
Iowa decorative concrete,https://iowadecorativeconcrete.com/,ChIJncdfAIND44cRIw5yEg52eUs,Cedar Rapids,IA
RIC Flooring I Hardwood Flooring Contractor I Garage Epoxy Contractor,http://www.ricflooring.com/,ChIJY0DeCZLx5IcR9a934m-4aII,Cedar Rapids,IA
Modern Vinyl Solutions,https://modernvinylsolutions.com/,ChIJ-RbUp_4lSEIRKk-Q_GchreE,Cedar Rapids,IA
D4 Epoxy Floors LLC,https://d4epoxyfloors.com/,ChIJ359fo4Cl44cR_915RqKeKGY,Cedar Rapids,IA
CGI Epoxy Floors,https://www.cgiepoxyflooring.com/,ChIJdewslhNq5IcR8YQ9yWc2-Wo,Cedar Rapids,IA
CGI Epoxy Floors,https://www.cgiepoxyfloors.com/,ChIJ8a19SkVF5IcRkcV8gdN2D80,Cedar Rapids,IA
Fourth Gen Flooring,https://fourthgenflooring.com/,ChIJlwL4G53x5IcRVHZgN29BwrI,Cedar Rapids,IA
Whitetail Concrete Finishing Solutions,https://www.whitetailcfs.com/,ChIJJxCKPQfx5IcR59BsEup8vKE,Cedar Rapids,IA
Coohey Construction LLC,,ChIJdewslhNq5IcRnSa_qs8Gj_w,Cedar Rapids,IA
Decorative Concrete Surfaces,https://dcsiowa.com/?utm_source=GBP&utm_medium=organic&utm_campaign=Solon,ChIJo1ppzy1d5IcRRdObpz-CSUs,Cedar Rapids,IA
Legend Concrete Coatings Solutions,https://legendconcretecoatings.com/,ChIJGbV8x7Tr5IcRKLkeNmcNdIc,Cedar Rapids,IA
SCC of Iowa,https://sccofiowa.com/,ChIJo5N-ADf95IcR-RkF2Cp1Gfw,Cedar Rapids,IA
Cutter Construction,http://cutterconstructionllc.com/,ChIJf3KzhKL55IcR_K3LKNRp4Lg,Cedar Rapids,IA
Claussen Painting & Blasting,https://claussenpaintingandblasting.com/,ChIJsWmPnatf44cR87f8jvdyx_o,Cedar Rapids,IA
Earthworks Concrete,http://www.earthworksconcrete.com/,ChIJ8baueXXw5IcRSCzfQYAsFkI,Cedar Rapids,IA
Kelly Concrete Company,http://www.kellyconcrete.net/,ChIJ80xH0fjy5IcRDvqyry4Kgcw,Cedar Rapids,IA
Domer Concrete Solutions,https://www.domerenterprises.com/,ChIJ7cKMFZHz5IcRlA6U2NuXeoY,Cedar Rapids,IA
Technical Specialty Systems,http://structuresavers.com/,ChIJE1XRdwn65IcRcD4nXWyUaaQ,Cedar Rapids,IA
Royal Coating Solutions,https://royalcoatingsolutionsia.com/,ChIJReB_afL55IcRLSMd0c9S03Y,Cedar Rapids,IA
MJ Concrete and Contracting,http://mjconcreteandmore.squarespace.com/,ChIJiQUbYur55IcRyVWT8pl7i2s,Cedar Rapids,IA
PROCOAT FLOORING SOLUTIONS,http://procoatflooringsolutions.com/,ChIJSdkre7J3O0YRp3C2T-8-S5A,Augusta-Richmond County,GA
The Surface Pros Inc.,http://www.yoursurfacepros.com/,ChIJV34yIfAq-IgR5X56If6f6Y8,Augusta-Richmond County,GA
Elite Concrete Coatings,https://elitepolyfloors.com/,ChIJJQsSYOV_94gRZbdadDgCOUw,Augusta-Richmond County,GA
Titan Concrete Coatings,http://titanconcretecoatings.com/,ChIJc0RUj4jV-YgRBaFzfAxT18E,Augusta-Richmond County,GA
Above Average Concrete,http://www.aboveaverageconcrete.com/,ChIJSRKOPIzT-YgR_y4hSXKVApY,Augusta-Richmond County,GA
GS CONCRETE PROS LLC,https://gsconcretepros.com/,ChIJXQ54voHP-YgRaKaZxnVT4KM,Augusta-Richmond County,GA
American Concrete Inc,http://americanconcrete.org/,ChIJ7R1rd0HM-YgR_uNau4HKr1A,Augusta-Richmond County,GA
Superior Concrete Augusta,https://superiorconcreteaugusta.com/,ChIJc5x726nT-YgRQrRyej2CRTM,Augusta-Richmond County,GA
Veterans Concrete Coatings,,ChIJ___7YE7S-YgR4qRc0QF0sxA,Augusta-Richmond County,GA
Cantey Foundation Specialists,https://www.canteycanfixit.com/?utm_source=google&utm_medium=organic&utm_campaign=CFS-Google%20Business%20Profile-Augusta%20GA&utm_content=Website%20Button,ChIJ0arawnLM-YgRG5RamrSKtcw,Augusta-Richmond County,GA
Augusta Concrete Cutting,http://www.augustaconcretecreations.com/,ChIJCY2BY6Us-IgRZgFuhwrSGP8,Augusta-Richmond County,GA
Delta Concrete Contractors,,ChIJJxOaIF3N-YgRojXwgX95TAM,Augusta-Richmond County,GA
B&B Decorative Concrete and Curbing,https://www.bbdecor1.com/,ChIJFTBYem5x94gR9Wbtjhb5c_s,Augusta-Richmond County,GA
Georgia Carolina Concrete,,ChIJkbuw5JzO-YgRPYdc_Tk-fDo,Augusta-Richmond County,GA
Augusta Concrete Solutions,https://augustaconcretesolutions.com/,ChIJm6dxnwPN-YgRWA-BEvN0oOQ,Augusta-Richmond County,GA
"Peach State Paving, Striping & Sealcoating - Augusta",https://peachstatepaving.com/asphalt-paving-augusta/,ChIJi-fsZQDT-YgRH6bcNxZno4s,Augusta-Richmond County,GA
Precise Sealcoating & Line Striping Llc,http://www.precisesealcoating.com/,ChIJL5AFuhjM-YgRaSnWR5Tbk1Q,Augusta-Richmond County,GA
Burgess Built Construction LLC,,ChIJj9-HqBTP-YgR_gKW9HGigNI,Augusta-Richmond County,GA
South coast concrete coatings,,ChIJOaVOXtUF-4gR7T4mReofE1U,Augusta-Richmond County,GA
Augusta Concrete & Masonry Llc,,ChIJ_____y_S-YgR5JoRMYVBLRc,Augusta-Richmond County,GA
Next Phase Surfaces,,ChIJpSLhQgZ5mFQRMO3K5qua03Y,Kennewick,WA
Kraft Floors & Interiors,https://www.kraftfloors.com/,ChIJ0XfoDC55mFQRmwb0eCmIwSs,Kennewick,WA
Murley's Floor Covering & Abbey Design Center,https://www.murleysfloorcovering.com/,ChIJKSBCHL55mFQRE1Ww4AFN2-U,Kennewick,WA
A Place Flooring,,ChIJ93P2EAV5mFQR_kIY181J3kA,Kennewick,WA
Windsor Plywood,http://www.windsorplywoodkennewick.com/,ChIJw2nYFut5mFQRtEKqXKSXsA0,Kennewick,WA
Standard Paint & Flooring LLC,https://www.standardpaintandflooring.com/,ChIJ8T79fMB6mFQRjj2ylK8U4Bw,Kennewick,WA
Mount Zion Construction,https://www.mountzionconstruction.com/,ChIJlxJMLVp4mFQRMOXpVWTu0EI,Kennewick,WA
Great Floors,http://www.greatfloors.com/,ChIJ8QOVKI15mFQRUF1vl2JW6w4,Kennewick,WA
Leggari Products,https://leggari.com/,ChIJl7YWuvV4mFQRrxYECZVlu4Q,Kennewick,WA
LEGACYCONCRETE22,https://legacyconcrete22.com/,ChIJSQRdHch5mFQRJnGTIckIxEM,Kennewick,WA
H&N Concrete and General Construction LLC,http://hnconcrete.com/,ChIJj90DOnhyf0cRjolJb-sTHNw,Kennewick,WA
CONCRETE POLISHING,http://calconcrete.biz/,ChIJz43J9Tx3mFQRyy0FUtyZ0S4,Kennewick,WA
JGR Concrete Solutions,https://jgrconcretesolutions.com/,ChIJJ5BD8eh5mFQRuI5VpySU0Ow,Kennewick,WA
Ray Poland & Sons Construction,https://www.raypolandandsons.com/,ChIJZSYMTyh5mFQRlgJA7GKUf3Y,Kennewick,WA
Total Concrete Services LLC,https://totalconcreteservicesllc.com/,ChIJ_____w95mFQR8gv8TddOLgk,Kennewick,WA
Armor Performance Coating,https://www.armorperformancecoating.com/,ChIJRT2sKThlmFQRTXP85DdYjcE,Kennewick,WA
Concrete Special Ties,http://www.cstsupplies.com/,ChIJW5tNiOp5mFQR3JQBjmdMoVA,Kennewick,WA
XPS Xpress - Amarillo,https://xpsxpressama.com/,ChIJNRNuij9PAYcRDBRLLRoHyV4,Amarillo,TX
Panhandle Ultimate garage Systems,http://www.pugsystems.com/,ChIJpQeWH7daAYcRHOzf5I4IHdg,Amarillo,TX
Texas Floor Authority,https://texasfloorauthority.com/,ChIJCdkW8a9RAYcRpHONpVbA7hA,Amarillo,TX
MORROE EPOXY FLOORING LLC,https://amarilloepoxyflooring.com/,ChIJHZI_RnVPAYcRlC-7xb98Q9M,Amarillo,TX
RPO Resurfacing and Epoxy Flooring,https://rporesurfacing.com/contact-us,ChIJq6r-JLwfqocRsPEHTllVjis,Amarillo,TX
Budget Floors,http://budgetfloorsinctx.com/,ChIJO2lO5TJQAYcR4HXSx_lcye0,Amarillo,TX
Simon & Son'Z Concrete Construction,https://simonnsonz.com/,ChIJj2A-nOOSICMRGL-hUuG2yb0,Amarillo,TX
Lucky's Concrete Amarillo,http://luckysconcreteamarillo.com/?utm_source=google&utm_medium=local&utm_campaign=gbp,ChIJ1V92pgpPAYcRc61pq_viAK8,Amarillo,TX
Apache Concrete Construction LTD,https://apacheconcreteltd.com/,ChIJAXhpb_5EAYcRPfb-Q3V5v2s,Amarillo,TX
Chavez Concrete Company Inc,http://www.chavezconcreteamarillo.com/,ChIJrUA2vwFMAYcRgOKZX-BZLl0,Amarillo,TX
Legacy Supportworks,https://www.legacysupportworks.com/?utm_source=google&utm_medium=organic&utm_campaign=gmb-website,ChIJCfotaaJaAYcR3aezwDgfBWU,Amarillo,TX
CIR Coatings,http://www.circoatings.com/,ChIJnQs_eyU7ZioR4uaT-18mq6o,Amarillo,TX
Shepherd Concrete,http://www.shepherdconcrete.net/,ChIJvUwRoaJLAYcReLbK65l_zcs,Amarillo,TX
J & C Concrete,http://www.jandcconcrete.com/,ChIJaaewoZpEAYcRjwh0y_o2AcY,Amarillo,TX
Gonzalez Concrete,,ChIJByMZXDEAQawRyfVBVOCwqoU,Amarillo,TX
Childers Brothers Inc,https://childersleveling.com/,ChIJEYMoyH9DAYcR96Hgox3BHZU,Amarillo,TX
Cornerstone Hard Surface Restoration,http://www.cornerstonehsr.com/,ChIJs2bimCBNmogR6tx55v1m6Xs,Mobile,AL
StoneArt Creations,https://stoneartcreationsal.com/,ChIJR5-rUPFYuIkRd3Jdu5nMin4,Mobile,AL
"Gulf Coast Paint Mfg., Inc.",http://www.gulfcoastpaint.com/,ChIJx4XB1j1vmogRLjb_1D2sTdY,Mobile,AL
Wade Distributors Inc.,https://www.wadedistributorsinc.com/contact-us/our-locations/flooring-store-in-mobile-al/,ChIJuWfvoGVSmogRbU1cJYTpcjI,Mobile,AL
Sanders Hyland Corporation,http://www.sandershyland.com/,ChIJGf6o0lhMmogR7IhdghNjxXQ,Mobile,AL
O & V Epoxy Floors & Walls,,ChIJZwWpioBOmogRWTEsCL4uhio,Mobile,AL
Port City Concrete,http://mobileconcretesolution.com/,ChIJ97mUH6tPmogRNV6dg91ubjg,Mobile,AL
Superior Coatings,https://superior-coatings.com/,ChIJqU4aUqgoCAsRFW4hG4AJtaU,Mobile,AL
"ADS, LLC Concrete Placement Company",,ChIJh9AeXsNNmogRzKi3SXitAP0,Mobile,AL
Southern Concrete,https://www.concretecompaniesmobileal.com/,ChIJS8LW4ZpNmogRt6rAX1Fl7MU,Mobile,AL
Superior Concrete Mobile,https://superiorconcretemobile.com/,ChIJCVmTzP9NmogR1npCt_lqTG8,Mobile,AL
Damrich Coatings Inc,,ChIJOensBs5PmogRA9GckLlgoJU,Mobile,AL
Matt Finklea Concrete,https://www.mattfinkleaconcrete.com/,ChIJTxnHezOtm4gR1zWOu3A813w,Mobile,AL
Commercial Roof Coatings,https://commercialroofcoatingsinc.com/,ChIJd2UhvARNmogRLqNiQx463S0,Mobile,AL
Coastal Ready Mix LLC - Zeigler Plant,http://www.coastalreadymix.net/,ChIJBSI-JPmtm4gRiWnnrtdxnqk,Mobile,AL
Pitts Construction,http://pittsconstruction.net/,ChIJEZqjD01NmogREinSxR5M5us,Mobile,AL
"Crescent Construction & Development, Inc.",http://www.crescentcd.com/,ChIJj67-DqdNmogRojGxhYZaGWI,Mobile,AL
Mac Concrete & Rebar Placement,,ChIJm9R4qDxNmogROoYe8urcHCo,Mobile,AL
Concrete Floor Solutions,https://concretefloorsolutions.com/,ChIJaV82QyG52YgRg4gbrNUbRpY,Allentown,PA
Lehigh Valley Epoxy Coatings,https://lehighvalleyepoxycoatings.com/,ChIJz5b6zeplqK0RVxdT075kzO8,Allentown,PA
Captain Epoxy of Lehigh Valley,https://www.captainepoxylv.com/,ChIJ0bzs2LYIdmkRUum3QAFASC4,Allentown,PA
Precision Garage Floor Coating Solutions,https://www.precision-floor.com/,ChIJR3Iy5jZpxIkR-Zv3SQstpdA,Allentown,PA
ABE Epoxy,,ChIJrZxe2eCotUYRra_FQlmo7i4,Allentown,PA
VM Power Flooring & Basement/ Kitchen/ Bathroom Remodeling,http://www.vmpowerflooring.com/,ChIJTYVjrarwk0gR7rd4sGegqPU,Allentown,PA
Durable-Coating Epoxy Floors,http://durable-coating.com/,ChIJFR_2Fa3PfWoRErNEWnVvyx4,Allentown,PA
Kozi Epoxy,https://www.koziepoxy.com/,ChIJrUmKEW45xIkRSDGoZ4Vx0VY,Allentown,PA
VM Power Kitchen & Bathroom Remodeling | Lehigh Valley,http://www.vmpowerconstruction.com/,ChIJYYQC7Qk5xIkRRgH-4v70c8o,Allentown,PA
Penn-Jersey Garage Solutions,https://epoxygaragedesign.com/,ChIJxc7Szer7w4kRVwGA7SsyEiI,Allentown,PA
Lehigh Valley Concrete.,http://www.lehighvalleyconcretecontractors.com/,ChIJCxEcBRI7xIkR6cASYbMlPA0,Allentown,PA
CL Balmer Altered Surfaces | Concrete Resurfacing | Epoxy Flooring,https://balmeralteredsurfaces.com/,ChIJcwFDgxUUxokRNEfBb_xn5l0,Allentown,PA
Creative Concrete & Masonry LLC,http://pacreativeconcretemasonry.com/,ChIJLX33_0QvxIkRnZAH-WH2w_8,Allentown,PA
Richards’ LLC,https://richardsllcpa.com/,ChIJVW3cUlgdzIkR4hv6EkNIz3I,Allentown,PA
Lehigh Valley Concrete,https://concretelehighvalley.com/,ChIJlx6Yr9c5xIkR52u8qO90Ri8,Allentown,PA
ASRE,https://www.asrellc.com/,ChIJsWRY9vE7xIkR5daJ208XjW8,Allentown,PA
Joswick Concrete Contractor,https://www.joswickconcrete.com/,ChIJI-lloJFDxIkRMW4hKg-oNQ0,Allentown,PA
Stofanak Concrete LLC,https://www.stofanakconcrete.com/?utm_source=google&utm_medium=wix_google_business_profile&utm_campaign=2720639942176690769,ChIJ-aGGsdBJxIkRUMPF0fIe72w,Allentown,PA
Lifetime Concrete LLC,http://www.lifetimeconcrete.com/,ChIJpTNvS2hExIkRkRRgRk59ej4,Allentown,PA
Bright Block Group,https://allentownconcretecontractors.top/,ChIJFdrrAAA5xIkRpnLX8yPkLuw,Allentown,PA
Valley Concrete Designs,http://www.vcd-inc.com/,ChIJnVmzLOM4xIkRe9PB1sQffLk,Allentown,PA
Gpgs concrete raising,http://www.gpgsleveling.com/,ChIJS-NBiXsxxIkRHDIxSBDUHTE,Allentown,PA
Protective Coating Co,https://www.pcepoxy.com/,ChIJn7Q002A5xIkRLa2sfb5Eh3A,Allentown,PA
"Lehigh Concrete, Inc.",https://lehighconcrete.com/,ChIJt6LxLZ81xIkRxpC4bZhJnBE,Allentown,PA
Lehigh Concrete Technologies,http://www.lehightech.com/,ChIJLUceKeowxIkRt8cXNdzERBI,Allentown,PA
Greenside Epoxy,https://www.greensideepoxy.com/,ChIJ___A7JAT6YARIYEklL2INKA,Santa Maria,CA
Taylor’d Floor Covering,,ChIJWa6oegBr7IARoc3AWe8hA4U,Santa Maria,CA
DeLuna Decorative Concrete,http://delunadecorativeconcreteca.com/,ChIJIdaV29QV7IARAxPFDUeRYBc,Santa Maria,CA
Abbey Carpet of Santa Maria,http://santamaria.abbeycarpet.com/,ChIJsVgOelhr7IARiDW2gZpyduc,Santa Maria,CA
Valley Flooring Carpet One,https://carpetonesantamaria.com/,ChIJO3XnHpxr7IARUm43EjpNYfM,Santa Maria,CA
San Marcos Epoxy Flooring,,ChIJOz9mCQB13IARPbKPxBUCQ8Y,Santa Maria,CA
Flooring 101 (G & S Carpet Co),https://flooring101.com/gandsflooring/,ChIJpQmgL3Rs7IARHFWPycott18,Santa Maria,CA
Grand Epoxy Floor,,ChIJi-ofSQB13IARaT_6hGHgy10,Santa Maria,CA
Floors of Wood,http://www.floorsofwood.net/,ChIJZcwDhBJd7IARBMgt2_O7vE0,Santa Maria,CA
EZ CONCRETE WORX,https://ezconcreteworx.com/,ChIJgf-s3bTEcycR-IgY_k3oRqU,Santa Maria,CA
Oak Knolls Hardware,http://oakknollshardware.com/,ChIJwdAQbpcT7IAROxgQH65qRn8,Santa Maria,CA
of Santa Maria,http://www.carpetoneofsantamaria.com/about-us,ChIJVVUVHpxr7IARkhw7cMoDOAk,Santa Maria,CA
The Home Depot,https://www.homedepot.com/l/Santa-Maria/CA/Santa-Maria/93455/6638?emt=MSGoogleMaps,ChIJEWm367Bs7IARxJyRnCrlrfw,Santa Maria,CA
Lowe's Home Improvement,https://www.lowes.com/store/CA-Santa-Maria/3352?cm_mmc=lod-_-c-_-lcl-_-awr-_-yxt-_-go-_-3352-_-na-_-0-_-0&y_source=1_ODY3MjQwOC03MTUtbG9jYXRpb24ud2Vic2l0ZQ%3D%3D,ChIJiwEPYrBs7IARm5ZY8Y21bjI,Santa Maria,CA
MGP Coatings,https://www.mgpcoatings.solutions/,ChIJ5Y3hV6sYQkkRdsjLN37SP6c,Santa Maria,CA
Central Coast Polishing & Restoration,https://centralcoastconcretepolishing.com/,ChIJS-dtSEvF7IARFqXPDdC9_Kw,Santa Maria,CA
Bob Moses Ceramic Coating Santa Maria,https://bobmosescc.com/locations/santa-maria-ca/,ChIJ_fmV1uAV7IARR6qNrnuKikg,Santa Maria,CA
Custom Concrete Colors,,ChIJw0kcOCht7IARCJ88tCrMLzA,Santa Maria,CA
Azteca Coatings Epoxy & Polished Concrete,https://www.aztecacoatings.com/,ChIJ5YvbVaO5XIgR-y9-1Tz3vVE,Santa Maria,CA
"Omega Concrete, Inc.",http://www.omegaconcreteag.com/,ChIJc4ublHJe7IARdrHjFAGTnhM,Santa Maria,CA
"R & E Concrete, Inc",http://www.centralcoastconcrete.com/,ChIJwdH5RecT7IAROUu444_6DE8,Santa Maria,CA
"King Concrete & Construction, Inc.",http://kingconcrete.pro/,ChIJtz_Zb6de7IAR4WKMlFx1Rg8,Santa Maria,CA
Santa Barbara Surfacing,http://www.santabarbarasurfacing.com/,ChIJlW7hC4Q_6YARjvWKE4QdwLo,Santa Maria,CA
Westside Epoxy,https://westsideepoxyfloors.com/,ChIJiwhzmf-SREsRh-MgOnb2dY8,Lakewood,WA
All Painting Coatings & More,http://www.all-painting.com/,ChIJJ91P8ht0kVQRHfAeFQMgIKM,Lakewood,WA
Evolution Concrete,https://evolutionconcretellc.com/,ChIJ6VN9t9JMkFQRzKdH15ui9aA,Lakewood,WA
Ultra Quality Construction LLC,http://www.uqconstructionllc.com/,ChIJ2d2mf-KumKgRm7bNVcbOc1I,Lakewood,WA
J & K Concrete Inc,,ChIJT-4y4FwHkVQR-tmX22E7cCw,Lakewood,WA
Czar Wood Floor Company,https://czarwoodfloors.com/,ChIJYRTeLv9jBYgR4NIqLEsyaR0,Kenosha,WI
MidNorth Epoxy Flooring,https://midnorthepoxyflooring.com/,ChIJ3VNGjwm3VE0Rv1U1nwEUdvw,Kenosha,WI
"Epoxy Solutions, Inc.",https://epoxysolutionsinc.com/,ChIJLYagjVi_A4gRbpRSiRAkz7c,Kenosha,WI
Alpha Ventures,http://www.alphaventuresgc.com/,ChIJOWXd8XF0TqgRxNdHcGF9Dng,Kenosha,WI
Black Diamond Concrete Coating,https://www.blackdiamondwi.com/,ChIJ97MW3ETmA4gRSw0YvZLz7Os,Kenosha,WI
Carpetland USA Flooring Center Kenosha,https://www.carpetlandusaflooringcenter.com/,ChIJ_wdbF-lgBYgRLhIAW_HiNs8,Kenosha,WI
Dickow-Cyzak Tile Carpet One,https://www.dickow-cyzakcarpetone.com/?utm_source=google&utm_medium=organic&utm_campaign=gbp-listing&utm_content=Kenosha-showroom,ChIJ32eDSldgBYgR2_9fH_axXpo,Kenosha,WI
Carpet City Flooring Center Kenosha,http://carpetcitywi.com/,ChIJhx9Ot9phBYgRk_CilNkBWII,Kenosha,WI
Lakeshore Finishing,,ChIJt5g8-axdBYgRAPUn0EqbZFk,Kenosha,WI
Menards,https://www.menards.com/store-details/store.html?store=3127&utm_source=localcard&utm_medium=organic,ChIJ0UeV9aphBYgR2Kar08lzx94,Kenosha,WI
Anderson Floor Covering,https://www.andersonfloorcovering.com/,ChIJX9YfVvuE96URmCQgE_Uyo9g,Kenosha,WI
JDR Painting,http://www.jdrpaintingllc.com/,ChIJFTzF28NgBYgRR9McpEdP7nQ,Kenosha,WI
Zars Concrete Construction LLC,http://www.zarsconcrete.com/,ChIJAQAAADCID4gRhMkyympjo9Q,Kenosha,WI
Remarkable Concrete,http://www.remarkableconcrete.com/,ChIJS8pHMs1fBYgR8hgyljiMZzc,Kenosha,WI
Sophisticated Concrete LLC,https://www.sophisticatedconcretekenosha.com/,ChIJfxFxpPlfBYgRr9ovOJ7IAMU,Kenosha,WI
"Badger Concrete,LLC",https://www.google.com/url?sa=t&source=web&rct=j&url=https://www.kenoshaconcrete.com/&ved=2ahUKEwjNuaf1-eKLAxU0l4kEHcQ9M98Q6156BAgvEAE&opi=89978449&usg=AOvVaw27kUQVj8FUkzIvxD1L4vX2,ChIJed6HD0BeBYgR37EoBr8tG8g,Kenosha,WI
Custom Concrete Designs,,ChIJM7CYCH5dBYgRoG7SaWp-obI,Kenosha,WI
All Star Waterproofing & concrete,http://www.allstarwaterproofingkenosha.com/,ChIJd8xpp1GGDm4RQDHG5s5ygck,Kenosha,WI
Extreme Decorative Concrete,http://edccbi.com/,ChIJV6r6mWOSD4gRgQZOTpeAtOA,Kenosha,WI
Frye Construction LLC,https://www.fryeconstructionllc.com/,ChIJCUiBQ6dfBYgRrOA4ZN02-lk,Kenosha,WI
Vranak Concrete Inc,https://www.vranakconcrete.com/,ChIJZzfDFhdeBYgRyWb2-cVptNk,Kenosha,WI
L & L Concrete,http://landlkenosha.com/,ChIJ7_favqVgBYgRNyWrhcw3Xso,Kenosha,WI
Zirbel Concrete LLC,http://zirbelconcrete.com/,ChIJ4TwrrcOBBYgRu90k1FzZ9cc,Kenosha,WI
Bone Dry Products,http://www.bonedryproducts.com/?=gmb,ChIJxw-LKWxhBYgRxpuEMJy7txs,Kenosha,WI
MJR Concrete & Excavation,https://www.mjrconcreteexcavation.com/,ChIJf-SgLeulFW4RfJHUXjdOSeQ,Kenosha,WI
Creative Concrete Inc.,https://www.1creativeconcrete.com/,ChIJj4ATsMWBBYgRHwGJR5aDs5A,Kenosha,WI
Custom Concrete Coatings,https://www.concretecoatingsrockford.com/,ChIJ5QxyR_u_CIgRwoMOu0MPQag,Rockford,IL
SBRI Epoxy,https://www.sbriepoxy.com/,ChIJHVIU_IS3CIgR7TaRovxxtc8,Rockford,IL
FM Floor Coatings,http://www.fmfloorcoatings.com/,ChIJdcrS-a2jCIgRM2uNdLLANpI,Rockford,IL
ME Coatings,http://www.mecoatings.com/,ChIJCygxn_knyCgR538UKefGyjM,Rockford,IL
S S concrete coatings llc,http://ssconcretecoatingsllc.com/,ChIJd8ZrAUdrCIgRRtvsMg8uglM,Rockford,IL
Epoxy & Sealing Systems,http://www.epoxyss.com/,ChIJxxeOpk4LD4gRoUTmRgItVlo,Rockford,IL
Southern Illinois Epoxy,https://southernillinoisepoxy.com/?utm_campaign=gmb,ChIJu1UG8sAPd4gRxaboWZB3NEY,Rockford,IL
CASTLE COATINGS,https://www.coatingscastle.com/,ChIJAWLo0y4jCYgR8n6CpWUDBtc,Rockford,IL
Midwest Floor Shield,https://mwfloorshield.com/,ChIJ5Y-xv9KlCIgRugFaLYOkCWo,Rockford,IL
Extreme Concrete Coating,http://extremeconcretecoating.com/,ChIJc46AN4G5CYgRvbQwpuLYM8o,Rockford,IL
Diedrich Concrete Inc,,ChIJ2ReGNNKLCIgR1rafeRKAYEs,Rockford,IL
TLD Construction LLC,https://www.tldconstructionco.com/,ChIJgbCEAVO_CIgRAMQ0gJSnfJU,Rockford,IL
Southern Epoxy Flooring,http://www.southernepoxyflooring.com/,ChIJj-2vndUUFawR19bTfSsqvqM,Tallahassee,FL
James Shealey Flooring and Garage Concrete Coatings.,http://www.jamesshealeyflooring.com/,ChIJ35CNfXVd7IgRdg1fnijYlOI,Tallahassee,FL
Tharpe Coatings,https://www.tharpecoatings.com/,ChIJSR78krH17IgRO8qzEkr6Ra4,Tallahassee,FL
"COASTAL COATING SERVICES, LLC",https://www.coastalcoatingservices.com/,ChIJyaVRkVqDk4gRfaCI_satUAQ,Tallahassee,FL
Coastal Decorative Concrete Inc,http://www.coastaldecorativeconcrete.com/,ChIJAQAAAIxf7IgR3Mlj6wSrBm0,Tallahassee,FL
Vital Coat Premium Sealers and Coatings,http://www.vitalcoat.com/,ChIJVay5wwRc7IgRI6aOZlHux-M,Tallahassee,FL
Floor Warriors,https://floorwarriors.com/,ChIJPenL1rGx7YgRwC0mrm6cy24,Tallahassee,FL
Concept Coatings Florida,https://conceptcoatingsfl.com/,ChIJH7l3oXYhk4gRU1MazLxvJr8,Tallahassee,FL
Lucky's Concrete Tallahassee Inc,https://luckysconcretetallahassee.com/?utm_source=google&utm_medium=local&utm_campaign=gbp,ChIJs1bgO3Fd7IgRmWttMQT7Ugo,Tallahassee,FL
Alpha Foundations,https://www.alphafoundations.com/about/meet-the-team/tallahassee-branch/?utm_source=google&utm_medium=organic&utm_campaign=gmb_alf-tlh,ChIJdT2bt0Dx7IgRWGVL3kagqH0,Tallahassee,FL
Designer Epoxy Concrete coatings of North Florida LLC,https://designerepoxyconcretecoatings.com/,ChIJ38mWYTvf7ogR-fI-Hoe5lSQ,Tallahassee,FL
Djuan Tucker Concrete LLC,,ChIJW46oNqH17IgR0MKIIv7w3CA,Tallahassee,FL
Tallahassee Concrete and Masonry,https://www.tallahasseeconcreteandmasonry.com/,ChIJd0czuOn17IgREdbRTA8oTL4,Tallahassee,FL
"Concrete Services Unlimited, Inc.",http://concreteservicesunlimitedinc.com/,ChIJPRPiE7D17IgRuz71k7pSAbk,Tallahassee,FL
Capital City Contracted Services,,ChIJ49jX4eT17IgRnrkRuVJxu_g,Tallahassee,FL
Concrete Reflections,http://www.concretereflections.com/,ChIJz94lg-9Y7IgRVTVbx_u_oNE,Tallahassee,FL
Anytime Concrete,,ChIJPTWkQQCL7IgRLIWpFR6De_U,Tallahassee,FL
Grey Stone Coatings,https://www.greystonecoating.com/,ChIJBUF8Rzk54ocR7N_s2E3Jnto,Davenport,IA
Remedy Concrete Finishing,,ChIJW2-yNf414ocRinDQ7k97enk,Davenport,IA
Flooring America of Davenport,https://www.flooringamericadavenport.com/?utm_source=google&utm_medium=organic&utm_campaign=gbp-listing&utm_content=Davenport-showroom,ChIJAzwkI8E14ocRal3GVf-ohDs,Davenport,IA
Koester's Flooring & Interior Design,http://koestersflooring.com/,ChIJM5dEVKg04ocRnrkFMUXNjog,Davenport,IA
Behncke Construction Inc.,http://www.1948bc.com/,ChIJz_d4OKc04ocRWBtWau_vWoQ,Davenport,IA
Prime Construction,https://www.primecoservices.com/,ChIJ1dHfelc14ocRv_eab1UAJQ0,Davenport,IA
ASP Concrete Coating Specialists,http://www.aspcoating.com/,ChIJPYgfWaQx44cRueTLeUB3y8c,Davenport,IA
West Concrete/CSI.llc,http://westconcrete2008.com/,ChIJ917mNL8n4ocR7biija67hdI,Davenport,IA
Treiber Construction Co,https://www.treiberconstruction.com/,ChIJo-AFfj3L44cR_UOafbxAYP4,Davenport,IA
PremierGarage of Knoxville,http://premiergarageknoxville.com/,ChIJpdUY_aIvXIgRmA9J34nzjbc,Knoxville,TN
Epoxy Flooring Knoxville,,ChIJNS7FNAAXXIgRRuOV0xYzNBw,Knoxville,TN
Knoxville Waterproof Flooring,,ChIJ-1twYCM9XIgRa7zf-sRfQHo,Knoxville,TN
360 Solutions LLC,http://www.premierconcretesurfaces.com/,ChIJSWlD75c8XIgRtNL_9UIl0oE,Knoxville,TN
"FlorLine South, Inc.",https://florlinesouth.com/?utm_campaign=gmb,ChIJ5zdGkLAvXIgR3n7tvgoq-fw,Knoxville,TN
Grigore's Hardwood Flooring,https://grigoreshardwood.com/,ChIJ63nmqEMlXIgRfrLAtqeRgDc,Knoxville,TN
Mr. Handyman of West Knoxville,https://www.mrhandyman.com/west-knoxville/?cid=LSTL_MHM000197&utm_source=gmb&utm_campaign=local&utm_medium=organic,ChIJTT8GHW0lXIgRi_YpUb1ugfs,Knoxville,TN
Residential And Commercial Concrete Polishing LLC,http://residentialccp1.biz/,ChIJN0M8gNMXXIgRl0cz1ppCVDY,Knoxville,TN
Concrete Solution MTZ,https://concretesolutionmtz-tn.com/,ChIJpTPtZIsuyCcRU_KkF0buMsE,Knoxville,TN
United Concrete LLC,http://unitedconcreteconstructiontn.com/,ChIJWUHTX7j8QAER6a1taCIOqA0,Knoxville,TN
The Concrete Guys Knox,https://concreteguysknox.com/?local=true,ChIJLdx6W2o_XIgR9OWh5KZugoQ,Knoxville,TN
K & J Concrete Polishing Inc,http://www.kandjconcretepolishing.com/,ChIJ0wzT-jkWXIgR3by2NttqZys,Knoxville,TN
Southern Construction and Concrete,http://www.southernconstructiontn.com/,ChIJ4cD3se0tXIgRde-mAUxzJ1w,Knoxville,TN
RSB CONCRETE,http://rsbconcrete.com/?utm_source=gmb&utm_medium=referral,ChIJJXYoh9YNXIgRucONG08vSiQ,Knoxville,TN
Focus Construction TN,http://www.focusconstructiontn.com/,ChIJD2UMkwIlXIgRG3mI7yCB7tw,Knoxville,TN
Firecrete Custom Concrete,http://www.firecrete.com/,ChIJE3PND20lXIgRVuHIfXRaDBg,Knoxville,TN
JR Concrete,https://jrconcretetn.com/,ChIJj95RAzk9XIgROhhouwWCuGE,Knoxville,TN
DJ Epoxy Solutions,https://www.djepoxysolutions.com/?utm_source=google_business&utm_medium=organic&utm_campaign=perfil_gmb,ChIJEQFNdMzUCYsRgCSZ76OJrho,Palm Bay,FL
The Garage Enhancement Company,https://enhanceyourgarage.com/?utm_campaign=gmb,ChIJiVC74hdo3ogR1wwvUCs-kyc,Palm Bay,FL
4 Two Epoxy,http://www.4twoepoxy.com/,ChIJa8uwsS9d3wER1TxJDv6YZDA,Palm Bay,FL
Elaborate Epoxy,http://www.elaborateepoxy.com/,ChIJm6icmfsfuQURWHL_57R3sEs,Palm Bay,FL
Epoxy seike resin,,ChIJKTKft5Fz3ogR1S3M5-wRw3o,Palm Bay,FL
"Rich Crete Coatings, LLC",http://richcretecoatings.com/,ChIJ5cnTRJ1bvg0RdlNZZh_iDKk,Palm Bay,FL
AmVet Concrete Coatings,https://amvetcc.com/,ChIJGQR20KUD3ogR39LBcJL0Kz0,Palm Bay,FL
Pelican Concrete Coating,https://pelicanconcretecoating.com/,ChIJlRSOntu0tqcRPegwjuqqinU,Palm Bay,FL
Rhino Concrete Coatings,http://www.rhinoconcretecoating.com/,ChIJn-GduXL1I00R1Uy1CAvvBKY,Palm Bay,FL
Atlantic Epoxy Floors,,ChIJQWY1hQdT54gRwQjP7Al-20k,Palm Bay,FL
"Concrete Mike, LLC.",https://concretemikefl.com/,ChIJfcC6Qfsb3ogRJD9_DNOSICQ,Palm Bay,FL
Zebra Coatings,https://zebracoatingsfl.com/,ChIJycfE5R1XPg4R4fO9X63K5rQ,Palm Bay,FL
Leo's Concrete Specialties,http://www.leosconcretespecialties.com/,ChIJuRuBU7AS3ogR8RegKFawFc8,Palm Bay,FL
Palm Bay Commercial Coatings Inc.,http://www.palmbayepoxy.com/,ChIJjdbkHzYS3ogRNGUdA7s_ezU,Palm Bay,FL
Frog Splash Coatings,https://frogsplashcoatings.com/,ChIJ0eLKpOV8uaIRKuy7gPLOKvU,Savannah,GA
Hard Surface Rescue,http://www.hardsurfacerescue.com/,ChIJP8ImE9gE-4gRv3TVpSu9LZQ,Savannah,GA
Exterior Performance Coatings,https://exteriorcoatings.com/,ChIJtQjNjbzwDogRfSUZvAC89iM,Savannah,GA
Revolve Custom Floor Coatings,http://www.revolveenergy.com/,ChIJSQB7ghee-4gRak4DMbyPFH4,Savannah,GA
Floors and More LLC,,ChIJPw-r80Kb-4gR-LtYXHSaJzA,Savannah,GA
Low Country Concrete,https://www.lowcountryconcrete.net/,ChIJE_UQmpwR-4gRQfHelL2HkP0,Savannah,GA
L&I Stamped Concrete,https://lnis.us/,ChIJ8zv3AuGh-4gRXwcOpGA4A0o,Savannah,GA
Sanchez Quality Concrete LLC.,,ChIJXwdUxmsJ-4gRkZp1BYViQjs,Savannah,GA
StoneLine Garage Epoxy Flooring,http://stonelinegarageepoxyflooring.com/,ChIJWX8tmSKBRoYRErus222He38,College Station,TX
Welborn Garage Floor Co. Bryan,https://welborngaragefloorco.com/garage-floor-coating-bryan,ChIJjd_tCN-BRoYRZKYwtitv1CA,College Station,TX
College Station Polished Concrete & Staining,https://collegestationpolishedconcrete.com/,ChIJL75sJg5x3IARRt51REU4KdE,College Station,TX
Exquisite Concrete Designs,https://www.ecdconcrete.com/,ChIJHSJ9dGCPRoYRd0rulQLMufg,College Station,TX
ProCoat Concrete Coatings,http://www.etxprocoat.com/,ChIJT-U232tlSIYRPxaYOReChaM,College Station,TX
Spartan Gunite & Concrete,https://www.spartangunite.com/,ChIJ42rCvI-RRoYRoTtLIUr52B0,College Station,TX
Texas Concrete Design,https://www.texasconcretedesign.com/,ChIJCUPtAayHRoYRxdariaSBGZM,College Station,TX
Aggieland Coatings,https://www.aggielandcoatings.com/,ChIJ02H-Ej6PRoYRPnUSDMuMaTU,College Station,TX
Classic Concrete Coatings,http://www.yolasite.com/,ChIJC4l4wd8-R4YRmqZm01MqzQg,College Station,TX
Professional Concrete Construction,https://www.professionalconcreteconstruction.com/contact/,ChIJC4-YpXyERoYR1Y25cJWrRjM,College Station,TX
A P Epoxy Floors,https://www.apepoxy.com/,ChIJo1qO7O5FAogRfICPUjOX_38,Green Bay,WI
Exotic Concrete Coatings,https://exoticconcretellc.com/,ChIJ95tNgZfoAogRMFjwe06cTBU,Green Bay,WI
Epoxy Proz,https://epoxyprozwi.com/,ChIJTTpQ6zWrA4gRy7Yc5JTiR-o,Green Bay,WI
Showcase Coatings,https://www.showcasecoatingswi.com/,ChIJh959zFDpAogReK_V-R0xBAM,Green Bay,WI
ReNew Garage Floor Coatings,http://www.renewfloorcoatings.com/,ChIJPcLvwUPJA4gRpwe0pS8jVQA,Green Bay,WI
Miller Family Epoxy Flooring,,ChIJ7z89JqOvUk0RYWqBU_qfAMc,Green Bay,WI
Greenstone Polymer Systems Inc,http://www.greenstonepolymer.com/,ChIJj7lMdR77AogRaOPd6iTcWMg,Green Bay,WI
"Industrial Protective Coatings, Inc.",http://www.anchorbond.com/,ChIJVYpmkk38AogR-K_s9Sgk6AQ,Green Bay,WI
Applied Flooring Solutions LLC,http://appliedflooringsolutions.com/,ChIJgYhGFjf7AogRtYrKe1sVp28,Green Bay,WI
Polymer Services Inc,http://www.polymerservicesinc.com/,ChIJXd7Gypz-AogRtbvCr5zmses,Green Bay,WI
"MASSES'S FLOOR COATINGS, LLC",http://www.massesinc.com/,ChIJG1DXIov9AogRefeHWjHdkNM,Green Bay,WI
Bay Custom,https://www.bay-custom.com/,ChIJXx-DhRr3AogRC2qDQM8gFbE,Green Bay,WI
"Absolute Concrete, LLC Main Office",https://absoluteconcretellc.com/,ChIJE2BT6P3jAogRQHorZ94j488,Green Bay,WI
Concrete Sealers USA,http://www.concretesealersusa.com/,ChIJoTcZzLepBYgRYkVemLX2M18,Green Bay,WI
Concrete Kings LLC,,ChIJS8CkEIr7AogRUxcyunH0XuU,Green Bay,WI
DeGroot Concrete LLC,https://degrootconcretellc.com/,ChIJ20WdMxz7AogROsjEBa6O_2c,Green Bay,WI
MP Concrete LLC,http://mpconcretewi.com/,ChIJV_IXYdDlAogR-6oFpIs0htE,Green Bay,WI
Bath Concrete Flatwork LLC,http://www.bathconcreteflatwork.com/,ChIJLwPM-iC_RW0RNUEOJ7BV6yM,Green Bay,WI
WI Elite Concrete Leveling,https://wieliteconcreteleveling.com/,ChIJldfHQH3xA4gRZ6GpbQLFI6I,Green Bay,WI
RG Hendricks Concrete Construction,https://hendricksconcrete.com/,ChIJezv03kX5AogR_M9gGnnX6L8,Green Bay,WI
KPC Concrete Contractors,http://www.kpcconcretecontractors.com/,ChIJf8Vr1onkAogRdCRVydRRrtQ,Green Bay,WI
"Advance Concrete, LLC",https://www.advanceconcretellc.com/?utm_source=google&utm_medium=wix_google_business_profile&utm_campaign=13546267850163875294,ChIJcU3hjvEzL4kR7nq2l6p_2Gw,Green Bay,WI
Accucut Concrete Finish and Removal,https://accucut.wixsite.com/mysite,ChIJdYa07jCrA4gRx6a4wdWiUi0,Green Bay,WI
Martell Construction Inc,https://www.martellco.com/,ChIJA21A2hLwAogR32OMgHArBpM,Green Bay,WI
JV's Flooring LLC,https://www.jvsfloorcoveringsllc.com/,ChIJ9aymBsdtF4gR_HWdZiTZo0Y,Kalamazoo,MI
Nieboer Concrete Design,http://nieboerconcretedesign.com/,ChIJjam3z5N2F4gRdM6i3dNdWqg,Kalamazoo,MI
Quality Concrete & Masonry LLC,https://qualityconcreteandmasonry.com/,ChIJw9hHXVCdF4gRWHogKA9SszY,Kalamazoo,MI
Classic Concrete Floor Coatings,https://justplainbusiness.com/classic-concrete-floor-coatings/,ChIJGRLakxftIYgRRqq_b7k-DGw,Kalamazoo,MI
Custom Concrete Concepts,http://customconcreteconcept.com/,ChIJseekQ2l3F4gRHIxfQuCNn-U,Kalamazoo,MI
KA Concrete Solutions LLC,https://kaconcretesolutions.com/,ChIJOUROjWN9F4gR0hLes9_IgD0,Kalamazoo,MI
"(SCS) Stark Concrete Solutions, LLC",http://www.starkconcrete.com/,ChIJa1cIlSCpIogRq3_w6t6ardY,Kalamazoo,MI
Complete Care Concrete,,ChIJq6q2vi7yF4gR4uWu0orul58,Kalamazoo,MI
Ace Industrial Floor Coatings L.L.C.,http://aceindustrialsolutions.net/,ChIJb1ZBUDazJIgRTU8TLIqJKoM,Kalamazoo,MI
ArmaCrete,http://www.armacrete.com/,ChIJK_xQ-sTbECoRQYyEXKuc0uI,Jackson,MS
Fulton Coatings,http://www.fultoncoatings.com/,ChIJwzY_MVotKIYRIG0r9rfIpMg,Jackson,MS
"U.S. Coating Specialties & Supplies, Inc.",https://www.uscoatingspecialties.com/,ChIJb8p24NkyKIYRkueWAiiwfrM,Jackson,MS
Elevated Epoxy Solutions LLC,,ChIJYUK5selsyKwRBDPX6DLPFeQ,Jackson,MS
Magnolia Custom Innovations LLC.,http://magnoliacustominnovations.com/,ChIJZTt-LWc1KIYRom7m1p_axl8,Jackson,MS
Gulfatlantic Floor Systems Inc,http://www.gulfatlanticfloors.com/,ChIJPU2EDK7QKYYR77XI8P2mSQc,Jackson,MS
One Day Custom Floors,https://onedaycustomfloors.com/,ChIJEWOAL6_NJIgR_1Jhxp3b_bw,Jackson,MS
HLP Concrete Finishing LLC,https://hlpconcretefinishing.com/,ChIJI3mq3FZJ2qERjJ7cmzm0aMY,Jackson,MS
MidSouth Crawlspace Solutions,https://www.mscrawlspace.com/?utm_source=google&utm_medium=organic&utm_campaign=gmb-website,ChIJo_aKDU4vKIYRd8k2gNgo320,Jackson,MS
PolyUp of MS,http://www.polyupofms.com/,ChIJAQBwAqbNKYYR1uE3LWmOxdI,Jackson,MS
ICM Coating Masters,https://www.icmcoatingmasters.com/contact-us/,ChIJq6rGpIfJnIgRuOeyoLACCoY,Jackson,MS
Byrd & Cook Floor Covering and Interiors,http://www.byrdandcook.com/,ChIJqbXCxu4tKIYRX8kDZ4Uci4c,Jackson,MS
Artisent Floors,http://www.artisentfloors.com/,ChIJVVVVVRosKIYRjvXob23s6Xs,Jackson,MS
Madison Coatings Company,https://www.madisoncoatingscompany.net/contact,ChIJi9AfhZzaKYYRA96Nonl-EVw,Jackson,MS
Ainsworth Precision Flooring LLC,https://ainsworthprecisionflooringllc.com/,ChIJs5GFN6ApKIYRVw1OSlZJ1u8,Jackson,MS
Decorative Concrete Designs,http://www.decorativeconcretems.com/,ChIJfd2mKn8LnIgRyj4GZoAWnkc,Jackson,MS
Superior Foundation Services,https://superior.ms/?utm_source=google&utm_medium=organic&utm_campaign=gbp_listing,ChIJkwdYjnLSKYYRnIU2-juM9Io,Jackson,MS
Precision Concrete Jackson,https://precisionconcretejackson.com/,ChIJQ65ane81KIYR-nMJPIkr6P0,Jackson,MS
LPC Floor Services & Maintenance of Madison,http://www.floorsatlpc.com/,ChIJ1UonqDfRKYYREvIyaWtz6TI,Jackson,MS
Renovation to Extreme,https://vdcontractors.vercel.app/,ChIJS-k9OgTTKYYRiuDF_kjk4-o,Jackson,MS
"Jackson Precast, Inc.",https://www.jpi.ms/,ChIJgXHSnNcyKIYRfkIcCm5ztzc,Jackson,MS
"Delta Industries, Inc. (Jackson Ready Mix)",http://www.delta-ind.com/,ChIJmaogax4zKIYRIHNEO-MKqJ8,Jackson,MS
Sunbelt Sealing Inc.,http://www.sunbeltsealing.com/,ChIJ-V632LQzKIYRjwWkbpB0KiM,Jackson,MS
Gorilla Building,http://www.gorillabuilding.com/,ChIJt2k9YYfSKYYRTp-Y0jYjDF0,Jackson,MS
Capital Concrete Cutting Inc,http://www.capitalconcretecuttinginc.com/,ChIJIwUkBFBKKIYRW0eq7_w10YU,Jackson,MS
Evans Precast Concrete,https://www.evansprecastconcretellc.com/,ChIJcY5lgSQ3KIYRJ7Lyt7OkE8s,Jackson,MS
"MMC Materials, Inc.",http://www.mmcmaterials.com/,ChIJicqB1wkzKIYR9f5nmh5FNu0,Jackson,MS
Watkins Construction & Roofing,https://watkinsconstructioninc.com/jackson-mississippi-roofing-contractor/?utm_campaign=gmb&utm_medium=gmb&utm_source=googlejmsgmb,ChIJVVVVVUoyKIYRVmF1B4FFLEg,Jackson,MS
Stronger Concrete Coatings,https://www.strongerconcretecoatings.com/,ChIJ81PPpJ_fJIgReBRWB5afrAw,Jackson,MS
Mississippi Pro Design Center,https://www.mississippiprodesign.com/,ChIJf2NypqsvKIYRVX0DfcZOo3E,Jackson,MS
"JW Restoration Concepts, Inc.",http://jwrestorationconcepts.com/,ChIJq6omZuiiJIgRgNyXGY-jFcY,Jackson,MS
Armadillo Floor Coatings,https://armadillocoating.com/,ChIJoWcabv4zOYYREGxRDCvxW24,Beaumont,TX
"Floors-U-Adore in Beaumont, TX",http://www.thefloorsuadore.com/,ChIJr8r56LozOYYRVPCQjMdIGy0,Beaumont,TX
Baytown Epoxy Flooring,https://baytownepoxyflooring.com/,ChIJ-QFF5uBfP4YRIImVnncadI4,Beaumont,TX
Affordable Concrete Works,https://www.affordableconcretellcbmt.com/,ChIJ_6q2c_gzOYYR-w_HypvKOa4,Beaumont,TX
MD Concrete & Demolition - Concrete Contractors Beaumont Tx,https://www.mdconcretecontractors.com/,ChIJFbG7VrrLPoYRnRhvszkhoQs,Beaumont,TX
Beaumont Concrete Co,https://concretebeaumontco.com/,ChIJx4AvzqmaYG0Ru4axt66qxhU,Beaumont,TX
Engineered Coatings Industrial LLC,https://www.engineeredcoatingstx.com/,ChIJU23bJ1jLPoYRjILwBsvnnu8,Beaumont,TX
A&D Concrete construction,https://adconcreteconstruction.com/,ChIJP6c1tq_LPoYRv9pHTyQWJTU,Beaumont,TX
Concrete Resurfacing Spec,,ChIJcYO9ZOs0OYYRCS93yenQPU0,Beaumont,TX
Texas Concrete Company,,ChIJk1zTzl0qOYYRHw5LyBmGrU4,Beaumont,TX
F & L Coatings & Concrete,,ChIJ6wYP7MCCQIYR0T6DzsvSxj0,Beaumont,TX
"Mason Construction, LLC",http://www.masonconstruction.net/,ChIJS3QCBmXMPoYRtojO0dvVenU,Beaumont,TX
AE Concrete Contractors,https://www.aehomerenovations.com/concrete-driveways-and-patios-services-in-dayton-tx/,ChIJvzgJKslNP4YRyi7fwqfG7vg,Beaumont,TX
G&G Enterprises,https://www.gandgenterprises.com/,ChIJyfMvDM_KPoYRJlci74wilks,Beaumont,TX
SDL General Contractor Beaumont TX,https://sdlconcreteconstructionllc.com/contact-us/,ChIJPzJunQzLPoYRZy2jiVmtEmE,Beaumont,TX
"Double A Concrete, LLC",https://www.doubleaconcretellc.com/,ChIJhQQo2RdDOYYRoFwbA8kyYU0,Beaumont,TX
Engineered Coatings Industrial LLC,,ChIJUaQpMTbKPoYRO6XVDjkcN7c,Beaumont,TX
CMR CONCRETE SOLUTIONS LLC,https://www.cmrconcretesolutions.com/,ChIJd7wkmn-rOIYRa_J405EqVrY,Beaumont,TX
St. Clair Construction,https://stclairconstruct.com/contact/,ChIJVVWRcXEzOYYRJqAGRFme9x4,Beaumont,TX
H. B. Neild Construction,http://www.hbneild.com/,ChIJv0JJxGTMPoYRzj4bECbuk8A,Beaumont,TX
Carter & Company,http://www.carterandcompanytexas.com/,ChIJn2TX9KE0OYYRE9gahn7DYww,Beaumont,TX
Assess Construction,http://www.assessconstruction.com/,ChIJC13cZjYzOYYRp04T7IOiNNI,Beaumont,TX
Direct-Force Soil Pumping and Construction,http://www.soilpumping.com/,ChIJBfoMzLrNoWQRyy_lcFOQxGE,Beaumont,TX
Apache Industrial,https://www.apacheip.com/,ChIJY3n9QUDOPoYRA8yBQqePJtM,Beaumont,TX
Texas Materials,https://texasmaterials.com/,ChIJddcc483KPoYRl8MhO7qgfHk,Beaumont,TX
All Around Surfaces,https://allaroundsurfaces.com/,ChIJe6cXBQW2jocR9jSqsN3NYlE,Sioux Falls,SD
Select Coatings,https://select-coatings.com/,ChIJVfdURuvJjocRorElpLqpnLU,Sioux Falls,SD
Kustom Epoxy Floors,https://kustomepoxyfloors.com/,ChIJGUD971e1jocRfR8BXjB_0fw,Sioux Falls,SD
Transparent Flooring Install Design And Epoxy,https://www.transparentflooring.com/,ChIJdTtHIEa3jocRQXJBOf7KzGA,Sioux Falls,SD
M&M Epoxy Flooring,https://mmepoxyflooring.com/,ChIJ1eVfWPnFcCkRlPaOpHlPD8Y,Sioux Falls,SD
Victory Concrete Coatings,https://victorycoatings.com/?utm_source=gmb,ChIJ2bXham0ZbaYRjwy7VWElqXA,Sioux Falls,SD
Epoxy Floors of the Black Hills,http://epoxyfloorsbh.com/,ChIJiTXj6IxFfYcRc6OLXN8BMww,Sioux Falls,SD
Premier Coatings Co.,https://sfpremiercoatings.com/,ChIJF20fvVRTiYcR1We3xVP0f-k,Sioux Falls,SD
Pristine Concrete Coatings,,ChIJPR50nFXLjocRHQcfwwR2lm8,Sioux Falls,SD
"Total Epoxy Systems, Inc",http://www.epoxy605.com/,ChIJw8f_mn6hiYcRsidTVdyb-0U,Sioux Falls,SD
Amazing Space,,ChIJVz9GhSbKjocRw7PpCBqvIhs,Sioux Falls,SD
"Tri-State Coatings, LLC",,ChIJNcSxy58PjocR45JmD_g-_-M,Sioux Falls,SD
Hero Concrete Coatings,,ChIJhVe7CjS1jocRqlSDx3UdMW0,Sioux Falls,SD
Angel's Floor Coatings,,ChIJiQ14UIj9jYcR8zhKBn1dqDI,Sioux Falls,SD
Concrete Experts & Design,https://concreteexpertdesign.com/,ChIJv6nXnkZHvSYR4n0ZiiLo13A,Sioux Falls,SD
"Scholten Construction - Decks, Concrete, Painting, Siding, and Roofing",https://scholtenconstructionllc.com/?utm_source=GMB&utm_medium=organic,ChIJiRQ6IR_LjocRRHhDyJNdvjo,Sioux Falls,SD
Sioux Falls Concrete Contractor,http://www.siouxfallsconcrete.com/,ChIJdeytWCG1jocRz4xybVbgBSo,Sioux Falls,SD
Supreme Concrete LLC,https://supremeconcretesd.com/,ChIJzZYjYU9g62MRjqDcEdEGld4,Sioux Falls,SD
Galicia LLC Construction,http://siouxfallsgaliciallc.com/,ChIJ20MYLi4GEG8Rt0V9ZKVB6Io,Sioux Falls,SD
Concrete Rubber Overlays,https://concreterubberoverlays.com/,ChIJQY5JPgi1jocRpmPqbY00-o4,Sioux Falls,SD
Krump Concrete Construction LLC,https://www.krumpconcrete.com/,ChIJu2Cy7PLAjocRkt6BQXqxVUE,Sioux Falls,SD
Sioux Falls Concrete Lifting,https://www.siouxfallsconcretelifting.com/,ChIJj2MMiubJjocRB7KW559XMdE,Sioux Falls,SD
Northwest Corp.,https://www.northwestcorporations.com/,ChIJ-67t3yy1jocRxMhXaMivVk0,Sioux Falls,SD
H&H FoamPro Concrete Lifting & Leveling,http://hhfoampro.com/,ChIJsWVBOSfTjocR77qLVyn4b2Q,Sioux Falls,SD
"Advanced Concrete Construction,LLC",http://www.advancedconcretec.com/,ChIJVVVFQkS0jocRgE1bdGnckgM,Sioux Falls,SD
Siouxland K & K Construction Inc,https://concretesiouxfalls.com/,ChIJ9SZtyya2jocRsDHiiAQMW6U,Sioux Falls,SD
Ozarks Concrete Coatings,http://ozarksconcretecoatings.com/,ChIJdWwRAkRnz4cRjwfN0TpjrUk,Springfield,MO
GroCo Epoxy Flooring,https://www.grocollc.com/,ChIJlxGKBz59z4cR2keTYdHL9zg,Springfield,MO
AmTech Concrete Polishing and Sealing,http://amtechsgf.com/,ChIJr646iYmJxYcRiR3hKqUIk5c,Springfield,MO
The Concrete Lifter LLC,http://theconcretelifter.com/,ChIJTUbgISxiz4cRNNJSwhDcstk,Springfield,MO
Mocrete Decorative Coatings,http://www.mocretecoatings.com/,ChIJWaSXI-Jlz4cRro4D8bU47JA,Springfield,MO
Springfield Concrete Polishing,,ChIJw0GeHjxlz4cR7U8Z0zKtL3Q,Springfield,MO
Advanced Concrete Technol/ogy,http://www.advconcrete.com/,ChIJCcDtRIuKxYcRoMqWIdDNtL0,Springfield,MO
Advanced Surfaces Inc,,ChIJtwvKn81xz4cR20GKVzfumLQ,Springfield,MO
Elevated Concrete Lifting,https://elevatedconcretelifting.com/,ChIJbzyTpwhvz4cRMtE8k62AXps,Springfield,MO
CORE CONCRETE LLC,http://417concrete.com/,ChIJVVWFir1vz4cRVTxKhDas_3k,Springfield,MO
Helitech Waterproofing and Foundation Repair,https://helitechonline.com/service-areas/ozarks/?utm_source=google&utm_medium=organic&utm_campaign=gmb,ChIJ5drlhcdhz4cRh_mLecUIxxw,Springfield,MO
Rose Concrete,https://rhiconcrete.com/,ChIJ48-5yArqqIoRBf-4f1AWKbg,Springfield,MO
Designer Concrete Inc,http://www.designerconcrete.net/,ChIJZ7kMbcwA24cR9S72F9ze1KY,Springfield,MO
Protective Coatings Epoxy Systems,http://4epoxyfloors.com/,ChIJQ29rUhYlI4gRGEPEZjpP3VI,Lansing,MI
Genius Epoxy,https://geniusepoxy.com/?utm_source=google-gbp&utm_medium=organic&utm_campaign=gbp,ChIJ___PAsjoIogR-zy7ohr6WBw,Lansing,MI
"Applied Flooring, Inc.",http://appliedflooring.com/,ChIJ4dbSqOHPIogRRJ_ekkgIako,Lansing,MI
Elite Coatings LLC,http://elitecoatingsllc.com/,ChIJd6eBl2IbI4gRNFDVKMwJHfU,Lansing,MI
Freedom Concrete Coatings,https://freedomcoat.com/contact-us/,ChIJeQS-fFHcIogRUhl5KPwpgUQ,Lansing,MI
Concrete Solutions OF Michigan LLC,https://michiganconcretesolutions.com/,ChIJnZFAL_MkI4gRU5PerpDTqno,Lansing,MI
BPC Concrete Flooring LLC,http://www.bpcconcrete.com/,ChIJpYo6l4GSJIgRVhTaj_YGhYw,Lansing,MI
Concrete Raising and Leveling Michigan,http://concreteraisingandleveling.net/,ChIJgSvpX1HFIogRL9K0bRp-ACw,Lansing,MI
MIDDLE GEORGIA FLOORING DEPOT,http://middlegeorgiaflooring.com/,ChIJ22V4DAL584gR_XqYYv_BewU,Macon,GA
Real Floors Macon,https://realfloors.com/,ChIJJ2CNSS_684gR5WSSWmL7LOg,Macon,GA
"Ace Entities, LLC",http://www.aceentities.com/,ChIJUVpaOYcH9IgRW1BALHFsWZc,Macon,GA
"Solomon Concrete, LLC",http://solomonconcrete.com/,ChIJFxllXLtT8YgRQvCP6Tb-dgA,Macon,GA
Premier Landscape & Excavation & Concrete Contractors GA,https://derius.richardson.testingdirt.com/,ChIJddzuyk_284gR39kSmOXxJI4,Macon,GA
All American Concrete,https://www.allamericanconcretemacon.com/,ChIJu9F6nir584gRMK92YWlS10U,Macon,GA
Lowcountry Foundation and Crawl Space Repair,https://www.lowcountryfoundationrepair.com/?utm_source=google&utm_medium=organic&utm_campaign=gmbwebsite-macon&utm_content=website,ChIJ5d4AFTJB0EARNX5c-UG8cMg,Macon,GA
"Macon Precast Concrete, LLC",http://www.maconprecastconcrete.com/,ChIJaYwZpQn5XIYRbYzqZ4MjFRA,Macon,GA
King's Flooring LLC,https://www.epoxyfloorlancasterpa.com/,ChIJvTF9BZw3xokRdkGYy292A3Y,Lancaster,CA
Lancaster Flooring,http://www.lancasterflooring.com/,ChIJ_7G957dawoARtRwB487ikBc,Lancaster,CA
True Walk Group,https://lancasterflooring.top/,ChIJ7bONGQBbwoAR8JC3VyGjh3k,Lancaster,CA
DGS Flooring,https://www.dgsflooring.com/,ChIJKV39FzZawoARZTd2h-Koj4A,Lancaster,CA
Boulevard Flooring Emporium,https://www.boulevardflooringemporium.com/,ChIJBz9Tv8hawoAR7owMAT3vp8o,Lancaster,CA
661 Flooring and Remodeling,http://661flooring.net/,ChIJNSJGhbFdwoARPRhVzy4TQNs,Lancaster,CA
Carpeteria Flooring Center,https://www.carpeteriaflooring.com/,ChIJUToU9EVawoARZ7updn5DA8E,Lancaster,CA
Metro Floors,https://www.metrofloorsinc.com/,ChIJiR--YpRawoARbk_eDi4SQNY,Lancaster,CA
Fashion Floor Covering,,ChIJ4RF5zbdawoARfkA7awK5q_4,Lancaster,CA
California Coating,http://www.californiacoating.com/,ChIJW9l8QW9awoARx0GNKzfON8M,Lancaster,CA
DCM Concrete LIC#1058545,http://dcmconcrete.com/,ChIJLwhLX_5bwoARFbKegEx2Bys,Lancaster,CA
Superior Concrete Lancaster lisc # 232445,https://superiorconcreteca.com/,ChIJizkPYA1QwoARq5vgBXfwE4A,Lancaster,CA
TPC Construction Inc,http://tpcconstructioninc.com/,ChIJyZj64RtbwoARAj1gG3FKfvk,Lancaster,CA
Castillo Concrete Construction,,ChIJ4WLv79Guw4ARnIS4x48MvIM,Lancaster,CA
Arrow Construction Company,https://www.arrowtransitmix.com/,ChIJOw4F2QxawoARlNKRyarZT4g,Lancaster,CA
A. Carrera LLC,https://www.acarrerallc.com/,ChIJCyUGNznO3gsR3J9gI4HygZE,Lancaster,CA
Toneman Concrete Corp,https://www.tonemanconcrete.com/,ChIJ66rc8FtawoARpyGDl8LW-WM,Lancaster,CA
ANM Construction & Engineering,https://www.anmconstructionandengineering.org/,ChIJneCb9mZFwoAR67mjc9cro78,Lancaster,CA
Ramos Ready Mix LLC,http://ramosreadymix.com/,ChIJv5GuhqRbwoARIacRL1qXjM4,Lancaster,CA
JB Construction,https://jb-construction.com/,ChIJqYaS1W9awoARDfGRGTS92Hk,Lancaster,CA
Omniscience General Construction,https://omnisienceconstruc.wixsite.com/omnisience,ChIJR52WdXRFwoARIaomBR0Zfuk,Lancaster,CA
Price Concrete Coatings & Renovations,http://pricemngmt.com/,ChIJXbwdWVMcCUsRuajSjg5RP-I,Columbia,MO
Mid-Mo Epoxy Flooring,https://www.midmoepoxyflooring.com/?utm_source=google&utm_medium=wix_google_business_profile&utm_campaign=10205710174500258360,ChIJpal6MRd424cRqlG1FYDHKck,Columbia,MO
Mpt Epoxy Flooring,,ChIJr19LjbHP3IcRGrDBm_W0BNs,Columbia,MO
DMZ Enterprise,https://www.dmzenterprise.com/,ChIJCxW6Rfy33IcRiJaXbc-f3Wc,Columbia,MO
Dave Griggs' Flooring America,https://www.davegriggs-flooringamerica.com/?utm_source=&utm_medium=organic&utm_campaign=gbp-listing&utm_content=Columbia-showroom,ChIJz1kCVifI3IcRZUSRCjq9Dg4,Columbia,MO
DNA Concrete and Landscaping LLC,https://dnaconcretecolumbia.com/,ChIJ7bsU_Q233IcRUSf5T1EutYE,Columbia,MO
Mid-MO Concrete Coating,,ChIJUbCGuTTKnK8RCuoqY9NMJlw,Columbia,MO
Cameron Concrete Polishing LLC,http://cameronconcretepolishing.com/,ChIJsQs1svmbbEYRLdXpACs484M,Columbia,MO
Lage's Concrete and excavating LLC,,ChIJWUXUJiXJ3IcR-7oFCJFUVV4,Columbia,MO
Top notch flatwork llc,http://topnotchflatworkllc.com/,ChIJTWIGJJvN3IcRuqB3_KE9uYY,Columbia,MO
Creasy Slabs & Block,https://creasyslabsandblock.com/,ChIJO5JbbAnarwkR3TVDdhMHVPc,Columbia,MO
Spartan Ram Jack Foundation Repair & Waterproofing,https://spartanfoundationrepair.com/columbia/?utm_source=Google%2BBusiness%2BProfile&utm_medium=organic&utm_campaign=columbia,ChIJu9KLBDC13IcRFJlCAiKj5f8,Columbia,MO
COMO Construction and Landscaping,https://comoconstructionlandscaping.com/,ChIJ4bCc5WjI3IcR8LSpyNddRBc,Columbia,MO
Alex Construction USA LLC,https://www.alexconstructionsusallc.com/,ChIJDdVFEW-53IcRq4g-eLoYkLM,Columbia,MO
Concrete Coatings-The Midwest,,ChIJGeE9WUu62IcRs5bX-RlpDdo,Columbia,MO
"A-1 Solutions, LLC",https://a1foundationsolutions.com/,ChIJs-vlHl9R24cRvZmZRsIrn80,Columbia,MO
Watson Concrete Inc.,http://watsonconcreteinc.com/,ChIJ1e9utP3J3IcRTfzux7b2pUU,Columbia,MO
Advanced Concrete,http://advancedconcreteco.com/,ChIJEwKwcnmXxIcR6xY0s7WS2DA,Columbia,MO
Precision Precast,https://www.precisionprecastllc.com/,ChIJv-Y9Unm33IcRj-uWYgWGz08,Columbia,MO
Frech Paving Co.,http://www.frechpaving.com/,ChIJ_-Z_1XrJ3IcR2ROR7SaOfsY,Columbia,MO
Blazer Floor Coatings,http://blazerfloorcoatings.com/,ChIJV-Ffsi6eCE8RxMEDLL8gjQk,Frederick,MD
G J Epoxy Coatings,https://www.gjepoxycoatings.com/,ChIJhbyVZASht4kRB5I-81MtBqY,Frederick,MD
Epoxy Coatingz,https://epoxycoatingz.com/,ChIJNc5Du3VPwIwRh-4F5dFsK0k,Frederick,MD
Absolute Hardwood Floor & Epoxy,https://absolutehardwoodfloorandepoxy.com/,ChIJLXW0ndZjt4kR69AlrVz1tsU,Frederick,MD
A&S Flooring,https://ansflooring.com/,ChIJQ49HIhC2JCER_WSUmfn4rJs,Frederick,MD
"Catoctin Mountain Flooring, LLC",http://catoctinmountainflooring.com/,ChIJ15LnZnC4yYkRt71J1tZySgc,Frederick,MD
Thompson Flooring & Installation,https://www.thompsonflooringmd.com/,ChIJ0duU8AXbyYkRvStKOTj9Ug8,Frederick,MD
Apache Wood Products Inc,http://www.apachewood.com/,ChIJZ-4zPDDayYkRU3QYIkrSTjE,Frederick,MD
"Armor - Prep Coatings, LLC",https://www.armorprep.com/,ChIJM9spCyY_yIkR1TqnjkGE63A,Frederick,MD
Tri-State Coatings Inc,http://www.coatmycrete.com/,ChIJbU7S_23dyYkRiJINQaD4U_8,Frederick,MD
Top Coat Technicians,https://topcoattechnicians.com/,ChIJ0Qb-2g29i6kRok9dDqIZUbE,Frederick,MD
Elite Concrete,https://www.eliteconcretesolutionsmd.com/,ChIJq6paB7Not4kRbanHlLmgvxE,Frederick,MD
"JMR Concrete Construction, Inc.",http://www.jmrconcrete.com/,ChIJY1yg6jDayYkR52Jkr8I-hQE,Frederick,MD
"Pristine Pavement & Construction Services, LLC",https://pristinepavement.com/,ChIJqWRkB_SKcyoReZGOwmLUDtI,Frederick,MD
United asphalt and concrete,https://uacmd.com/,ChIJv-aqPuvFyYkRd3xAkfTTWPE,Frederick,MD
Concrete Services,,ChIJE302UDR4t4kRccc_qaM4gxQ,Frederick,MD
All Mixed Up LLC,http://allmixedupllc.net/,ChIJM8A2mAvOyYkR6vaHLlwn9IY,Frederick,MD
"Creative Images Concrete, LLC",,ChIJrVilyBhByIkRgJa8SAnuf1o,Frederick,MD
Western Maryland Concrete Inc,https://westernmarylandconcrete.com/,ChIJvdK6_jHAyYkRgqnPsFRH_HU,Frederick,MD
701 Epoxy Flooring,https://www.701epoxyflooring.com/,ChIJN48mBxC1yFIR2yQzubJMG1w,Fargo,ND
Attention to Detail Concrete Coating,https://www.garagefloornd.com/,ChIJN1OLEI3LyFIRb7LYkfA5AFc,Fargo,ND
Fargo Garage Floors & Doors,http://fargogarage.com/,ChIJFeYPgerIyFIR2dm3fUdMyLg,Fargo,ND
Zone Garage-Red River (Fargo/Moorhead),http://rrzonegarage.com/,ChIJdXbFr3TNyFIRu5-Mk0qap7s,Fargo,ND
Quality Coatings & Tile,https://www.qctfargo.com/,ChIJt6HxsnDNyFIRQHLnk-N7JWE,Fargo,ND
Premium Flooring,https://www.premiumflooringfm.com/,ChIJZby9Y7PNyFIRf9joSxc5VtY,Fargo,ND
Armour Floors,http://armourfloorsnd.com/,ChIJyXHgPZqE11IRjs1jqhdneUY,Fargo,ND
Kensok's Hardwood Floors,http://www.kensoks.com/,ChIJRcSvPcQ0z1IRaxRJca52QfI,Fargo,ND
Elite Industries LLC,,ChIJ029OqH_1QAUR6x16AOPd_MI,Fargo,ND
The Fargo Flooring Store,https://www.fargoflooringstore.com/,ChIJl-yZOMk1z1IR0AoZEMiXDqc,Fargo,ND
Fargo Flat Concrete Polishing,http://fargoflatinc.com/,ChIJaYY-Rj7PyFIR1wiolEqQoSc,Fargo,ND
Elite Industries LLC,http://elite-industriesllc.com/,ChIJw4vkouvLyFIR7CO9C_-8MA4,Fargo,ND
"Nagel Epoxy and Paint, LLC",,ChIJITdnX7B311IRb4a4_U-2Umo,Fargo,ND
Garage Logic Inc.,http://garagelogicinc.com/,ChIJJz5INS2D11IRZEF87pcFEOk,Fargo,ND
Complete Concrete Fargo,http://www.completeconcretend.com/,ChIJd6C66nzJyFIRaNaczIEwHFU,Fargo,ND
Ace Stamped Concrete Pros - Fargo,https://www.aceconcretefargo.com/,ChIJD6WefsQk5i0RawUre9t0Wek,Fargo,ND
Kemp Concrete Group,https://kempconcretegroup.com/,ChIJ-ZbWi8DLyFIR88NIIHXDZmA,Fargo,ND
"The Coatings Authority, Inc.",http://www.coatingsauthority.com/,ChIJAxHUqDq2yFIRq8XXoV7jZ7c,Fargo,ND
Concrete Designs LLC,http://concretedesignsmn.net/,ChIJfddN5NURx1IRJHwKwOeB8xw,Fargo,ND
All Finish Concrete,http://allfinishconcrete.com/,ChIJqUXkFCvPyFIRzDKuquxgKWU,Fargo,ND
Quality Concrete Inc,https://www.qualityconcretefargo.com/,ChIJBZw8ZeLMyFIRfmFwduvmR0Q,Fargo,ND
"Signature Patios, concrete & coatings llc",https://www.signaturepatiosbydesign.com/,ChIJ14Z6lTgtz1IRHK18eDAGmC4,Fargo,ND
Elevated Concrete,http://www.elevatedoutdoorservicesllc.com/,ChIJ3buLNK8ngQ0R4tM2qm7XOqE,Fargo,ND
Polar Rise,http://www.polarrise.com/,ChIJx61N35Izz1IRwY8_7ncMhvE,Fargo,ND
Protech Contracting Services Inc,https://www.protech-contracting.com/,ChIJF4MvKJHLyFIRHypnYpj0wIc,Fargo,ND
TCC Materials,https://www.tccmaterials.com/,ChIJeYBotuc0z1IRh22if4ovhHI,Fargo,ND
SKS Construction LLP,http://www.sksconcrete.com/,ChIJl8binc80z1IRtWQLMc455po,Fargo,ND
Advanced Striping,https://www.advancedstriping.com/,ChIJ7f14te3LyFIRnW9EWUxfros,Fargo,ND
"Camrud Foss Concrete Construction, Inc",http://www.camrudfoss.com/,ChIJL1SaaL7OyFIRMhcVHI9c4hs,Fargo,ND
Flooring Liquidators,"https://flooringliquidators.net/?utm_source=gmb&utm_medium=organic&utm_campaign=Merced,+CA",ChIJs4qPFgNDkYAR32KTUuhD4mY,Merced,CA
Elite Crete Systems Epoxy Norcal,,ChIJOdWU5EtDkYARVn5VJOslmSA,Merced,CA
United Flooring-Carpet One,http://www.unitedfloorcoveringmerced.com/,ChIJYcvTEAJDkYARq4WZW-U6aZM,Merced,CA
Perfect Touch Custom Painting,http://ptcpainting.com/,ChIJX0gA40NCkYARLN3JgjkkeqE,Merced,CA
Pulido Custom Concrete,https://pulidocustomconcrete.com/contact-concrete-services-in-merced-ca/,ChIJD2ZSTwFDkYARQkj35zEOzF4,Merced,CA
Premium1Concrete,https://premium1concrete.com/,ChIJL7QXRLFDkYARXCueJUMY_xw,Merced,CA
R & S R Concrete,http://rsrconcrete.com/,ChIJUeENUk9DkYARoPQQcXkEzT0,Merced,CA
Sculpted Stone Solutions,https://sculptedstonesolutions.online/,ChIJ_TVwGVRDkYARRqKOhZXC5MI,Merced,CA
AC Industries,,ChIJFa4JjNVBkYAR88CxGtDgxhw,Merced,CA
Vc1 Llc,http://www.vc1llc.com/,ChIJuQ9ayJNCkYARSGWQrc4V51A,Merced,CA
Femur Construction,https://femurconstruction.com/?utm_source=Google&utm_medium=organic&utm_campaign=GMB_click,ChIJr1mo4ipDkYARMGr49DpfIzY,Merced,CA
Central Valley Concrete & Trucking,http://www.centralvalleyconcrete.com/,ChIJyyzxrfRBkYARAIh3WqaNwSQ,Merced,CA
Builders Concrete Inc,,ChIJHWSaLv5BkYARP1uvte-HoWw,Merced,CA
D&A Concrete,,ChIJVVXpr9xCkYARgVg4oG-ACZQ,Merced,CA
Torres General Repair & Demolition Service dba Torres General Construction Repair,,ChIJqwgeyV1rkYAR_XZQZlWFnuw,Merced,CA
Surface Solutions for Concrete,http://surfacesolutionsforconcrete.com/,ChIJLV2XS2UnlIARHGrJGTj9v2g,Merced,CA
Marty the Concrete Guy,http://martytheconcreteguy.com/,ChIJk_qzJw8MlIARsdC4xqkZ2FM,Merced,CA
Epoxy Floored,https://epoxyfloored.com/,ChIJn0Z6SbQVTIYRef9woURvgrI,McKinney,TX
Price Floor Coatings and Concepts,https://pricecoatings.com/,ChIJJVhm0NLKKyMRMKKvIFXQV6k,McKinney,TX
Impress Luxury Floor Coatings,http://impressfloors.com/,ChIJ5eqO4XYVTIYRa7tk1DRb8no,McKinney,TX
We Do Concrete Coatings Frisco,,ChIJJ2ADeFgVTIYRMLU5rvmzKrw,McKinney,TX
Billy Concrete McKinney,http://billysconcretecontractorsmckinney.com/,ChIJQ53ZmEprTIYR1CQwqbwqFM4,McKinney,TX
TopCore Concrete,https://topcoreconcrete.com/,ChIJPa3bQ2ATTIYRPRNcpuG21OE,McKinney,TX
Lionscrete Mckinney Concrete,https://mckinneyconcretecrew.com/?utm_campaign=googles&utm_medium=organic&utm_source=google_business_profile,ChIJI3WEMeoTTIYRZSnof6Ke_6w,McKinney,TX
Foundation Werks LLC,https://www.foundationwerks.com/,ChIJnQVBl3ETTIYR2rElupGPXbY,McKinney,TX
Hansen's Natural Pebble Stone Floors,http://www.hansenstonefloors.com/,ChIJMS0H4Z5jTIYRpZdt7O7CwkQ,McKinney,TX
PolySeal Coating Solutions,https://polysealcoating.com/,ChIJ22jB3SMFTIYRNokZ4guI3ec,McKinney,TX
Taylor's Flooring Solutions LLC,https://www.tfsflooring.com/,ChIJj-VgbngrIIgRP2anEA5p-i0,Syracuse,NY
Orion Epoxy Company,,ChIJhdWf38Rr2okRVIXL9Yd_Ils,Syracuse,NY
CNY Creative Coating,https://www.cnycreativecoatings.com/,ChIJeRRHWSON2YkRCnyk5FUKF6s,Syracuse,NY
Dura-Fleck Concrete Coatings,https://www.dura-fleck.com/,ChIJgVGBeqmU3wQR2QKkm_iFQbo,Syracuse,NY
CNY Evergreen Concrete,http://www.cnyevergreen.com/,ChIJl0Qapjvv2YkRIUF-eT4UWt4,Syracuse,NY
Syracuse NY Concrete,https://www.syracusenyconcrete.com/nearme-liverpool-concrete-contractors.html,ChIJrww0IWLv2YkRPEziQZwTqpo,Syracuse,NY
On Call Concrete Contractors of Syracuse,https://www.concretecontractorsyracuse.com/,ChIJzeLlmO0utiMReKQt9a80i0w,Syracuse,NY
Blue Collar Residential Concrete,https://www.bluecollarresidentialconcrete.com/,ChIJMxL7-Xs11S0R9TkV_XE3840,Syracuse,NY
CNY Concrete Services,https://www.cnyconcreteservice.com/,ChIJf3v3BS-N2YkRglX4y77ZDI8,Syracuse,NY
Distinctive Stone & Concrete,http://www.allthingsconcrete.biz/,ChIJnTPNHVfq2YkRby38ZJHe2Iw,Syracuse,NY
CNY Sealing & Paving,https://cnysealing.com/,ChIJBYu-BS-N2YkRHsbS0I_TIHE,Syracuse,NY
"Masonry Services of NY, Concrete, Foundations, Steps, Waterproofing and More",https://masonry-services-of-ny.webnode.page/?_ga=2.57007342.519228498.1709800463-1167938159.1709800463,ChIJlzB9dKrz2YkRL7Rsggc3dbo,Syracuse,NY
Michael McConnell Concrete,https://michaelmcconnellconcrete.com/,ChIJ_4shjwTw2YkRvIN8icl6I1I,Syracuse,NY
East Coast Decorative Concrete,,ChIJA8j1mayS2YkR9zbtbxYmT0E,Syracuse,NY
Designcrete of America,http://designcreteofamerica.com/,ChIJWzLwhTuN2YkRDgVPakJx4Bk,Syracuse,NY
Wicked Kolors,https://www.wickedkolorsinc.com/,ChIJrcumoJU1ZYgRRe88yGmaEkc,Clarksville,TN
Clarksville Floor Covering,http://www.clarksvillefloor-covering.com/,ChIJVwFDncvZZIgRDttX2_7qCWg,Clarksville,TN
New Age Flooring,https://newageflooring.com/?utm_campaign=gmb,ChIJATx_-lnYZIgRt5EbbK-5q1c,Clarksville,TN
Quality Floor Covering LLC,https://www.qualityfloorcoveringllc.com/,ChIJITIEHlXYZIgR3DsPbQs6z7Y,Clarksville,TN
American Floors and More,,ChIJJQlQhdXdZIgRESI1lbkW0bI,Clarksville,TN
Milestone Tile Outlet,http://www.outlettile.com/,ChIJvZD0bq4gZYgR15bg26Vezdg,Clarksville,TN
"Martinez Flooring, LLC",http://martinezflooringllc.com/,ChIJ94kdqorXZIgRSZCpMYKpTIo,Clarksville,TN
Custom Floors,http://www.customfloorstn.com/,ChIJK3Psq-3YZIgRpQI1VmxWTmg,Clarksville,TN
Androws Flooring,https://androwsflooringllc.com/,ChIJk8fz60LZZIgRvOuArqDM5Z8,Clarksville,TN
Acevedo's Painting Gp,http://www.acevedospainting.com/,ChIJFQm2ZPwhZYgRBM_MZRQdVMQ,Clarksville,TN
Riggins Flooring,https://rigginsflooring.com/,ChIJrXsBurHYZIgRJqxSN455PRE,Clarksville,TN
Alirio Ayala Flooring,,ChIJgeTgy0_XZIgR8fUxdRy74HU,Clarksville,TN
Carpet Express Inc.,https://www.carpetexp.com/,ChIJ_UakrWPeZIgRBUWAn47XwdQ,Clarksville,TN
Elite Concrete Clarksville,,ChIJEWQRsK7ZZIgRyvcrLtvbwLM,Clarksville,TN
JM Home and Property Services,http://jmhomeandproperty.com/,ChIJRfi-bBopZYgRnhLbu7rjr5k,Clarksville,TN
Expert Concrete Company,,ChIJm-9xjhDbZIgRUXHKt2j7PDc,Clarksville,TN
Ed Page Concrete,http://edpageconcrete.com/,ChIJH83TJEfZZIgREysfIfSqWsE,Clarksville,TN
DB Concrete Services,,ChIJzbAxOkcnZYgRYnYh4rNykpY,Clarksville,TN
Phoenix Flatwork Concrete Contractor LLC,http://phoenixflatwork.com/,ChIJiZfd18XfZIgRne02gXx0M3w,Clarksville,TN
JDC Concrete Company LLC,http://jdcconcretecompany.com/,ChIJgViELsRnZIgRifMJpIM2cHA,Clarksville,TN
Elite Coating Concepts,https://www.elitecoatingconcepts.com/,ChIJCxXlE17ZZIgRGyFGEwZsnW4,Clarksville,TN
"Pride Concrete, LLC",,ChIJLSc8qvI5e4gRSstWnenisPk,Clarksville,TN
"Crystal Clear, Inc.",http://www.crystalclearinc.com/,ChIJTfDf4BcNTYgRfUIihOJVW_I,Roanoke,VA
Crosslink Coatings,https://crosslinkcoatingsva.com/,ChIJpw8S674zTYgRI5K1yrj64QQ,Roanoke,VA
Industrial Floor Systems Inc,,ChIJrbqVdLcNTYgRvaL92BgpzaI,Roanoke,VA
"D&D Solutions Inc., Flooring & Hard Surface Restoration",http://dndhsr.com/,ChIJEyH-PFENTYgRybWukUqXLo4,Roanoke,VA
Lee's Hardwood Floors,https://www.leeshardwoodfloorsva.com/,ChIJ4bpX0mcOTYgRqeeIS_E17H0,Roanoke,VA
Designed Concrete Surfaces LLC,http://dcsurfacesva.com/,ChIJ0aQ_6McNTYgRTy2ORoZ6yqY,Roanoke,VA
Southern Concrete Coatings,,ChIJbZ27tDkKTYgRJvQ3aLYNEuE,Roanoke,VA
Oasis Home Improvement LLC,https://oasishomeimprovementllc.com/,ChIJjY-o4TENTYgR55AyoLj4MMk,Roanoke,VA
THE AMAZING CONCRETE LLC,http://theamazingconcrete.com/,ChIJ7ypdP6IPTYgRXZKYmAYCqrE,Roanoke,VA
Concrete Floor Coatings Inc,,ChIJTe736lHRsokRyVsSs4KZXEc,Roanoke,VA
The Concrete Wizard,https://theconcretewizard.com/?utm_campaign=gmb,ChIJoRotZx3PsokR5pC2h1xGnMk,Roanoke,VA
William T Conner Concrete Contractor,https://connerconcreteroanoke.com/,ChIJO7Gk9gz1_oARZRl72n0u_5k,Roanoke,VA
Austin and Sons Surface Protection,https://www.austinandsonssurfaceprotection.com/,ChIJQdqztL5O8iIRhMb6E2QdFsQ,Roanoke,VA
Creative Curbs Inc,http://www.creativecurbsincva.com/,ChIJR6aUyalnTYgRV_5Fft6yrLk,Roanoke,VA
"Martinez Construction of Roanoke, LLC",http://martinezconcreteconstruction.com/,ChIJWZxkzj8OTYgR4wdKZ8FOQRs,Roanoke,VA
Creative Concrete Concepts,,ChIJ-zwVxwHTsokRIDXGXasRmYM,Roanoke,VA
Concrete Casting Inc,,ChIJg-H2M38STYgR3zWqowTlUhI,Roanoke,VA
Epoxy Flooring LLC,http://www.epoxyflooringllc.com/,ChIJ71ohdI-gwYkRZ6ihzvFkbOQ,Trenton,NJ
Jersey Epoxy,https://jerseyepoxy.com/,ChIJgTwGCvYBaywRx_2O2hNcc6s,Trenton,NJ
World Class Epoxy Flooring,https://www.worldclassepoxy.com/,ChIJ__-TJQPwwokRaTrCBdSLaWo,Trenton,NJ
Concrete Refresh - NJ Epoxy Flooring,https://njepoxyflooring.com/?utm_source=google&utm_medium=organic&utm_campaign=gbp_trd,ChIJ5VFFg64OuacRwwFyD7JAaXc,Trenton,NJ
Epoxy Floors NJ,https://epoxyfloorsnj.com/,ChIJN4gL_tG7w4kR__AzYBdXdiQ,Trenton,NJ
Exotic Resin Epoxy,http://www.exoticresinepoxy.com/,ChIJiRF8wB8lwokRaqgjb-OcfJQ,Trenton,NJ
All Jersey Epoxy Floors LLC,http://alljerseyepoxyfloorsllc.com/,ChIJ___bjNEnwokRt3UDTNsZb5k,Trenton,NJ
Grip Tech Floor Coatings,https://griptechflooring.com/,ChIJxzsNaQvVw4kR51LneiOdw6Y,Trenton,NJ
High Performance Systems-Epoxy Floor Contractor,https://www.highperformancesystems.com/,ChIJx_xtTLW4w4kRQRJNHud2yDM,Trenton,NJ
Danz Handz Epoxy Specialist,https://www.danzhandzepoxyflooring.com/,ChIJPdxJsq-zw4kRC9F3gDDrXVs,Trenton,NJ
Advanced Epoxy Coatings,https://www.advancedepoxy.org/,ChIJ80j4Y1S3wIkRZhxaIdBfarg,Trenton,NJ
Sam Job For Epoxy Floor Coating,http://www.samjobllc.com/,ChIJ1_EPow3_wokR9p3oh0qCClU,Trenton,NJ
Diamond Coating Solution,https://diamondcoatingsolution.com/,ChIJtb-1clTuYigRSrxQlKgzLiM,Trenton,NJ
Done right epoxy flooring and concrete repairs,,ChIJO7JdC8o0OkcRfey2NoUE9E4,Trenton,NJ
Epoxy Shine,https://epoxyshine.com/?utm_source=gmb&utm_medium=organic&utm_campaign=local,ChIJ5-kY6GnAJiMRYtEZAL8XqJk,Trenton,NJ
HPS Flooring LLC-Epoxy Floor Installers,https://www.hpsfloors.com/,ChIJWYP-3ok8mW0R1EC9SdltHf4,Trenton,NJ
New Jersey Garage Design,https://njgaragedesign.com/,ChIJr6rYqh3Tw4kRicNz80hrnuE,Trenton,NJ
"East Coast Epoxy Floors, LLC",,ChIJCeWms1L2wokRGbYaptEdi6A,Trenton,NJ
Lifta Epoxy,http://www.liftaepoxy.com/,ChIJS61svItVwokRJQ8m3STw46Y,Trenton,NJ
Epoxy Central,https://epoxycentral.com/,ChIJqwRV8Gatw4kRZY3fu2rAkdo,Trenton,NJ
Fortress Floor Coatings of NJ,http://fortressfloorcoatingsnj.com/,ChIJJ5nLXYbLw4kRuwGG171xAgA,Trenton,NJ
Meticulous Coatings,http://meticulouscoatings.us/,ChIJY4Iz3roYfyMRZ5z_UDX-_Uc,Trenton,NJ
Garage Force of North East New Jersey,https://northeastnj.garageforce.com/,ChIJoe1xSwCpw4kRNO-C0vy93MM,Trenton,NJ
The Epoxy Guy’s LLC,,ChIJZeTOI6czwokRC_TsIID3E5c,Trenton,NJ
Lucho's Improvement Solutions LLC,http://luchosllc.co/,ChIJxW4cKtTYw4kRDBH5nszWpko,Trenton,NJ
Stark Floorings - Polished Concrete Stamp Concrete Epoxy Floors,https://starkfloorings.com/,ChIJbQz7_vJVwokRFkklf5eKR2k,Trenton,NJ
Trinity Concrete Solutions LLC,http://www.trinitybsc.com/,ChIJp70Ct0XLxokRyZqbrtYls2I,Trenton,NJ
Textured Concrete LLC,https://www.texturedconcretellc.com/,ChIJ63Fq6IZIwYkRvS6hliwoe6Q,Trenton,NJ
Global Coatings and Waterproofing,,ChIJM4kJ4et6wYkRliKq3qYcH50,Trenton,NJ
Cornerstone Concrete Coatings,http://www.cornerstoneconcretecoatings.com/,ChIJ4fVX0PXwgyQRV9yiMZyUiM8,Trenton,NJ
New Jersey Decorative Concrete Supply,http://njdecorativeconcretesupply.com/,ChIJucG6mDJNwokRAxrCjG-Omuc,Trenton,NJ
Renu LLC,https://renucretenj.com/?utm_source=google&utm_medium=organic&utm_campaign=gbp-website-link,ChIJN_DIFuJglEIRxwEvC1qmhpY,Trenton,NJ
NJ Foundation Repair & Waterproofing,https://www.foundationrepairwaterproofingnj.com/,ChIJuXCZEsBEaa8Rh0lbh-lv4xk,Trenton,NJ
TopCoat Artistry | Epoxy Flooring & Decorative Concrete,http://www.topcoat-llc.com/,ChIJITCCHYj8wokRViCqy-FY5lY,Trenton,NJ
Rusling Paving and Concrete,http://www.rusling.com/,ChIJz-yo6CtZwYkR39N3bD1mFhM,Trenton,NJ
Pave Patrol LLC,http://www.pavepatrol.com/,ChIJPefB7TtYwYkR163BISlBsSU,Trenton,NJ
GC Concrete LLC,http://gcconcretenj.com/,ChIJTWCozbsAUSIRTaZeWjuACks,Trenton,NJ
Concrete Works NJ LLC,http://www.concreteworksnj.com/,ChIJDfRgJvLLxokRfjDQsUkQy7E,Trenton,NJ
Elevation Sealcoating LLC,https://elevationsealcoating.com/,ChIJm_uj-JpfwYkRP2VSksQprBg,Trenton,NJ
"Creative Concrete, LLC",https://www.creativesurfacesnj.com/,ChIJ4cQgy1V3wYkRdqwU0QVbREk,Trenton,NJ
"Loud Bros Floor Coatings, Pressure Washing & Deck Restoration",https://loudbrospressurewashing.com/,ChIJOTlNEdhFC4gRXKqyESAsPLg,Bloomington,IL
Bloomington Garage Floors,http://www.bloomingtongaragefloors.com/,ChIJn7Y_DLxnbIgR_8YklipEA8I,Bloomington,IL
Next Generation Polished Concrete and Coatings,,ChIJP7JciaBxC4gR5Gvm3swJE6k,Bloomington,IL
"Floor'd Concepts, Inc.",https://floordconceptsil.com/,ChIJIRV9ZtpxC4gRRKF9m8FcC-c,Bloomington,IL
"Overton Renovation Solutions, Inc.",http://overtonrenovations.com/,ChIJb77Nt_FvC4gRdCGGjFg4Rfk,Bloomington,IL
Smart Coatings of Illinois,https://smartcoatingsofillinois.com/,ChIJ07y7mzYPc4gRhAQan6oZAK8,Bloomington,IL
Garage Force of Orland Hills,https://orlandhills.garageforce.com/,ChIJCXDLNkBvDogRzBejCU2twZc,Bloomington,IL
"Andreas Concrete Construction, LLC",http://www.andreasconcreteconstruction.com/,ChIJ5zSL-84EvmERhnKWQCad8Z0,Bloomington,IL
Swanson Concrete,http://www.swansonconcrete.com/,ChIJNYPtu91zC4gRZlvl-lv2O9U,Bloomington,IL
Rescue Concrete LLC,http://www.rescueconcretellc.com/,ChIJqyj9qVFkjq8Rn27padC9n_I,Bloomington,IL
"Reliable Concrete, Inc",http://www.reliable-concrete.com/,ChIJeUBwjWoNC4gRMWmws1PL5ak,Bloomington,IL
Carnahan concrete,http://carnahanconcrete.com/,ChIJr_Co1_oVC4gRVuf_w5Spm54,Bloomington,IL
Repair Experts,https://bloomingtonfoundationrepairexperts.com/,ChIJq6raXDtwC4gRgKtDtY72qsQ,Bloomington,IL
HPL Concrete Restoration,https://hplconcreterestoration.com/,ChIJn58zmWOvdIgR7PKbiOhvGu4,Bloomington,IL
Foundation Recovery Systems Bloomington,https://www.foundationrecoverysystems.com/meet-the-team/bloomington-branch/?utm_source=google&utm_medium=organic&utm_campaign=gmb_frs-dec,ChIJFZAA9mWvdIgR3riaqtyQXBs,Bloomington,IL
Scritchlow Concrete Lifting and Slab Jacking,http://www.scritchlowconcretelifting.com/,ChIJi8CavhBuC4gRaqQ50l2Npsc,Bloomington,IL
Bajan Outdoor Living,http://www.bajanoutdoorliving.com/,ChIJm5HOtwqf-IgRFsJ23No2bXQ,Columbia,SC
Improve My Garage - Midlands,https://www.improvemygarage.com/service-area/columbia,ChIJyeTCToW6-IgRbh4AdzAS9Ro,Columbia,SC
Go Flooring Columbia,https://goflooring.com/flooring-installers-area/sc/columbia/,ChIJz_U1Vs27-IgRcamPOHWyyt4,Columbia,SC
FLOORS,https://scfloors.com/,ChIJIUPqr-Cj-IgRdTJe-Whosd0,Columbia,SC
Artcrete Flooring Concepts,https://artcreteflooring.com/,ChIJsdg8sWo0Tg4RGVATz4_z0-0,Columbia,SC
Gunderson flooring & onyx shower systems,https://gundersonremodeling.com/,ChIJA9jpdNJBqKkRphLWQiKL2N0,Columbia,SC
Planet Flooring Columbia,https://www.planet-flooring.com/,ChIJAYnYfna7-IgRz3hTr-Mb7pY,Columbia,SC
Industrial Safety Coatings,https://iscoatings.com/,ChIJE2KWuhi9-IgR1io4mJ1C8W4,Columbia,SC
Southern Textures & Coating,http://southerntextures.net/,ChIJRRCn5m-R-IgRdCBz4aIeHJc,Columbia,SC
Venture Concrete Columbia,https://www.ventureconcretecola.com/,ChIJ81OKvo-7-IgRKyyZGsHonxA,Columbia,SC
Zachary Daniel Concrete,https://www.zacharydanielconcrete.com/?utm_campaign=gmb,ChIJPT4dYvdN4SERJQrTYihCdFs,Columbia,SC
Blastek Concrete Designs,https://www.blastekconcretedesigns.com/,ChIJNT7eYu12V4gRyivz56h6N6M,Columbia,SC
Columbia Concrete Co,,ChIJwfAq8-af9YgRAFBWSBh25c8,Columbia,SC
Innovative Concrete Solutions,,ChIJtaHcP8qv-IgRvhXaanDJNXc,Columbia,SC
Concrete Restoration-Engraving,,ChIJo6eN_fOx-IgR6Qh3BOaPhwg,Columbia,SC
The Garage Alchemist,https://www.thegaragealchemist.com/,ChIJX2X5h2iBT4YRlWtb4LH4zNg,Waco,TX
RECTIFYD,http://www.rectifyd.com/,ChIJ0ZG9ikaBT4YR3eUVtnIljkU,Waco,TX
Lucky's Concrete Waco,https://luckysconcretewaco.com/?utm_source=google&utm_medium=local&utm_campaign=gbp,ChIJvfvG15uCT4YRBvSVTQSjLEw,Waco,TX
SLA Concrete Works,https://concretewaco.com/,ChIJzygn_NWDT4YRZPo3Wl4I2JI,Waco,TX
Waco Concrete Services,https://www.wacoconcreteservices.com/,ChIJO8mY1bWFT4YRpFQExMEjHgQ,Waco,TX
"Associated Concrete Contractors, Inc.",https://www.associatedconcretecontractors.com/,ChIJrURtg6oKT4YRhYhUskWzPQM,Waco,TX
Resilient Concrete Waco,http://wacotxconcretesolution.com/,ChIJm-mRIteDT4YR28CR5ciV12A,Waco,TX
Gonzalez Concrete Construction,http://www.gonzalezconcreteconstruction.com/,ChIJC_dFDrWDT4YRtEnpZrq0qbo,Waco,TX
Raul's Concrete Services.,,ChIJVVVVVbKDT4YRBej0PhnKa58,Waco,TX
Integrated Concrete Services,https://ic.services/?utm_source=gbp,ChIJEyzYkq-GT4YRNcObFhn7e5I,Waco,TX
Cherry Coatings,https://cherrycoatings.com/,ChIJH4DxlTCHT4YRt_n0UYpeotk,Waco,TX
PRIME ASPHALT & CHIP SEAL PAVING,https://www.texastarandchip.com/,ChIJSwDngDBrToYRsEqHpPLIngI,Waco,TX
TexMex Concrete Construction,http://www.texmexconcrete.com/,ChIJuwnCSpiCT4YRSvu7jYXXXdg,Waco,TX
Division 7 Waterproofing,,ChIJVVUpKX6ET4YRJlhQR-saRpY,Waco,TX
Vallejo Services,http://vallejoservices.org/?utm_source=gmb&utm_medium=referral,ChIJY-E3OjycT4YRVq1HU2tQzkI,Waco,TX
Advanced House Leveling,http://wacotexasfoundationrepair.com/,ChIJz0BZ6N2DT4YR6NKVeyoseoc,Waco,TX
Oldcastle Jewell Concrete,http://www.jewellcp.com/,ChIJoQFWkryGT4YRzNOxcnwsiI8,Waco,TX
Mead Renovation Solutions,http://meadrenovationsolutions.com/,ChIJBQzRB32GT4YRkrQpJpB2AIc,Waco,TX
"McLenco Construction Services, Inc.",http://mclenco.com/,ChIJf93xWmyET4YRRTmv0387XVE,Waco,TX
eSquared Asphalt Maintenance,https://esquaredasphalt.com/,ChIJF4ZIW9N1T4YRs0uO7uz2QXg,Waco,TX
Softroc,https://softrocfranchise.com/new-softroc-location/,ChIJ4wWfB6yGT4YRCARzTfjnMZg,Waco,TX
The One Day Floor - Gainesville,https://theonedayfloor.com/,ChIJZ2X11Bqj6IgR5rSFqR6XvQw,Gainesville,FL
Gator Epoxy and Commercial Floor Services,https://www.gatorcustomepoxy.com/,ChIJMRoBplql6IgR6HEAeCeNuS4,Gainesville,FL
Epic Polished Concrete & Epoxy,,ChIJcZX5TvGl6IgRu9Efzp6KVOc,Gainesville,FL
Wilson's Custom Flooring Inc,http://wilsonscustomflooring.godaddysites.com/,ChIJochKBwel6IgRRqOAh0Au3oE,Gainesville,FL
Fortress Floor Coatings of NWFL,https://www.fortress-flooring.com/,ChIJTXaiMHtKP00RTq3vLw2hi4c,Gainesville,FL
"FORTRESS FLOOR COATINGS, LLC",https://fortressfloorcoatings.com/home,ChIJp8UDUZolw4gRb7y8dMKMcZY,Gainesville,FL
Liquid Floors of Florida,http://liquidfloorsusacfl.com/,ChIJ6TBF3EBz6IgRYs9m0QncFCY,Gainesville,FL
Gorilla Concrete Coatings,https://gorillacoatings.net/,ChIJma_4HHCd5ogRKSEb70QM_TE,Gainesville,FL
Art Designs In Concrete,http://www.artdesignsinconcrete.com/,ChIJ___v2cfA6IgRLsivLkpfNj0,Gainesville,FL
USA Protective Coatings,http://usaprocoatings.com/,ChIJW-WYcWMP5ogRx3Pp2i1oy2Q,Gainesville,FL
Superior Concrete Gainesville,http://www.superiorconcretegainesville.com/,ChIJ13ZXXCKl6IgRir80UpuIeEE,Gainesville,FL
"Advanced Concrete Supply, Inc.",https://advancedconcretesupply.com/,ChIJ-wQlNiM8kYgRqsT0lfAaxdg,Gainesville,FL
Affordable Concrete & Repair,,ChIJI90MHusc5ogRimAeqLqtrAI,Gainesville,FL
Clean Coatings LLC,https://www.cleancoatingsllc.com/,ChIJq6oeIyCl6IgRwzR-Ht22Z3I,Gainesville,FL
"Floors, Doors, & More.",http://fdandmore.com/,ChIJJc1WM9A9FYgRou72VuT5wYg,Muncie,IN
Conway Flooring,https://conwayflooring.com/,ChIJh33KzsEXFYgR_QC7Gd_DbMY,Muncie,IN
CASE Floors of Muncie,https://casediscountflooring.com/muncie-in/,ChIJQ94FJEkXFYgRqRGR_-kH_y0,Muncie,IN
Ed's Carpet & Flooring,http://edscarpetandflooring.net/,ChIJ09EydtciFYgRGzRHWjs6VwM,Muncie,IN
Williams Carpet Shop,https://williamscarpetshopin.com/,ChIJK2IwFO09FYgRD0o57fMqDeY,Muncie,IN
Carpets Plus Color Tile,http://www.carpetspluscolortile.com/,ChIJTdeLThkWFYgRh6pe8aB4Lbg,Muncie,IN
Peterson's Flooring Services Inc,,ChIJ43XYU8k8FYgRm_GlfDbQkTs,Muncie,IN
Heintzelman Hardwood Floors,http://heintzelmanfloors.com/,ChIJd29EGqM9FYgR-kgEwxSG4zA,Muncie,IN
Seamless Flooring Solutions,http://sfsfortwayne.com/,ChIJDbz_QaIJFogRqrfWvr9Waho,Muncie,IN
Gillman Home Center,https://www.doitbest.com/gillman-home-center/,ChIJm7AIsmk9FYgRicJxNT-KMn0,Muncie,IN
Zooks Concrete Surfaces,https://zooksconcretesurfaces.com/,ChIJnwTsGdOjFogRVmu2c5RBIk8,Muncie,IN
The Contracting Company,https://thecontractingco.com/,ChIJTVYTWZcXFYgRG5rVEUTvERc,Muncie,IN
L&L Concrete Muncie,https://l-lconcrete.com/,ChIJ7e7n7JwRHAARzvT5bKQ1tZ8,Muncie,IN
AdPro Construction,http://www.adproconstruction.com/,ChIJ3YnnlOIlFYgRE3cEJZd1JwA,Muncie,IN
Shroyer Solutions LLC,http://www.shroyersolutions.com/,ChIJVxxX3-CCQEgRAVpS2NDj8yA,Muncie,IN
Stout's Building Services,https://stoutsservices.com/,ChIJuyTg1ovXDIgRJr0ui5K1A_k,Champaign,IL
The Coat Goats Concrete Coatings,https://thecoatgoats.com/,ChIJn3XRbT7RDIgRk7HjrkDGZB4,Champaign,IL
Central Illinois Coating Inc,https://centralillinoiscoatings.com/,ChIJqUyiX7uudIgR6WbqA-vIRE0,Champaign,IL
Shawluxe Premier Renovations,http://www.shawluxe.com/,ChIJCYQnG7vPDIgRVe42rU-BGrs,Champaign,IL
Flooring Surfaces Inc.,http://www.flooringsurfacesinc.com/,ChIJRXLsT-zZDIgRElBvyvnPslc,Champaign,IL
Custom Flooring & Interiors,https://www.customflooringinteriors.com/,ChIJV1xVjU3XDIgR6agHqZ_wRVg,Champaign,IL
1 Day Spartan Floors,https://www.1dayspartanfloors.com/,ChIJ1xl-3ThVCYgRG0ICARMPf8c,Champaign,IL
Armor Shield Concrete Coating,https://armorshieldconcretecoatings.com/about-us/,ChIJ__9vPhEYDYgRKAh8SaPQRmk,Champaign,IL
Carpet Weaver's Flooring and Furniture Gallery,http://www.carpetweaversflooring.com/,ChIJ30VZfwbaDIgRt4_EPNJB4p0,Champaign,IL
C-U Midwest Designs,https://www.c-umidwestdesigns.com/,ChIJt6aiuJEfDYgRbEwI44zz5Wo,Champaign,IL
Sadorus Floor Service,,ChIJfxnf7ssyc4gRgnyMSD3P2SQ,Champaign,IL
Panchitos carpet and flooring inc,,ChIJ7Yu0cn7RDIgRPdOrcEKPHHY,Champaign,IL
Tsi Commercial Floor Covering,https://americatopbusi.top/details/tsi-commercial-floor-covering-ChIJV_w,ChIJV_wC387aDIgRFDjCe2QiZbA,Champaign,IL
Midwest Commercial Coatings,http://midwestcommercialcoatings.net/contact,ChIJ__8DqGLXDIgR9rYhOYTAqVA,Champaign,IL
R.P. Lumber,https://www.rplumber.com/,ChIJra3Mt4nQDIgRQxtwpD-18_E,Champaign,IL
Varsity Striping & Construction Co,,ChIJGW0pxojaDIgRIhRUDgn0zpk,Champaign,IL
"Kevin Daniels Painting & Drywall, Inc.",https://www.kevindanielspaintinganddrywall.com/,ChIJRS2iqCrODIgR9sbOrhAuPuU,Champaign,IL
Core Concrete Contractors,https://coreconcreteco.com/,ChIJXza9lPzakWcRiP_02lrMsSM,Champaign,IL
Performance Concrete Coatings,https://www.performanceconcretecoatings.net/,ChIJ5TSMKtNvc4gR1YzWuRQNACw,Champaign,IL
Duce Construction Company,http://duce-construction.com/,ChIJdaYkhlTZDIgREB9y9goz9nY,Champaign,IL
"KONG CRETE, LLC",https://www.kongcretestrong.com/,ChIJkc0Y1XmR1qMR2QE-PlKAktM,Champaign,IL
Kbh Epoxy Coatings LLC,http://www.kbhcustoms.com/,ChIJ-0OVzCGbJIYRDu-lY93QjP0,Lafayette,LA
"Garage Solutions, LLC",https://garagesolutionsla.com/,ChIJjzaN63hiI4YRYTxdZSlpDzU,Lafayette,LA
B.L.A. Floors,https://www.blafloors.com/,ChIJW-V3Mn5jI4YRch_d6rWiImY,Lafayette,LA
Concrete Floors of Lafayette,http://concretefloorsoflafayette.com/,ChIJi7PKltClJIYR4pgINyH2lX4,Lafayette,LA
Southpark Flooring,https://southparkflooring.com/,ChIJV77h2XadJIYRRva3E532PFk,Lafayette,LA
"The Floor Trader - Lafayette, LA",https://www.floortraderlafayette.com/?utm_source=&utm_medium=organic&utm_campaign=gbp-listing&utm_content=Lafayette-showroom,ChIJqeNBsKieJIYRcGnZDTe3p2w,Lafayette,LA
"CTI of Acadiana, LLC",http://www.ctiofacadiana.com/,ChIJkbYo6FiaJIYRHKHrVF_2iUU,Lafayette,LA
New Concept Flooring,http://www.newconceptflooringin.com/,ChIJGScjUdYcE4gR8NWWIPZECg8,Lafayette,LA
Concrete Makeover,https://www.ctilafayette.com/,ChIJpYAW812dJIYREXOVJ3H3iQY,Lafayette,LA
Concrete Revolution LLC,https://www.concreterevolutionllc.com/,ChIJ9fryEaOdJIYRawfhnKw60Ug,Lafayette,LA
The Floor Factory,https://www.floorfactorystore.com/,ChIJJcpUriidJIYRLY1hz5p_zvE,Lafayette,LA
T&T Lafayette Concrete Contractors,https://www.lafayette-concrete.com/,ChIJrXBF8pCdJIYRyMOJ-2fyYzc,Lafayette,LA
New Age Decorative Concrete Inc.,https://newagedecorativeconcrete.com/,ChIJF9ZoDYV4I4YRvEVzNTfHc0s,Lafayette,LA
Hoffpauir Concrete,https://www.hoffpauirconcrete.com/contact-us,ChIJq6pu7pSgJIYRbDbdxuSW6V4,Lafayette,LA
Prime Concrete Contractors,,ChIJe3H17uiaJIYRGGQG1VRVUnE,Lafayette,LA
MC Concrete Works,http://mcconcreteworks.com/,ChIJE8wr-laaJIYRqojQdEJJfi4,Lafayette,LA
Coastal Grit Epoxy Wholesale,http://www.coastalgritepoxywholesale.com/,ChIJFZTEXiOdJIYRnQsxDazbs6Q,Lafayette,LA
Stamped Concrete Lafayette,http://stampedconcretelafayette.com/,ChIJ32zvq-ifJIYRAEYrYx_0H5E,Lafayette,LA
"Love's Asphalt Solutions, LLC",http://www.lovesasphaltsolutions.com/,ChIJjxV4yEOdJIYRdNclXMB87u0,Lafayette,LA
IronCoat Epoxy,https://ironcoatepoxy.com/,ChIJzZq2TMrHvSQRgxs6mtAvdGU,Denton,TX
Surface2Surface North Texas,https://s2snorthtexas.com/,ChIJjbuxA3_LTYYR1z2m-6F6ZsY,Denton,TX
High Rise Epoxy,https://hiriseepoxy.com/,ChIJMSZQMcbLTYYRsn4yFgm1830,Denton,TX
MRK Industrial Solutions,https://mrkindustrialsolutions.com/,ChIJ66iKDHadToYR4_S9tP64vVg,Denton,TX
Spartan Concrete Finishes LLC,http://www.spartanccf.com/,ChIJYSWPaig5TIYRh3Qbzvd09BA,Denton,TX
Cross Timbers Concrete LLC,https://www.crosstimbersconcrete.com/,ChIJJysfALTLTYYRHfSb-xiTfnU,Denton,TX
Denton Concrete Solutions,https://dentonconcretesolutions.com/,ChIJ____aPrLTYYRQbSXz0938qs,Denton,TX
Levelline Concrete - Denton,https://lvllineconcrete.com/service-areas/denton-county-tx/denton/,ChIJ7fNcZi3LTYYRyU0Sh3r_ToI,Denton,TX
Billy's Concrete Denton,https://billysconcretedenton.com/,ChIJ_2hCCdkzTIYRBbw5yafUYbw,Denton,TX
Petra Coatings LLC,http://www.petracoatings.com/,ChIJMSKiLbqAUoYRT5-r067v6m4,Denton,TX
Lionscrete Denton Concrete,https://lionscretedenton.com/,ChIJQcAEodO1TYYRrfqL9TPLQEM,Denton,TX
1 Day Coatings,https://1daycoatings.net/,ChIJ2-0pbw3nTYYRwm_9CUiZMT4,Denton,TX
Denton Concrete Co.,https://www.dentonconcreteco.com/,ChIJH5CMgSO1TYYR2J-ho5iSF9Q,Denton,TX
Brush Brothers Coatings,https://brushbrotherscoatings.com/,ChIJR5iKsqMPU4cR6C4Ct9z92i4,Ogden,UT
Rizen Coatings,https://www.loganfloorcoatings.com/,ChIJLQqOwgx9VIcRWiUX2MVEEOw,Ogden,UT
Rocky Mountain Epoxy,https://rockymountainepoxy.com/,ChIJg1ykAtljVIcRvrtDpN8zbfs,Ogden,UT
Floors and More Utah,https://www.floorsandmoreut.com/?utm_source=google&utm_medium=wix_google_business_profile&utm_campaign=4810686864292087161,ChIJbwamp9QMU4cRZVv_HGnCdxQ,Ogden,UT
"Weber Paint, Glass & Flooring",,ChIJWQ1gaBMPU4cRZNGooyTOS58,Ogden,UT
Brush Brothers Painting,https://www.brushbrotherspaint.com/,ChIJsxrjt6YOU4cR7dSXA6IpjTg,Ogden,UT
Wall 2 Wall Flooring,http://www.wall2wallflooring.com/,ChIJbZeWaxMPU4cRFkjeK45ofNA,Ogden,UT
Vista Concrete Construction,https://www.vistacrete.net/,ChIJ7W1Zqkj1wIcRhSHVHlbf6_0,Ogden,UT
MDRN Concrete Specialties,http://mdrnconcrete.com/,ChIJgWK8YY58HysRX06gu6dTcYk,Ogden,UT
Mountainview Concrete LLC,https://mountainviewconcretellc.net/,ChIJeSVJxD0PU4cR5pNDC97aDqY,Ogden,UT
Intermountain Concrete Specialties,https://www.ics50.com/locations/ogden-utah/?utm_source=google&utm_medium=organic&utm_campaign=gmb,ChIJhRLq0lYOU4cREAV5buPgO-Y,Ogden,UT
812 Concrete Coatings,https://www.812garagefloors.com/,ChIJ72uLDPAnbogRV8pqGGaeg0E,Evansville,IN
Egli Coating Solutions,,ChIJ6R517bXVcYgR3Hi1To_cg6M,Evansville,IN
Everlasting Floors and Solutions,http://everlastingfloorsandsolutions.com/,ChIJFbrwSH3VcYgRoUhDzZWbD3A,Evansville,IN
Prime Concrete Coatings,https://www.primeconcretecoatings.co/,ChIJNbOdYabVcYgR_TvTVEk_654,Evansville,IN
Greer's Flooring America and Kiba Studios,https://www.greersflooringamericaevansville.com/?utm_source=&utm_medium=organic&utm_campaign=gbp-listing&utm_content=Evansville-showroom,ChIJQ1HBh7QqbogRsDspkySZ9w4,Evansville,IN
Floor It 41,https://www.floorit41.com/,ChIJi8eOOcnZcYgRklLIOLnHNZU,Evansville,IN
REITER'S FLOORING,https://free-4388591.webador.com/,ChIJfX1K1VyxESMRVfzFZl_frP4,Evansville,IN
Mr. Sandless Floor Refinishing Evansville,https://www.mrsandless.com/evansville-wood-floor-refinishing.php?utm_source=Google&utm_medium=Organic&utm_campaign=LocalSEO,ChIJicWo-xMrbogRhQFnB1Zr1vo,Evansville,IN
Paint & Carpet Depot,http://www.paintandcarpetdepot.com/,ChIJGTZELBLVcYgR025Nt6qcEHY,Evansville,IN
Purpose Driven Painting LLC,https://icanpaintthat.com/,ChIJl9iZEnw3JwwRu-gn3UYKmiY,Evansville,IN
Rasure Floor Covering Inc,,ChIJzwuHfZkrbogR_ZYxRONZ1t8,Evansville,IN
White River Epoxy,https://whiteriverepoxy.com/,ChIJL6VUDUppHAERozQZO-EJVIA,Evansville,IN
Evansville Tile Distributors,https://www.evansvilletiledistributors.com/,ChIJfbvKcQkrbogRMoxaElX-Gfs,Evansville,IN
Haubstadt Paint & Flooring,http://haubstadtfloors.com/,ChIJ44WcnNHYcYgRYp679Cq1VZQ,Evansville,IN
Affordable Concrete Solutions,https://welevelyourconcrete.com/,ChIJL98xa_crbogRr7I1J-Kebyk,Evansville,IN
Action Coatings LLC,https://www.actioncoatings.pro/,ChIJfcNO9FUxbogRDIzYDQ74OMs,Evansville,IN
Commonwealth Concrete Coatings LLC,http://www.owensborofloorcoatings.com/contact-us.html,ChIJAQD8rRe6b4gRJdyo2_PMq4U,Evansville,IN
Phoenix Epoxy LLC,http://phoenixepoxyllc.com/,ChIJ5Q-5YxjJBUIRNNFfpPTEL10,Abilene,TX
Diamondback Concrete Coatings,,ChIJXYhcB1uPVoYRfUnYjlkH2Ts,Abilene,TX
DesignCo - Abilene,http://designco.co/,ChIJV5a-5eWNVoYRzlK1y3BCcIU,Abilene,TX
Menke's Carpet Warehouse,https://www.menke-floorscapes.com/?utm_campaign=gmb,ChIJfRKBG86NVoYRiMRExH4a1Co,Abilene,TX
"Master Blaster Concrete Solutions, LLC",https://mbcsllc.org/,ChIJ-YyC5eKNVoYR-7agIyxZyMs,Abilene,TX
CreteScapes,https://crete-scapes.com/,ChIJo2LBbPiNVoYRNbdQ3svD65o,Abilene,TX
Abilene Concrete Pros,https://www.concreteabilenetxpros.com/,ChIJzdWpTd6NVoYRgQEvcOUIwRU,Abilene,TX
"AM Construction & Foundation Repair, LLC",,ChIJc-VudpwpVIYRsajyAvchfTw,Abilene,TX
Abilene Concrete Contractor,https://www.concretecontractorabilenetexas.com/,ChIJP7DwzfmNVoYRBZZkyP7MOTA,Abilene,TX
Accent Coatings Inc,http://www.accentcoatingsinc.com/,ChIJ9-CsX2GOVoYRivAcq7W4CPk,Abilene,TX
J V Construction Inc,,ChIJwdxzAbmNVoYRsUF0yV2G7Ds,Abilene,TX
Concrete Customz LLC,,ChIJa2aGLA2PVoYRZOhpQjL_5lw,Abilene,TX
Friendly Frontier Concrete Co,http://abileneconcretecompany.com/,ChIJa60AKLKNVoYRbb7OTQ_Kxlw,Abilene,TX
5 Star Coatings,http://5starcoating.com/,ChIJ7RczmJSOVoYRv-GVo-HPXdU,Abilene,TX
Torres Construction Company,http://www.torresconstructioncompany.com/,ChIJEWhniNyPVoYRanvRkErEMtw,Abilene,TX
Beau & Co. Flooring,https://www.beaucoflooring.com/,ChIJqdo376pst6ARCXVmW2PDVqk,Athens-Clarke County,GA
Oconee Coatings,,ChIJy-4EDLCyN6ERYJf5OIv7wRE,Athens-Clarke County,GA
BCI Painting,http://www.wereyourpainters.com/?utm_campaign=gmb,ChIJKXzbGDR39ogR9HmLcJu-qCE,Athens-Clarke County,GA
Superior Concrete Athens,http://www.superiorconcreteathens.com/,ChIJ51nFiBl19ogREziTHBhXE7E,Athens-Clarke County,GA
AA Concrete Athens,https://www.aaconcreteathensga.com/,ChIJN4HQTwMRVqQR52KrTBVqL6A,Athens-Clarke County,GA
Jacobs & Son Concrete Contractors,http://jacobsandsonconcrete.com/,ChIJE61ekT4U9ogRXd7mYBhAmsk,Athens-Clarke County,GA
Kingdom Concrete Athens,https://www.athensconcrete.com/,ChIJO232lD5t9ogRwWkygpN6uDE,Athens-Clarke County,GA
Griffin Hudgins Concrete Co,http://foundationrepairathens.com/,ChIJd1nJJIVt9ogRnM7hwnT9Pn4,Athens-Clarke County,GA
LMR Services and Concrete,http://www.lmrconcreteathens.com/,ChIJQWMKdLYL9ogRA_f5PMuBSSI,Athens-Clarke County,GA
"Green's Concrete Finishing, LLC",http://www.greensconcretefinishing.com/,ChIJxZStdq4Z9ogRTL2IDZMXpAU,Athens-Clarke County,GA
Georgia Peach Concrete,https://www.gapeachconcrete.com/,ChIJZeUFGeQx3k8RVDAnzF9hHrw,Athens-Clarke County,GA
Concrete Contractors Athens GA,http://concretecontractorsathens.com/,ChIJJQU7Uzxt9ogRz8oQUK5W3Hg,Athens-Clarke County,GA
Bulldog Concrete Contractors Athens,,ChIJQeIMs0Vt9ogRkhhljxA523Y,Athens-Clarke County,GA
Modern Concrete,http://www.modernconcretega.com/,ChIJrcxSyz1C9ogRaGJIjOPHbFs,Athens-Clarke County,GA
Raz-Barry Construction | Epoxy Floor,https://razbarryconstruction.com/,ChIJRUFcY7v5uYcRNGjKDBno7ZE,Daytona Beach,FL
"Epoxy Daytona, Div of A Classic Touch Painting",http://epoxydaytona.com/,ChIJcb5LWwPY5ogRjV2fizdn4cg,Daytona Beach,FL
PolyCoat Solutions,https://www.polycoatsolutions.com/,ChIJ11n6SB3_pKQR1AmwzTSoVEs,Daytona Beach,FL
R/C Glamorous Epoxy Coatings,,ChIJ82RDtaWV5ogRwHbPV1Wkpv8,Daytona Beach,FL
East Coast Concrete Technology Inc,http://www.ctieastcoast.com/,ChIJBe7Tzx7Y5ogRFiCZ6eWYSbg,Daytona Beach,FL
Majestic concrete solutions,,ChIJ7Saty_7Z5ogRBV6jEL-iLtw,Daytona Beach,FL
Aim High Concrete Solutions,https://daytonabeachflconcrete.com/contact-us/,ChIJv04qXH_Z5ogREoIxDQozJ94,Daytona Beach,FL
"R&J Coatings and Waterproofing, Inc.",https://www.rjcoatings.com/about-us/index,ChIJAd_cjMvb5ogR9jRJdQ06ZOE,Daytona Beach,FL
Daytona Beach Concrete Pros,https://www.daytonabeachconcretecontractors.com/,ChIJk4URmNfZ5ogRbS8jgqLiyhU,Daytona Beach,FL
PFL Concrete Co.,https://portorangeconcretecontractor.com/,ChIJBet7rEHZ5ogRCbWPBKrjUPg,Daytona Beach,FL
Volunteer Floor Coatings,http://www.volunteerfloorcoatings.com/,ChIJZWEohGqMWogReuclVkes1Jc,Johnson City,TN
Flooring Simplicity,https://flooringsimplicity.com/?utm_source=gmb&utm_medium=organic,ChIJC0IUX4GJWogR5gC3FScncOc,Johnson City,TN
WeShipFloors,https://weshipfloors.com/,ChIJ1UBbwE5iWogRCHb6p5RROVc,Johnson City,TN
"ES Dockery: Commercial Interior Finishing Company Johnson City, TN",http://esdockery.com/,ChIJm5NwRSuIWogR3Y6B7DVffLo,Johnson City,TN
Let Your Floor Shine,http://letyourfloorshine.com/,ChIJOeZK9kljWogRtaKga1DGdW4,Johnson City,TN
Francis Wood Flooring,https://www.franciswoodflooring.com/,ChIJXZnqGwCJWogROfTPcgXFRH4,Johnson City,TN
3B Epoxy Solutions,,ChIJV9ck1bqbPkoRSq4Rijvc9fQ,Johnson City,TN
Roman's Flooring,http://www.romansflooring.freehostingx.com/,ChIJvxg06ah8WogRn0_3nqpeAxI,Johnson City,TN
World Concrete LLC,http://www.world-concrete.com/,ChIJSxQ7dRWJWogRhTqIbmth40w,Johnson City,TN
Ortiz Construction and Landscaping,http://ortizbuild.com/,ChIJUxmcBgl9WogRanTvcI0t8y0,Johnson City,TN
Phillip’s Concrete Construction,http://phillipsconcreteconstruction.yolasite.com/,ChIJh28IBxxiWogRnpXEn4zq55U,Johnson City,TN
Elite Concrete Solutions,,ChIJJwJZT2N-WogRYs1oWmPRaYg,Johnson City,TN
Ryans Concrete Service,http://ryansconcreteservice.com/,ChIJQRQGxO5jWogRObWY8vp5Lxw,Johnson City,TN
Marquez Construction LLC,https://marquezconstructionllc.us/,ChIJL0BPY8d9WogR00Q38cKGvr0,Johnson City,TN
Top Notch Raising Concrete Lifting,https://topnotchraising.com/,ChIJx08YR0uBWogRsPZKCQFYAos,Johnson City,TN
Appalachian Decorative Concrete,,ChIJi4Pp1yGAWogRyjkBLp8UBVc,Johnson City,TN
Concrete Polishing & Restoration,https://cprconcrete.com/,ChIJgV4r4H1OXIgRbkW3CHiEZB4,Johnson City,TN
LEVEL X FLOORING,https://www.levelxflooring.com/?utm_source=gbp&utm_medium=clicks&utm_campaign=local,ChIJG1wrrD2fno0R2SI0bJ3YN5g,Palm Coast,FL
"S&D Construction and Maintenance, Inc.",http://www.paverstravertineandmore.com/,ChIJgdJnAXaW5ogRCRnIsZyNyX0,Palm Coast,FL
Asphalt & Concrete Coatings,,ChIJ7Rms8Zsr5IgRQXVqBEfY2zs,Palm Coast,FL
Richter Industries LLC,https://richtercoatings.com/,ChIJgdxA3vqXXIYRCCi-Ds73Z_s,New Braunfels,TX
Toptek Concrete Coatings,http://toptekcoatings.com/,ChIJMTvaE-AAC0kR0W8s7Nm1Lsc,New Braunfels,TX
"Granzin's Clean Coatings, LLC",http://granzinscleancoatings.com/,ChIJ7Tdbi_C_XIYRkfgUrSixhqE,New Braunfels,TX
CONTEX COATINGS,http://www.contexcoatings.net/,ChIJVVXpyOSXXIYRBd1nI1qDj7E,New Braunfels,TX
New Braunfels concrete stamping and staining,http://concretestampingstainingtx.com/,ChIJcVDu7sm9XIYREiktk28G2SQ,New Braunfels,TX
Texas Concrete Overlay Solutions,http://www.texasconcreteoverlaysolutions.com/,ChIJ-StsOu-pXIYRLW6Uybv0qEs,New Braunfels,TX
Simiron,http://shop.simiron.com/,ChIJ4WERMvmjXIYRT5QHPOgtDPI,New Braunfels,TX
Texcrete Designs,http://www.texcretedesigns.com/,ChIJE8_NCGy9XIYRVXdZ6eAog98,New Braunfels,TX
UltraClear Epoxy,https://www.bestbartopepoxy.com/,ChIJ_2rw3rp_ZIgRDPtTYPCTwSE,Murfreesboro,TN
Alpha Concrete Resurfacing,,ChIJ9Zz0oKD5Y4gR91hcntARpZQ,Murfreesboro,TN
"Faith and Grace Flooring, LLC",https://www.faithandgraceflooring.com/,ChIJ0zry01nhhwYRQQaMwTDMZuo,Murfreesboro,TN
Polyguard of Tennessee,https://www.polyguardgarage.com/nashville-tn,ChIJGW_xK-j5Y4gRDfOdwfvsUAA,Murfreesboro,TN
McPherson Flooring,https://www.mcphersonflooring.net/?utm_source=gmb&utm_medium=referral,ChIJVyRjhtr1Y4gRJyj-Z2hiM2A,Murfreesboro,TN
QuestMark,https://www.questmarkflooring.com/tennessee/nashville,ChIJ82YZqjeEZIgR9whbNKHaA7I,Murfreesboro,TN
Vinny e Wes Flooring,,ChIJW5rigattZIgRGlyAWcmErPE,Murfreesboro,TN
Legacy Flooring Co.,https://www.legacyflooringco.com/,ChIJKx6Nl3r5Y4gREdn_rx2mLGk,Murfreesboro,TN
Elite Grout,https://elitegrout.com/,ChIJo5APX2yV9oIRt2DutAreEOc,Murfreesboro,TN
G&G Flooring LLC,,ChIJj30Z1CP3Y4gRDLdbIbl16WI,Murfreesboro,TN
Blessings Hardwood Flooring,https://blessingshardwoodflooring.com/?utm_source=cumulus&utm_medium=onlinepresence&utm_campaign=gbp,ChIJj-JiaWQHZIgRNWrGGnlsuCQ,Murfreesboro,TN
"Innovation Flooring, Inc.",https://www.innovationflooringinc.com/,ChIJb1zL0gv5Y4gRih364lTbcv8,Murfreesboro,TN
Sanderson Flooring,,ChIJQz7RhZAHZIgRIS8Ch6N3HK0,Murfreesboro,TN
XTREME Coatings & Restoration,http://xtremecoatingstn.com/,ChIJvZ836WT5Y4gRxXYXX7QR8Fs,Murfreesboro,TN
Elite Concrete,https://www.eliteconcretetn.net/,ChIJpxBZYqwJZIgRQsgIPKhocvc,Murfreesboro,TN
Titan Concrete Company,http://titanconcretecompany.com/?utm_source=Organic%20Search&utm_medium=GBP&utm_campaign=GBP,ChIJA6yDbewFZIgRysHgYx80FTI,Murfreesboro,TN
Premier Concrete Scapes,https://premierconcretescapes.com/,ChIJs08V5GkzTiARWbXefVR8qpc,Murfreesboro,TN
Atlas Concrete Resurfacing Inc.,https://www.atlasconcreteresurfacing.com/,ChIJo06gkLwJZIgRl9okZC-n1hs,Murfreesboro,TN
Century Concrete Design LLC,http://centuryconcretedesign.com/,ChIJX7wDf0X5Y4gRlcKAxfI6P6c,Murfreesboro,TN
Affordable Concrete Driveways,https://www.affordableconcretedrivewaystn.com/,ChIJlRPZzAgNZIgRNId8M2biD6M,Murfreesboro,TN
Advanced Concrete Systems llc,https://advancedconcretesystems.com/,ChIJRf-U02kNZIgRVM7UqKIJZiU,Murfreesboro,TN
Primal Coatings,https://primalcoatingsmi.com/,ChIJL3VCroiMngQR-BI3j_zR4fk,Ann Arbor,MI
DS Epoxy Floors,https://dsepoxyfloors.com/,ChIJ0_Sjw4_DEmIRxw1wXd-gAF4,Ann Arbor,MI
SaniCrete,http://www.sanicrete.com/,ChIJLTefIsVNI4gRKVWygSbncNg,Ann Arbor,MI
Ann Arbor Carpets Flooring America,https://www.annarbor-flooringamerica.com/?utm_source=google&utm_medium=organic&utm_campaign=gbp-listing&utm_content=Ann%20Arbor-showroom,ChIJSQkYzJKvPIgRI7WRujkKudg,Ann Arbor,MI
Build Green Today Ann Arbor,https://buildgreentoday.com/,ChIJx1zzawSvPIgRDpMezZCo9aU,Ann Arbor,MI
Square and Compass Flooring,https://www.squareandcompassflooring.com/,ChIJI1Hc1WdZO4gRjY2c-nIAMD0,Ann Arbor,MI
Shiny Garage Floors,http://shinygaragefloors.com/,ChIJo7V5ONynPIgRTP6XEVfmZIg,Ann Arbor,MI
Supreme Creations Floor Coatings,https://scfloorcoatings.com/,ChIJxXeWz21HO4gR6kBi6UCOVnk,Ann Arbor,MI
"Quality Interior Coatings, LLC",http://www.qic.services/,ChIJH2af1xAMRy8RT6cBc2-Pvug,Ann Arbor,MI
Shiny Concrete Floors,http://shinyconcretefloors.com/,ChIJq6rO9vCmPIgR6zQCe20xt3Q,Ann Arbor,MI
KIK Concrete Solutions,http://www.kikconcretesolutions.com/,ChIJYbgZMU_b5WERP4FHHGJatiM,Ann Arbor,MI
Concrete Floor Treatment and Polishing,http://www.concretefloortreatment.com/,ChIJ7_7TiINSO4gRVtKTxwSQMiI,Ann Arbor,MI
A-1 Concrete Leveling & Foundation Repair Southeast Michigan,http://www.a1concretelevelingsoutheastmichigan.com/,ChIJ1--zPcpZO4gR1SWLpuNN_os,Ann Arbor,MI
Viper Concrete Coatings and Polishing,,ChIJqU4awOy9JIgRZKOBe4p3b18,Ann Arbor,MI
Underfoot Concrete Solutions,https://www.underfootcs.com/,ChIJi2IxWkc5dYgRdX4rEDUj_Gs,Springfield,IL
Concrete Art LLC,http://www.concreteartllc.com/,ChIJo0kWc5Y4dYgR3z_bLOkB_Fo,Springfield,IL
DC Flooring Concepts,https://www.dcflooringconcepts.com/,ChIJTa8zNRU5dYgRkwZ1PKj6pVA,Springfield,IL
Springfield Flooring Contractors,https://springfieldflooringsolution.com/,ChIJby4Y4T1HdYgRY_S2pObNJTg,Springfield,IL
Flooring America Springfield,https://www.flooringamericaspringfieldil.com/?utm_source=google&utm_medium=organic&utm_campaign=gbp-listing&utm_content=Springfield-showroom,ChIJV611jVZHdYgR_--xqvyOAfw,Springfield,IL
Flooring of Springfield Inc.,https://www.flooringofspringfieldinc.com/,ChIJbVGJJZ04dYgR5KzUfS-mB54,Springfield,IL
Concrete Contractors Springfield IL,https://concretecontractorsspringfield-il.com/,ChIJmTkuFboaEaIRSVsmBdPpYUo,Springfield,IL
Deep Roots Concrete,http://deeprootsconcrete.com/,ChIJnTnCCqCV3m4REqbe9Y5rUQ0,Springfield,IL
Caveman Concrete,https://caveman-concrete.com/,ChIJ_4wGtHrbT0YRmS8pC2nXzz8,Springfield,IL
Central Illinois Concrete,https://www.centralillinoisconcrete.com/,ChIJFcVhubBLdYgRHhNrxzgk_V4,Springfield,IL
Hunt Concrete,http://www.hunt-concrete.com/,ChIJaUvwko43dYgRLn6JrkwBFxw,Springfield,IL
Flawless Finish Painting and Coatings,,ChIJX_m_uKExdYgR0vQnV6hLXh4,Springfield,IL
Rock Hard Coatings,http://www.rockhardcoatingsne.com/,ChIJhd4a1qXbxIkR6FvQo1246mQ,Scranton,PA
Hippo Seal - Crack Filling | Driveway Repair | Cement Coating | Pot Hole Repair | Asphalt Paving in Dalton,https://www.hipposeal.com/,ChIJ69DdCDMpxYkRoD-ogWxYmWs,Scranton,PA
Flor-Tec Inc,http://www.flor-tec.com/,ChIJb98IJGkfxYkR4opTI2J_2aU,Scranton,PA
C&C Masonry and Concrete,http://www.ccmasonryandconcrete.com/,ChIJLQeeHsPZxIkRdSieb_V6XqU,Scranton,PA
Kavulich Construction,,ChIJmaFFYxogxYkRnD9m5GQNKXE,Scranton,PA
Dixon Sealer & Supply,http://www.dixonsealer.com/,ChIJKXc7RbjYxIkRnAYDAGcDHIc,Scranton,PA
Concrete Texturing Tool & Supply,http://www.concrete-texturing.com/,ChIJrT6igs3bxIkRPAgpIZq-vUg,Scranton,PA
A to Z Coatings Roofing & Insulation,https://www.atozcoatings.com/,ChIJTaIHqY24P44RJ-VpbABGttY,Scranton,PA
Chiavacci Construction,,ChIJ9errUCffxIkR1fYOyw4g-ok,Scranton,PA
Rea Brothers Construction LLC,http://rea-brothers.com/,ChIJi2-BPHaAjmYRxTTGCooubfk,Scranton,PA
Concrete Countertop Solutions,https://www.concretecountertopsolutions.com/,ChIJV1I_AgbYxIkR_aWPCBO_HgQ,Scranton,PA
ER Coatings Custom & Industrial Powder Coating. Wheel Refinishing Media Blasting,http://er-coatings.com/,ChIJRep2eLLlxIkRHCmdkr_ufy8,Scranton,PA
Scranton Craftsmen Inc,http://www.scrantoncraftsmen.com/,ChIJJ2PDIizaxIkRUxfk6zOqATk,Scranton,PA
SPR Waterproofing LLC,http://sprwaterproofing.com/,ChIJQa9geOXYxIkRI0ks1ftCtXI,Scranton,PA
Guardzilla Coatings,https://www.guardzillacoatings.com/,ChIJZV_jFt3bxIkRAVRAKDvs4aI,Scranton,PA
M.C. Gerard Inc.,http://www.mcgerard.com/,ChIJs2EB-sTYxIkRNR9AbeQwBW8,Scranton,PA
Gme new construction llc,http://www.gmenewconstructionllc.com/,ChIJWWf4PAXZxIkRgxXIi2Jm_lw,Scranton,PA
5 Sons Construction Inc.,http://www.5sonsconstruct.com/,ChIJ25ZnfStw0SkR94WUTDCPwMM,Scranton,PA
Superior Sealcoating & Paving By Pohoda LLC,http://www.superiornepa.com/,ChIJnaJNArkfxYkR9vBVhAgfAl0,Scranton,PA
"Keystone Concrete Block & Supply Co., Inc.",http://www.keystone-block.com/,ChIJ69CE0iTZxIkRuQQd_8oqOPE,Scranton,PA
Think Good Construction,http://thinkgoodconstruction.com/,ChIJj9UDZoPZxIkRHtflXkxvrlw,Scranton,PA
Peoria Drywall and Painting,http://peoriadrywallandpainting.com/,ChIJGSku0TZaCogRB3SaHreVIqQ,Peoria,IL
Millworks,http://www.mymillworks.com/,ChIJTW50q2dbCogRNUIZXIO22cE,Peoria,IL
Peoria Concrete Solutions,https://concretepeoriail.com/,ChIJVVXB0WRZCogRu5dwsJTEr6U,Peoria,IL
Gulfport Epoxy,https://gulfportepoxy.com/,ChIJU5oyFSQ9nIgRK16AmRjARl4,Gulfport,MS
The Floor Trader of Gulfport,https://www.floortradergulfport.com/,ChIJGXc4niQ-nIgRJ3IosTGLrCU,Gulfport,MS
"Cozy Comfort Floors, LLC",https://www.cozycomfortfloors.com/,ChIJyzOr-f8XnIgRzHW8pij-yJM,Gulfport,MS
Baudier's Flooring LLC,http://www.baudiersflooring.com/,ChIJt4DgmdUXnIgRKO-q2VeGgio,Gulfport,MS
Quality Flooring Supply,https://qualityflooringsupply.com/,ChIJY6NyjcwXnIgR832LphgQZRA,Gulfport,MS
FC Design Center,http://www.fcdesigncenter.com/,ChIJLeXtn-sXnIgRqPEb2I2LUBY,Gulfport,MS
Tops to Floors,https://topstofloorsms.com/?utm_source=omg-gbp&utm_medium=webclick,ChIJr6jrq-g_nIgRXhFPSwcDOjA,Gulfport,MS
Surface Solutions,http://www.surfacesolution.org/,ChIJQZY-pzIRnIgR8cQ3lDz4vug,Gulfport,MS
HRC Marine Flooring LLC,http://www.hrcmarine.com/,ChIJW_U5AR07nIgRvqhYTYcayKs,Gulfport,MS
Touch,,ChIJvXh2uIPJnIgRd8Fb6989mEw,Gulfport,MS
Coast Pro Wash & Coatings,http://www.coastprocoatings.com/,ChIJH6uw9AwNnIgRHHhl3NGNcfw,Gulfport,MS
Colossus Coatings,http://www.colossuscoatings.com/,ChIJbXttjuXFkIgRPy6cVUg1AyY,Gulfport,MS
"All-Day Construction, LLC",http://www.alldayconstructionllc.com/,ChIJJbIpSukVnIgRmL2kLND0yNw,Gulfport,MS
Unique Concrete Finishing,,ChIJt9O5x2sVnIgRtddx-JmR6tg,Gulfport,MS
"Nations Best Concrete Coatings, Inc.",,ChIJVVVVuIggnYgRpe3yThz3ROw,Gulfport,MS
Coast Concrete,,ChIJMYbSEwsWnIgRglH4oD8dq1I,Gulfport,MS
"American Ready Mix, LLC.",,ChIJ6z91TSIVnIgRHBZMi5FkuXo,Gulfport,MS
Specialty Contractors & Associates,https://www.specon.biz/,ChIJ0SL3PhIUnIgRzzxFVwg7ZRI,Gulfport,MS
Epoxy Store and More North Port,https://epoxystoreandmorenp.com/,ChIJZ0OPYj-t3IgRDJfSqBxPQwY,North Port,FL
Surface Florida,http://www.surfaceflorida.net/,ChIJATP3YFE7o0QRrmCaRFliSCE,North Port,FL
Black Pearl Epoxy Coating,https://www.blackpearlepoxy.com/,ChIJOdu5DjGrxIgRrUbhCD9AprI,North Port,FL
Kingdom Coatings,http://kingdom-coatingsfl.com/,ChIJgb-TzX6r3IgRa8M1r5caTMQ,North Port,FL
"Venice Epoxy Flooring, Polished, Decorative Concrete Pool Deck & Patio Coatings",https://www.northportepoxyflooringconcretecoatings.com/venice,ChIJ4SdJd9pRw4gRqCsx3vGnSKw,North Port,FL
Gulf Coast Garage Floors Inc,http://gulfcoastgaragefloors.com/,ChIJKXgzPbs5w4gRuO4AhJ4B4v0,North Port,FL
Epoxy Creations LLC,https://www.epoxycreations.net/,ChIJPQATCWcxHUERNhUqVV0ObBU,North Port,FL
Strictly coatings and screens,http://strictlycoatings.com/,ChIJjxka5b1bw4gRPBFI9jnzhVM,North Port,FL
Total Garage USA,http://totalgarageusa.com/,ChIJ93CEArpaw4gRUSjiT4L03CU,North Port,FL
All Florida Flooring,https://www.allfloridaflooring.com/index.php/contacts/,ChIJoUoRzrCr3IgRm1EsZ9qiNjc,North Port,FL
Cole Epoxy Coatings,https://coleepoxy.com/,ChIJJ-6jjCNTw4gRlNAFhd89kAU,North Port,FL
Garage Armour,http://garagearmourfl.com/,ChIJ_3sAP22p3IgRd6EZCMyGEKc,North Port,FL
"Garage King, Inc",https://garagekinginc.com/,ChIJseUjTl-s3IgRvD7UsX84gVk,North Port,FL
Farmers Floor Coatings,https://memphiscoatingsfl.com/,ChIJK-EWMiNBw4gRe9fFY14zeag,North Port,FL
Shark Coast Interior Concepts,https://www.sharkcoastinteriorconcepts.com/,ChIJR2XP95tZw4gRlvDMVRPwLHU,North Port,FL
Gulfside Surfaces,https://gulfsidesurfaces.com/,ChIJy5SDSYyaRA0R0WH5EEP4Oqc,North Port,FL
Tecs Enterprises LLC,https://www.tecsenterprises.com/,ChIJT6UyzQY_7AURcEJQe2sSfJE,North Port,FL
North Port Concrete,https://northportconcrete.co/,ChIJW0Riv8Gt3IgRxQe4ByZFs_o,North Port,FL
Sunshine Concrete Coatings,https://www.sunshineconcretecoatings.com/?utm_source=google&utm_medium=wix_google_business_profile&utm_campaign=9526997239581262268,ChIJ32LUJu2QIo4RIk8aX-p386I,North Port,FL
Cement Scapes LLC,https://www.cementscapesinc.com/,ChIJoSXxdYKr3IgRtwZpAJ4Ah6w,North Port,FL
Professional Concrete Coating,,ChIJ60DWG9hXw4gRws71Sn7KAds,North Port,FL
Legacy Concrete Restoration and Coatings LLC,https://www.epoxycraftsurfaces.com/,ChIJN6cdsl2BWQ4RRke3has8KIc,North Port,FL
Four Dogs Epoxy Flooring,https://fourdogsepoxyflooring.com/,ChIJS1Z5oXLZDIIRMXeC3lh0PRI,Wilmington,NC
Expert Epoxy Solutions of NC,https://expertepoxync.com/,ChIJ__9jKAP4qYkROLyj6OjOkz4,Wilmington,NC
Blazer Coatings NC,https://www.blazercoatingsnc.com/,ChIJ5UyNXCWQ7k0RC1MKw305rIE,Wilmington,NC
Carolina Epoxy and Design,https://carolinaepoxyanddesign.com/,ChIJwfh4VvLTVkIRJgf2WFwGYLc,Wilmington,NC
Masterclass Epoxy Floors and Training Inc,https://masterclassepoxyfloors.com/,ChIJ-2DpbMS6d6YRPAAKqP1QpHo,Wilmington,NC
Gleiter and Sons Epoxy Inc,http://gleiterandsonsepoxy.com/?utm_source=gmb&utm_medium=referral,ChIJdbnF_yuRqYkRro7a69E1HfM,Wilmington,NC
Carolina Custom Coatings,,ChIJ3yFGmSb1qYkR5aNPsfHbouE,Wilmington,NC
The Flooring Edit,http://www.theflooringedit.com/,ChIJ1zLLa0uzC2URYN35aLoTMnw,Wilmington,NC
Seaside Flooring,http://seasideflooringnc.com/,ChIJ69ShE8n0qYkRbyOXr5VyGFQ,Wilmington,NC
Progressive Concrete,http://www.progressiveconcretecoatings.com/,ChIJ1xPDLV-LqYkRUpavxxDn7Vw,Wilmington,NC
Wonder Floors and Home,https://www.wonderfloorsandhome.com/,ChIJTY1qAsUfqokRftMoY6uJlcU,Wilmington,NC
Notorious Flooring LLC,https://notoriousflooring.com/,ChIJ7YRvV3GLqYkR44I04N1q-2I,Wilmington,NC
Brothers Coatings and Painting LLC,https://brotherscoatingsandpainting.com/,ChIJndprEUogjGQRiYSZ9ew2Tgk,Wilmington,NC
Harbour Flooring,http://harbourfloors.com/,ChIJ___PMjD0qYkRUOiUes23L1c,Wilmington,NC
USA Flooring,https://www.usaflooringnc.com/locations/wilmington/?utm_source=google&utm_medium=local-organic&utm_campaign=gbp-wilmington,ChIJQcpds36LqYkRJA6h9Ch6gQ4,Wilmington,NC
Oceanside Hardwood Flooring,https://www.oceansidehardwoodflooring.com/,ChIJ40iibn71qYkRmBR_zXj5QyI,Wilmington,NC
"Floortex, Inc. Flooring Store",http://www.floortexnc.com/,ChIJh81HtiMfqokRItJ2Dfnep3w,Wilmington,NC
Floorz To Your Doorz,https://floorztoyourdoorz.com/,ChIJ2asxluiNqYkRSxe3oFqrMbU,Wilmington,NC
Cape Fear Custom Coatings,https://www.capefearcustomcoatings.com/contact,ChIJ__-Tt2cHqokR3zcKQcj6LHs,Wilmington,NC
Concrete Solutions of Wilmington LLC,http://concretesolutionsofwilmington.com/,ChIJl7WC_wgZqokR4O6O9zf_8sQ,Wilmington,NC
Custom Concrete Finishes,,ChIJNUYRH6kZqokRwBdF5I0FV2o,Wilmington,NC
MJ Professional Concrete,https://www.mjprofessionalconcrete.com/,ChIJSTsBVQUjqokRxzw4PqJhnhk,Wilmington,NC
Concrete Contractors of Wilmington,http://concretecontractorswilmington.com/,ChIJmQ_sM-EfqokREhAlUofJ4YI,Wilmington,NC
DiMaio Concrete Construction,https://dimaioconcrete.com/,ChIJC7b4VUz1qYkRaE7lubDmM7I,Wilmington,NC
Mann's Creative Designs LLC,http://mannscreativedesigns.com/,ChIJAQCkuPP3qYkRWOenjOrL_6A,Wilmington,NC
Wilmington Concrete Services,https://wilmingtonconcreteservices.com/,ChIJ-b5ygGf1qYkR8cTIJs93Vpk,Wilmington,NC
Ascend Coatings,https://www.ascendcoatingsnc.com/,ChIJ32pIqZYfqokR-4ZWXmMsNNU,Wilmington,NC
Royal Coat,https://www.royalcoat.com/,ChIJZw2RrkaTqIkRX6IjRcXnLkY,Wilmington,NC
Bullet Concrete Construction,https://bulletconcreteconstruction.com/,ChIJm-NZak6b6ocRml8hth9gIis,Wilmington,NC
Rock Solid Custom Concrete,http://rocksolidconcretenc.com/,ChIJxSIP0duLqYkRxpgI4AMtzR8,Wilmington,NC
Waatti Contracting,http://waatticontracting.com/,ChIJN1gHyPE3B4gRUk0y2LiIj4g,Wilmington,NC
"National Coatings, Inc. – Wilmington",https://nationalcoatingsinc.com/,ChIJb0OKTU8wkaYRtSLqt_uFFwo,Wilmington,NC
Liberty Concrete,https://liberty-concrete.com/contact/,ChIJ__8vlBmerokRNmRIw6DqB-s,Wilmington,NC
Hanover Coatings Inc.,,ChIJ-UE9b1KLqYkRuCKJ2wW3mws,Wilmington,NC
Polytek of Rochester,https://mypolytek.com/,ChIJrVMEiHnk-YcRTrhHaor0rB4,Rochester,MN
Fortress Floors Of MN,https://fortressfloorsofmn.com/,ChIJERyCQCg994cRhpl8R39asJY,Rochester,MN
XMATE Epoxy,https://xmateepoxy.com/?utm_source=gmb,ChIJCRkKtKoWlwAR_GACZ0JDl-c,Rochester,MN
Eddie's Flooring,https://www.eddiesflooringrochester.com/,ChIJVVUVhHZe94cRyIwOnWXXbGM,Rochester,MN
Dapper Surfaces LLC,https://www.dappersurfaces.com/?utm_source=google&utm_medium=wix_google_business_profile&utm_campaign=16552804078058605784,ChIJ-T5z7yfg-YcRGD6xZXJef_U,Rochester,MN
Wisconsin Industrial Floors,https://www.wisconsinindustrialfloors.com/,ChIJQcjVz5PrA4gRZabJWjJz1TQ,Oshkosh,WI
Action Painting & Epoxy Coatings,http://www.actionwis.com/?utm_campaign=gmb,ChIJWfvLUAK3A4gR5vf5ynl-zdg,Oshkosh,WI
Midwest Garage Solutions,https://www.midwestgaragesolutions.com/?utm_campaign=gmb,ChIJYw6IhUqk-IcRawnFoSxEpyI,Oshkosh,WI
"Precision Concrete Floors, Inc.",http://www.precisionconcretefloorsinc.com/,ChIJp1ycdP3uA4gRMSsJqXbDOFY,Oshkosh,WI
Advanced Coatings,https://advcoatingsinc.com/,ChIJO-rzpt3tA4gRWbqjrYMkXh4,Oshkosh,WI
Affordable Concrete LLC,https://www.oshkoshconcrete.com/,ChIJp6yZa07pA4gRDrhsCp33s0k,Oshkosh,WI
D.R. Concrete LLC,https://www.drconcretefoxvalley.com/,ChIJM1DJFS_7A4gRLvKMS3sAMZE,Oshkosh,WI
Rasmussen Concrete,http://www.rasmussenconcrete.com/,ChIJR7duF7foA4gR-xtxHg2Dih4,Oshkosh,WI
Allsource Supply Inc.,http://allsourcesupplyinc.com/,ChIJ2zSUNMDrA4gRUQi4zEyShb8,Oshkosh,WI
TSR Concrete Coatings,,ChIJ__8_ehquA4gRvPezIG_Itk0,Oshkosh,WI
Spencer Concrete Flatwork & Stamped Experts,http://www.spencerconcrete.com/,ChIJaQON_ea2A4gRqKo9BOZpZdY,Oshkosh,WI
Vienola Concrete,,ChIJExUOfg7sA4gRM0NAEwfNhMk,Oshkosh,WI
Custom Concrete By Design LLC,http://www.customconcretebydesign.com/,ChIJq7bDv2uAAYgROqOz21x0XrE,Oshkosh,WI
Stafford Construction Co,,ChIJpy2Ivx3sA4gRBJubjLKgV2o,Oshkosh,WI
End Result Sealcoat LLC,https://endresultsealcoat.com/,ChIJ5Q-xjqfrA4gRKHbNPr8DWVM,Oshkosh,WI
All Ways Concrete LLC,,ChIJVyEFTAbhA4gRKNse5fyk2gg,Oshkosh,WI
Anderson Bros. Inc,http://abrosinc.com/,ChIJda2EsbbrA4gRg65nFe4hZfc,Oshkosh,WI
RJ Albright Inc,http://www.rjalbright.com/,ChIJU3BNJO7BA4gRS42_mVtbsAU,Oshkosh,WI
Main Concrete Inc,http://www.mainconcrete.com/,ChIJNdEttIXQA4gRr9JqjMTfBf0,Oshkosh,WI
Wisconsin Superior Painting & Coating LLC,,ChIJ__9bCO3BA4gRjDdac-eh7JQ,Oshkosh,WI
Acculevel,https://acculevel.com/oshkosh/?utm_source=google&utm_medium=organic&utm_campaign=gbp&utm_content=oshkosh,ChIJ1_r4pBXrA4gRIRj0sGgd5Ao,Oshkosh,WI
CEO Concrete LLC,https://www.ceoconcretewi.com/,ChIJu0FC0QoToqoR_gdxQj9w0QM,Oshkosh,WI
Area Waterproofing & Concrete LLC,,ChIJrc3T173nA4gRFSH28Xldo8Q,Oshkosh,WI
Dawsy Concrete,https://dawsyconcrete.com/,ChIJ6waEHrEwvWARkvSErUDSswY,Oshkosh,WI
The Garage Guys,https://garageguysmt.com/,ChIJibllx_klYaQRvPb9PxwMcZo,Billings,MT
Superior Floors West,http://superiorfloorswest.com/,ChIJt5Y200ZT-mIRjeKw0512yOM,Billings,MT
Stout Solutions,https://www.stoutrepairs.com/,ChIJq_oxC-avVkARYDTyTGMTweI,Billings,MT
Devine Design Concrete (Billings),,ChIJ4TiSgNSqn4gRe0S5H_0V1ao,Billings,MT
P&H Concrete Inc.,https://phconcreteinc.com/,ChIJm8xffkKOSFMR4M5oKKITPKs,Billings,MT
Firestone Concrete Coatings,http://firestoneconcretecoatings.com/,ChIJ9yaAnKsKc0MRocq13KnFQp8,Billings,MT
KO Concrete Coatings,http://koconcretecoatings.com/,ChIJq8ZBHbI3RVMRytvgjUmcOzo,Billings,MT
Great Northern Floor Coatings,https://www.gnfloor.com/?y_source=1_MzI3Mjk5NDAtNzE1LWxvY2F0aW9uLndlYnNpdGU%3D,ChIJC6EZJez10qkRb38O_26t-3c,Billings,MT
Artistic Decorative Concrete,https://artisticdecorativeconcrete.com/services/,ChIJCbRHzcKTSFMRpza9iqmMm4o,Billings,MT
Custom Concrete,,ChIJeRFMAOxiSFMRC9fF71qCmUc,Billings,MT
Z’sConcrete&Construction,http://zsconcreteconstruction.com/,ChIJYZ9QRKNxSFMRHpnXS4CtbAU,Billings,MT
Rollinger Companies,https://rollingercompanies.com/,ChIJg61fnOJjSFMR2Z3Wa8vxW2k,Billings,MT
Asphalt Paving & Professional Coatings,https://asphaltpavingmt.com/,ChIJC20EuAV7SFMRjDHoT0rmLvk,Billings,MT
Curbs Unlimited,http://www.curbsunlimited.com/,ChIJsSBPFTdwSFMR4sst2OFp8lE,Billings,MT
Shotcrete Montana,http://www.shotcretemt.com/,ChIJoeN7ES97SFMR7yHbCaUiA5A,Billings,MT
Billings Concrete,,ChIJGVodRhhjSFMRS0TnNQ-ypuU,Billings,MT
Industrial Coating Solutions,http://www.icspowdercoat.com/,ChIJr_6-5qxkSFMRN5rPezujCGc,Billings,MT
Elkhorn Concrete & Specialties,,ChIJCQOLPit3SFMRItGH7P-ASZE,Billings,MT
"Fishsticks Flooring, Kitchen & Bath",https://www.callfishsticks.com/,ChIJ7ZSEXGFT5YcRw1K2U3rYO0o,Waterloo,IA
Fortress Floors of Iowa,https://fortressfloorsia.com/,ChIJ_zP1RRAlCkAR4uPzWMGJMBU,Waterloo,IA
Iowa Flatworks,http://www.iowaflatworks.com/,ChIJVwCH6jRV5YcRQk0IINWrDdY,Waterloo,IA
"Quality Concrete Construction, Inc.",http://qccwaterloo.com/,ChIJ-Q3ljF5S5YcRgSXa12b7ZXA,Waterloo,IA
Kidder Construction Concrete Co,http://concrete-waterloo.com/,ChIJLVMKYVlP5YcRWJwuBBaCoH8,Waterloo,IA
Cedar Valley Concrete Lifting LLC,,ChIJSS5Lv4Hr-ocRbaG5JcjMoUM,Waterloo,IA
Premier Paving Creations,https://premierpavingcreations.site/,ChIJO7yO9YFT5YcREnKWmlKzJTU,Waterloo,IA
Martinez Concrete LLC,,ChIJC9fPmjVT5YcRi1z2GgPCPeY,Waterloo,IA
Bowers Masonry Inc.,http://www.bowersmasonryinc.com/,ChIJ1WvQmGtR5YcRTKVTHQ84IRs,Waterloo,IA
Brandt Floor Covering Supply,http://flooringsuppliespueblo.com/,ChIJa8lICySjE4cR5GdRD3CXE1s,Pueblo,CO
Mountain View Flooring,https://www.mtviewfloors.com/,ChIJ4xzgreOiE4cRpBrSqONkSj4,Pueblo,CO
ML2 Construction LLC,http://ml2-construction.com/,ChIJCefgyDCfE4cRP1-MK9V1hhc,Pueblo,CO
Elite Concrete Coatings,https://eliteconcretecoatings.com/,ChIJD1gdiKzxaocRXoi0mgGhnLE,Pueblo,CO
ACC CONCRETE,https://www.accconcretellc.com/,ChIJ2-RydaWjE4cRf2SKjwv77Pk,Pueblo,CO
RP Concrete & Construction,,ChIJbUKN5fe9E4cRzwbGHXe3wuI,Pueblo,CO
Montano Concrete Corporation,http://montanoconcrete.com/,ChIJjcvic1CjE4cRJ6Uid-sYXoA,Pueblo,CO
"Cullen Concrete, LLC",,ChIJKWO-amWYE4cRbcerqGiQuh8,Pueblo,CO
M&R Construction LLC,,ChIJQRjeqVyjE4cRw2Tiktf6ELo,Pueblo,CO
Vegas Concrete,http://vegasconcrete.info/?utm_source=gmb&utm_medium=referral,ChIJr3RRWM6ouqMRuOiyX89d9yA,Pueblo,CO
Cox Concrete Corporation,,ChIJc-uF5bqkE4cRXOB23DkItvI,Pueblo,CO
Just Flooring It Epoxy Co,http://justflooringitepoxyco.com/,ChIJ18GzbjpJWYgRjxFoF7YGkeY,Rocky Mount,NC
FERNWOOD WNC Hardwood & Epoxy Flooring,https://www.fernwoodwnc.com/,ChIJR7QEpcZswwcRwi9Imh3UVds,Rocky Mount,NC
Asheville Epoxy Coatings,http://ashevilleepoxycoating.com/,ChIJE5bakEKjKCoRvkR3wmi3Q6M,Rocky Mount,NC
Pacheco's Custom Masonry and Concrete LLC,https://custom-masonry.com/,ChIJMawOldGBrokRw83lGsRRr6w,Rocky Mount,NC
"Classic Concrete Design, Inc.",http://www.ccd-nc.com/,ChIJd9kCLOtZrIkRVIdbdWpKT6g,Rocky Mount,NC
Crete Solutions,https://cretesolutionsllc.com/,ChIJzyIUCG99rokRinG0EZw6VtY,Rocky Mount,NC
Cavalier Paving & Seal Coating,https://www.cavaliercompanies.com/,ChIJq6rWiPeArokRejGKJLYoXto,Rocky Mount,NC
C & C Industrial,https://ccindustrial.com/,ChIJifVOiCOArokR1Zh50rt9utE,Rocky Mount,NC
Concrete Coating Concepts,,ChIJx70cTF4mUYgRNSY5XtlWXjc,Rocky Mount,NC
G S Concrete Work,,ChIJ0aHE6auGrokR69Fh1WMN6cs,Rocky Mount,NC
SQI Companies,https://www.sqicompanies.com/,ChIJDTWYFaH7M4gRhd_itLG3fvY,Youngstown,OH
Stone Appeal,http://mystoneappeal.com/,ChIJY9KQdrD7M4gRjZyOCq00_B0,Youngstown,OH
All Purpose Resurface,https://aprsurfaces.com/,ChIJyy_loJ_6M4gRmJv-C8SyQ9U,Youngstown,OH
Heritage Polymer Flooring,http://www.heritagepolymerflooring.com/,ChIJHVKI0CwnN4gRaR5NbSUIxRo,Youngstown,OH
Advanced Hardwood Flooring LLC,,ChIJJZ3HkMVXMYgRWbnU0MIvChA,Youngstown,OH
Snovak Floor Coverings,https://www.snovakfloorcovering.com/,ChIJ7-XPUorkM4gRX1mrZhIycrY,Youngstown,OH
Evolution Concrete & Construction,http://www.evolution-concrete.com/,ChIJVZemMMhcMYgRI3Tqz0iild8,Youngstown,OH
HardScape Resurfacing Ohio - Terrazzo and Epoxy Flooring,http://hardscaperesurfacing.com/,ChIJ69zs01YPNIgRzROx_KpfiPw,Youngstown,OH
MJR Concrete & Waterproofing,http://www.mjrconcreteinc.com/,ChIJNRLRcxnhM4gRYXxBVpuj3i4,Youngstown,OH
Elevated Concrete LLC,https://elevatedconcretellc.com/about-us/,ChIJVVU5Wa3kM4gRE-CDACqtN7k,Youngstown,OH
Simon Surfaces,https://www.simonsurfaces.com/,ChIJ12j7N0H6M4gR3oOKI_uTw3A,Youngstown,OH
Custom Concrete Construction LLC,http://www.customconcreteohio.com/,ChIJNehyYhj_M4gR1uk2YyjhSDs,Youngstown,OH
Concrete Queen LLC,http://www.concretequeenllc.com/,ChIJGz6z2uPL1gERT-c7M95bAw4,Youngstown,OH
Pallante Concrete Construction,http://pallanteconcrete.com/,ChIJDe5raMfoM4gRpx1cpg4tEgs,Youngstown,OH
Valley Concrete Restoration,https://valleyconcreterestoration.com/,ChIJc_Efo5XZM4gRdH1n4j3snNM,Youngstown,OH
A-1 Concrete Leveling,http://www.a1now.com/,ChIJD7FLcIblM4gRI0bWCYZsWmk,Youngstown,OH
Select Concrete LLC,,ChIJbTQTXkqEhAIRx4WiAN9zHdw,Youngstown,OH
"Viper Concrete & Construction, LLC",http://viper-concrete.com/,ChIJP9ftxKOigYcR3sbJAOLm75I,Youngstown,OH
T C Redi-Mix,,ChIJGfzbytvvM4gRLcvDUX-1Mdc,Youngstown,OH
Texas Flooring Gallery,http://texasflooringgallery.com/,ChIJIw4GYLQhU4YR411Kaq4HmEY,Wichita Falls,TX
Breegle's Abbey Carpet and Flooring,https://breegle.com/,ChIJlw_3Q60hU4YRrY6UX9sG-kI,Wichita Falls,TX
Popular Flooring Company,https://www.popularflooring.com/,ChIJbcB5crAjU4YRo2O6FEPgnbU,Wichita Falls,TX
Sutherlands,https://sutherlands.com/?store=3217,ChIJh_71oPAfU4YR9nT7uDv02A8,Wichita Falls,TX
Floors to Go,http://www.wichitafalls.floorstogo.com/,ChIJu-ZjZ60hU4YRkPty09O84nk,Wichita Falls,TX
Builders Lumber,http://www.builderslumber.com/,ChIJwWinlnIgU4YRjriMnz_ppQY,Wichita Falls,TX
Scales Concrete Construction,,ChIJRzzuYfofU4YRW2aDYtQWp4c,Wichita Falls,TX
Wichita Falls Concrete Contractor,https://www.wichitafallsconcretecontractor.com/,ChIJ1U1ipaMhU4YRN9Lw_GZ9xmc,Wichita Falls,TX
W S Construction,https://thewsconstruction.com/,ChIJLeyHwWoiU4YRpAzDn4xKULM,Wichita Falls,TX
Falls Concrete,,ChIJrTt0KJcgU4YReINYeh0cwMk,Wichita Falls,TX
Brewer concrete cutting and cores,,ChIJKYKOur8hU4YRpAVOOxTdyzs,Wichita Falls,TX
JM Epoxy LLC,,ChIJt5pvYjQVxokRNO23rYatuTY,Lancaster,PA
Surface Technology Inc.,https://surfacetechnologyinc.com/,ChIJW1TrJhQjxokRBDSWFN3FdwU,Lancaster,PA
MOY Surface Coating,http://www.moysurfacecoating.com/,ChIJ82dSuvyNyIkRpJdfTOgdaM0,Lancaster,PA
"PennCoat, Inc.",https://penncoatinc.com/,ChIJYY33_BUhxokRyvG2zyGrtC4,Lancaster,PA
City Epoxy,https://www.cityepoxy.com/,ChIJR0A1HT4lxokRjZCW18L73po,Lancaster,PA
Elevate Epoxy Floors,https://www.elevate-epoxyfloors.com/?utm_source=google&utm_medium=wix_google_business_profile&utm_campaign=412602537221240603,ChIJodfjuqVjrqkRQ9mIwE9sjRo,Lancaster,PA
Luxury Epoxy Solutions,,ChIJo_09UUDiHQgRMtgAQWwhswg,Lancaster,PA
"Reformed Concrete, LLC",https://reformedconcrete.com/,ChIJ97u8vZg1xokRs2XQeHe_xw0,Lancaster,PA
Solid Rock Flooring and Painting,http://solidrockflooringandpainting.com/,ChIJJ-dpQrGox4kRzVAZT69DM78,Lancaster,PA
Flakepro coatings,https://flakeprocoatings.com/,ChIJ4fRQ1iQDCiAR8czwqpy7LEM,Lancaster,PA
Baker Epoxy coatings,http://www.bakerepoxy.com/,ChIJrzaB3gnoyIkRAmPN1NinwBk,Lancaster,PA
Capital 360 (formerly Capital Coating),https://capitalcoating.com/,ChIJqfARoQxHxokRM1CTVTcZy94,Lancaster,PA
King's Decorative Concrete,https://kingsdecorativeconcrete.com/,ChIJH3HBqoY2yYkR8VTY5CFt8I0,Lancaster,PA
Stamped Concrete Works,http://www.stampedconcreteworks.com/,ChIJnUA12TgWxokRVcZ6NrkxDGA,Lancaster,PA
Paradise Concrete Solutions,http://www.paradiseconcretesolutions.com/,ChIJRXvgMvI4xokR1QPCeHyyqas,Lancaster,PA
Witmer Coatings,https://thewitmergroup.com/services/concrete-coatings,ChIJ75Rx68c0PUsR2TgWh4cQ2XM,Lancaster,PA
Prime Masonry LLC,https://primemasonrypa.com/,ChIJjy1Gm0eILEwRhl0_m5WYMqs,Lancaster,PA
Yellow Dog Concrete LLC,https://www.yellowdogconcrete.com/,ChIJcQxTbXwfxokRYf3-NWwcbV8,Lancaster,PA
Kline Concrete LLC,https://klineconcrete.com/,ChIJNZ7_ojYlxokR4nfwUqwysEU,Lancaster,PA
Crouse Concrete LLC,http://crouseconcretepa.com/,ChIJi6ZAQc4WxokRkeQLwlFwERo,Lancaster,PA
"LVConcrete, LLC",https://www.lvconcretellc.com/,ChIJ6fakj0clxokRkgMHLiH8Ekk,Lancaster,PA
Gray Construction,http://stampedconcreteandlandscaping.com/,ChIJ1xsqKxgVxokR0DSoiDbFQA4,Lancaster,PA
"Keystone Gun-Krete, LLC",https://www.keystonegun-krete.com/?utm_source=gbp&utm_medium=profile,ChIJr5-SGbQ4xokRspHICEMhMps,Lancaster,PA
Concrete Authority,http://www.concreteauthority.com/,ChIJs5UkqzU8xokR93sIPHNMFik,Lancaster,PA
Custom Concrete Specialties,https://www.customconcretead.com/?utm_source=gmb&utm_medium=organic&utm_campaign=gmb&utm_id=gmb+profile&utm_term=gmb&utm_content=gmb,ChIJKcYrB8JpxokRQUkUV0hetq0,Lancaster,PA
T Bones Concrete,http://www.tbonesconcrete.com/,ChIJ___O7ZkkxokRT5Yx4d6Ufn4,Lancaster,PA
Stief Concrete Work Inc,http://www.stiefconcrete.com/,ChIJiQQUyJo_xokR7K73RnzpO1E,Lancaster,PA
"Lancaster Poured Walls, Inc.",https://www.lancasterpouredwalls.com/,ChIJM4QsHUE8xokR4UMu9lxbuP4,Lancaster,PA
Windy Hill Concrete Inc,http://www.windyhillconcrete.com/,ChIJY5toXeA6xokRrOXAi9nK7yE,Lancaster,PA
Sangrey Concrete LLC,http://www.sangreyconcrete.com/,ChIJX2-1nBMwxokRnOB6cgDv9hs,Lancaster,PA
Speedway Flooring,https://speedway-flooring.com/contact/,ChIJ4wJvo9g33oYR-3D819GOrZA,Las Cruces,NM
Innovative Coatings LLC,https://www.innovativecoatingslc.com/,ChIJzYzerhQ_3oYRA0aEXvczJ9k,Las Cruces,NM
Perfection Exterior Coatings LLC,https://perfectionexteriorcoatings.com/,ChIJ0R_ZtpI93oYRE0nvWVjdROE,Las Cruces,NM
"Robles Coatings, LLC",https://roblescoatings.com/,ChIJ_6_UiG0WC6wRDmHhSF0t61E,Las Cruces,NM
Las Cruces Concrete Construction,http://www.lccnm.com/,ChIJj3njFiU-3oYR-rNg62erXZY,Las Cruces,NM
Danny's General Contracting,https://www.dannysgeneralcontracting.com/,ChIJ5x2xWWs83oYR6G6XyvkjOEw,Las Cruces,NM
Concrete Polishing HQ,http://www.concretepolishinghq.com/,ChIJoUDf_vQ93oYRCyd7o6REaqs,Las Cruces,NM
Engel Coatings Inc,https://engelcoatings.com/?utm_campaign=GoogleMyBusiness,ChIJo1e56fo93oYRScqLRfw8hNk,Las Cruces,NM
Victor Esquivel Construction,https://esquivelconstruction.us/,ChIJXxNkWQEl3oYRxQbBkVvgpqU,Las Cruces,NM
D. Cordova Construction,http://www.dcordovaconstruction.com/,ChIJgwHPrejgKKcR_JWcSpy2Czo,Las Cruces,NM
JRA Construction INC,https://jraconstructioninc.com/,ChIJE7tKHQ093oYR75Jj5TES5aM,Las Cruces,NM
"Green Mountain Contractors, Inc.",http://greenmountaincontractors.com/,ChIJC6hlbbY83oYRL_FhO3dRf3k,Las Cruces,NM
"Victory Construction, LLC",https://www.victoryconstructionllc.net/,ChIJgyrRN1U83oYROPFzyQjH3FM,Las Cruces,NM
Counter Intelligence Epoxy Countertops Las Cruces,https://lascruces.counteri.com/,ChIJEdPzHNE93oYRdODOjinUE88,Las Cruces,NM
"ARC Roofing, LLC",https://arcxteam.com/,ChIJFQEhfWM93oYRUuFc5UDjjls,Las Cruces,NM
Arts Concrete Contractor Inc,,ChIJeccgbCg83oYR8HZvNIGlJuo,Las Cruces,NM
Smith & Aguirre Construction,http://www.smithandaguirre.com/,ChIJORsJcRwW3oYR3tbbZE-rtD8,Las Cruces,NM
Supreme Coatings,http://supremecoatingscorp.com/,ChIJZ1IMD7I43YgRL-tyPH_LkA0,Lakeland,FL
ROPEZ RESIN LLC,https://www.ropezresin.com/,ChIJ00srk3fIB4QRjKT8_U9nytE,Lakeland,FL
Arias Epoxy Services,https://ariasepoxyservices.com/,ChIJnZQ4Mz433YgR44Q_ERhE9uE,Lakeland,FL
Florida Coating Supply- Epoxy Supplies,http://www.floridacoatingsupply.com/,ChIJ_9XZOOw_3YgRDNLBKjtpNzY,Lakeland,FL
CS Epoxy Floorings,,ChIJx1Z1FjA53YgRmDoYhT-NAk4,Lakeland,FL
Lakeland Concrete Solutions,http://concreteservicesflorida.com/,ChIJK9ICPa4_3YgR7iJoBlL0_1c,Lakeland,FL
Tiger Concrete & Screed LLC,http://www.tigerconcreteusa.com/,ChIJwVkjmJg53YgR_Fq9dP1BLKE,Lakeland,FL
Luck Concrete Lakeland,https://luckysconcretelakeland.com/,ChIJgzmReFw_3YgR3vGPkbfIGXQ,Lakeland,FL
Core Form Source,https://lakelandconcretecontractors.top/,ChIJ_2pDWQA_3YgRW2qPcQh49j8,Lakeland,FL
Flatline Concrete Solutions LLC,https://www.flatlineconcretesolutions.com/,ChIJMRHbnXI63YgRkmT4NJiYj7A,Lakeland,FL
"Innovative Concrete Technology, Corp.",https://innovativeconcrete.com/,ChIJ01gjvP8-3YgRi0C5FHiffJc,Lakeland,FL
814 Epoxy and More,https://www.814epoxyandmore.com/,ChIJj7Te7pF_MogRRcetis2uUIs,Erie,PA
Fishers Epoxy Flooring,https://fishersepoxy.com/,ChIJqamyxts8oQcREYLb63Bk0AM,Erie,PA
Steen Flooring Systems,http://www.steenflooringsystems.com/,ChIJn7Y_gOF9LYgRXK14CDxdB5o,Erie,PA
Erie Concrete,http://erieconcrete.com/,ChIJq6o69SZ8MogRGD5JKClANo8,Erie,PA
A. Anthony & Sons Concrete LLC,http://www.anthonyconcrete.com/,ChIJ6_lR8ed_MogRPwIvu5LFi4Y,Erie,PA
Presque isle concrete LLC,https://www.presqueisleconcrete.com/,ChIJtVbiT-l-MogR5CK5bwwRvVc,Erie,PA
Total Foundation Solutions,https://www.totalfoundationsolutions.com/?utm_source=google&utm_medium=organic&utm_campaign=GMB%20website,ChIJJXfItQl_LYgRPNHtzJOWQ88,Erie,PA
Advanced Concrete Floor Finishes,https://www.advancedconcretefloorcoating.com/,ChIJzzeWYq1fLYgRjgo3yxqs8vE,Erie,PA
Montagna Concrete Construction,http://www.montagnaconcrete.com/,ChIJd3TjDsN-MogR884n1ZP5HGU,Erie,PA
"Superior Surface Solutions, LLC",http://superior-erie.com/,ChIJSbuaE1aDMogR1NPdApdysWk,Erie,PA
Concrete Services Corporation,https://www.cscerie.com/,ChIJWaAfcYNwMogRiAkYvPNz_qU,Erie,PA
"Akerly Concrete, Inc.",http://www.akerlyconcrete.com/,ChIJ4YSZ-Ul8LYgRkNCqPCSTosU,Erie,PA
Paris Brothers Contractors,http://www.paris-bros.com/,ChIJDzbDktCDMogRI5JxEMgsvho,Erie,PA
Antonio and Son Contracting,https://antonioandson.com/,ChIJR2kHDR-AMogRDm_nw-NYfWg,Erie,PA
M & M Concrete,https://www.mandmconcreteerie.com/contact-us,ChIJU9qbPsF_MogROTB7O1Aq6S0,Erie,PA
G&J WATERPROOFING OF ERIE,http://gjwaterproofing.net/,ChIJF1DfAiGBMogR36wG0eTV_pk,Erie,PA
DBC Remodeling & Construction,https://www.dbcremodel.com/?utm_source=google&utm_medium=organic&utm_campaign=gmbwebsite-erie&utm_content=website&y_source=1_MjUyNjYxMjAtNzE1LWxvY2F0aW9uLndlYnNpdGU%3D,ChIJQxB2Eh1_MogRsbSM7LnvDew,Erie,PA
"Baycrete, Inc.",http://www.baycrete-inc.net/,ChIJhRMM1el_MogR5Pu7MBrEct8,Erie,PA
Ninos Masonry,http://ninosmasonry.com/,ChIJGztoT_dKPK0RjpMu7lEdwJw,Erie,PA
J.S. Decorative Concrete LLC,http://jsdecorativeconcrete.com/,ChIJ0QS7BPmHy4kRINv4XcLRnCo,Erie,PA
"Unified Contracting, LLC",http://unifiedroofs.com/erie-pa,ChIJ2VqiIBeAMogR6pHeK01VcOI,Erie,PA
Austin Servall Concrete Co,http://www.austinservallconcrete.com/,ChIJLTQJ49Z_LYgRCWPJ7PBYzHI,Erie,PA
Stewart Concrete Masonry,http://www.stewartconcretemasonry.com/AboutUs.aspx,ChIJu0fo7Bh_MogRVYD3499et4E,Erie,PA
Lakari Waterproofing,https://www.eriewaterproofing.com/,ChIJwc8TV9B_MogRDqZHkQb-LNM,Erie,PA
"Joseph McCormick Construction Co., Inc.",https://www.jmccormickconstruction.com/,ChIJfc9-w3B-LYgR_p6SGIAnDHo,Erie,PA
East Texas Floors & More,https://www.etfloors.com/,ChIJl6UFiAw0SIYR_qYKsfxWmjQ,Tyler,TX
Emilio Flooring Tyler,https://emilioflooring.com/,ChIJt0w1fUTNSYYRUGusXChPjxk,Tyler,TX
"Stain-Pro Concrete Decor, Inc.",http://www.stain-pro.com/,ChIJkbs9UajPSYYR75JHPavOeGQ,Tyler,TX
True Custom Concrete (decorative concrete specialist),http://www.truecustomconcrete.com/,ChIJ5XrBHoSzSYYR5SZzdH1lHPI,Tyler,TX
Southern Polishing and Flooring Systems,https://www.spfsconcrete.com/,ChIJ_2GJ0KPMSYYRsrvC_Ez4C5Q,Tyler,TX
Flooring Liquidators,https://flgliquidators.com/,ChIJXy6GLrXNSYYRV9oVLmmUAG4,Tyler,TX
East Texas Crete,http://easttexascrete.com/,ChIJHd-WpCq5SYYR5g5KSB55sQ0,Tyler,TX
Exums Paint,,ChIJCYsAIwTLSYYROaI6s8F7LeQ,Tyler,TX
Floors & Finishes,http://floorsandfinishestyler.com/,ChIJsfT9nlLMSYYRSUgmv3DxII8,Tyler,TX
Home Outlet,http://www.homeoutlet.com/store/home-outlet-tyler-tx,ChIJ99AP6X3OSYYR6II7pKbnVoY,Tyler,TX
Best Budget Flooring & Remodeling,https://www.bestbudgetflooring.com/,ChIJO0bQpIo1SIYRNwEIBI3Mk8s,Tyler,TX
Floor Works,https://floorworkstyler.com/,ChIJOdTL2ZbLSYYR-5dBtnDolOA,Tyler,TX
Surfaces Custom Flooring & Design,,ChIJ7-1-GuHKSYYR3EuFwj9KpWM,Tyler,TX
Oak Floor Tyler,http://oakfloorcompanies.com/,ChIJqb1HwrrLSYYRaNUOTK1-VeA,Tyler,TX
Southwest Floor Carpet One Floor & Home,https://www.southwestfloorcarpetone.com/?utm_source=google&utm_medium=organic&utm_campaign=gbp-listing&utm_content=Tyler-showroom,ChIJh5A0z17JSYYR2-_-W_Uueg0,Tyler,TX
Jaime's Construction & Remodeling LLC,https://painting-construction.com/,ChIJjUmWryDNSYYR4X83kGbs2Zg,Tyler,TX
"The Tile Shop, Inc",http://www.tileshoptyler.com/,ChIJB-tG5pDLSYYRghwSEbzD_Xo,Tyler,TX
"Palmer Interiors, LLC",http://palmer-interiors.com/,ChIJGdzl_jrPSYYRhGT1okyb2-c,Tyler,TX
Texas Paint & Wallpaper - Tyler,https://www.texaspaint.com/,ChIJVWYPp27NSYYRogZ4-V7hACk,Tyler,TX
Flooring Liquidators,,ChIJyxl5LrXNSYYRjvvD91CDFTo,Tyler,TX
Modern Design Studio of East Texas,https://moderndesigntyler.com/,ChIJp32E6frLSYYRdnIoRrjwJI0,Tyler,TX
Home Pro's Remodeling and Repairs,https://www.homeprosetx.com/,ChIJS0I8bQq8a60RNiqWDvdcncA,Tyler,TX
Garage Nation,http://garagenation.net/,ChIJ8xcUbkQPGaARDQAZn388qns,Tyler,TX
Magnolia Epoxy Flooring,,ChIJXSAmDZLZRoYRqDzA8TGwm1w,Tyler,TX
Arteaga's Work,https://arteagaswork.com/,ChIJIfoMX-G5SYYRRCg0e-f_5S4,Tyler,TX
Lonestar Concrete Technologies LLC (Decorative Concrete Overlay Specialist),http://www.designcti.com/,ChIJwcYGiFExNoYRILDZgO7CJbc,Tyler,TX
Tyler Concrete Works,https://tylerconcreteworks.com/,ChIJMzS3XsTPSYYRJWj-ttXOqS4,Tyler,TX
ETX Concrete Works,https://www.etxconcreteworks.com/,ChIJ0Ucg9-Dj14ARYQvPiCfP2dE,Tyler,TX
Barwell Solutions,https://www.barwellsolutions.com/,ChIJZU2RNCwxSIYRnAG1Q0t1LfE,Tyler,TX
LR Concrete TX LLC,https://www.lrconcretetx.com/,ChIJUxLuH6zPSYYRgYd7XtpSxfk,Tyler,TX
"MC Concrete Construction, LLC",http://www.mcconcreteconstruction.com/,ChIJdfltMI7FSYYRNhNG8UvIU5E,Tyler,TX
Raise and Level Concrete,http://www.raiseandlevelconcrete.com/,ChIJK_cZMu9KSIYRdgSddII5nSA,Tyler,TX
TSD Custom Coatings,https://www.tsdcoatings.com/,ChIJdWGGWbMtSIYRZ7KkWOZb6K4,Tyler,TX
SMG Concrete And Dirt Work,https://smgconcreteanddirtwork.com/,ChIJRz2Y0BVIqIURDq4To9Qo9ls,Tyler,TX
HC Concrete Services LLC,http://hcconcreteservicesllc.com/?_=1594321304492,ChIJe86GYRP9SIYRgKY0CKEV0rc,Tyler,TX
Dollar Concrete LLC,https://dollarconcretellc.com/,ChIJK500A88ZZQARBYnsMNmnqrw,Tyler,TX
Montrose Concrete Inc,https://www.montroseconcrete.com/,ChIJO8lGgPrKSYYRj4re9PzD9U8,Tyler,TX
ArtisanCrete LLC,http://www.artisancretetyler.com/,ChIJ_XQhtqrLSYYRNcZasossRDc,Tyler,TX
RA Concrete Construction LLC,http://raconcretconstruction.com/,ChIJQ5IaGrXJSYYRcP6H7pn5pOk,Tyler,TX
Trust Foundation Repair,https://www.trustfoundationrepair.com/,ChIJj7KSpKLPSYYROCraTqkLQng,Tyler,TX
#it's Epoxy Flint,http://www.itsepoxy.com/,ChIJnVEAZLF5I4gRBbjvYxx1u24,Flint,MI
Armor Tough Coatings,http://www.armortoughcoatings.com/,ChIJa61kZkSYJIgRWgVdoU6rV3E,Flint,MI
Hart & Crown Coatings,http://hartandcrowncoatings.com/,ChIJv82fWMkS-qkR0lc8g81h2bk,Flint,MI
Revolutionary Concrete,https://revolutionaryconcretemi.com/,ChIJ64_a8daAI4gRIUasNkDiBFo,Flint,MI
Viper concrete coatings Grand Blanc,,ChIJEaBronJ_I4gR-hELLZmHTiA,Flint,MI
Patriot Concrete Coatings,https://www.patriotconcretecoating.com/?utm_source=google&utm_medium=orgranic&utm_campaign=GoogleBusinessProfile,ChIJJbBhKdkhmQkRHIb6v9QrxHc,Flint,MI
Vehicle City Concrete Solutions,http://www.concrete-flint.com/,ChIJUShiHXGBI4gRXiWVMOBB2KQ,Flint,MI
Decorative Finish LLC,http://www.decorativefinishllc.com/,ChIJh7nvfzaEI4gRSkmsvpVoSj4,Flint,MI
"Fortified Concrete Leveling, Inc.",https://fortifiedleveling.com/,ChIJNR_D5-9lI4gRmlpPEM4IU44,Flint,MI
Corbitt Concrete LLC,http://www.corbittconcrete.com/,ChIJhRdETp15I4gRy6KvpIwDFZ4,Flint,MI
Greenville Supreme Epoxy Flooring,https://www.greenvillesupremeepoxy.com/,ChIJ2VubWYnBvwsRwnFE5fRFKBw,Greenville,SC
Upstate Epoxy,https://www.apexgaragecoatings.com/,ChIJcY9MdYE5WIgRb6qoYsdj6B0,Greenville,SC
XPS Xpress - Greenville Epoxy Floor Store,https://xpsgreenville.com/,ChIJWadFMmQpWIgR09i4wZfGuO4,Greenville,SC
864 Epoxy Flooring,,ChIJqS1dPAArWIgR0nXBxrNcDPA,Greenville,SC
Carolina Shine Flooring Solutions,http://www.carolinashines.com/,ChIJS0HdUIQtWIgRlFb0rHVwZaM,Greenville,SC
Fast Hand Floor Coatings,https://fasthandfloorcoatings.com/home,ChIJ1YZV-xTNWYgRwoK0i00oDLY,Greenville,SC
Accelerate Concrete Coatings,https://acceleratecc.com/,ChIJ6f5Skemn70QRS3R7mVmGS_I,Greenville,SC
"Innovative Floor Works, LLC",https://www.innovativefloorworks.com/,ChIJHz4VNxM5WIgR9Yo3irGm4l4,Greenville,SC
Compton Floor Sanding & Refinishing LLC,https://comptonfloorsanding.com/,ChIJRSXPqiMvWIgRPbY0QqeQfno,Greenville,SC
Floor Boys Greenville,https://www.floorboys.com/,ChIJPTIAj4YvWIgRNy4y5UBUaA4,Greenville,SC
Impact Unlimited,http://www.garage-coatings.com/,ChIJ1zTPayo6WIgR3HeZZ_X1xQ4,Greenville,SC
American Garage SC,https://www.americangaragesc.com/?utm_source=google&utm_medium=organic&utm_campaign=gbp,ChIJl28bx8X1WIgRdF2aRR4ATd0,Greenville,SC
"Legacy Coatings, LLC",https://legacycoatings.org/,ChIJccSE2CEjWIgRlqjYrsNUux8,Greenville,SC
"Piedmont Industrial Coatings, Inc.",http://www.piedmontcoatings.com/,ChIJOeGt16A-WIgRWnYXoyOimFQ,Greenville,SC
Ace Concrete Construction,https://aceconcreteconstruction.com/,ChIJlTWDpY7TWYgRKQnIYcsQ5PE,Greenville,SC
Tucker Coating & Linings LLC,http://www.tuckercoatingsandlinings.com/,ChIJ-1o2BLYuWIgRKA5aMxro6Aw,Greenville,SC
Crane Concrete Polishing,https://www.craneconcretepolish.com/,ChIJw5fbATEix2kRIJCd8NIUv_E,Greenville,SC
Concrete Fixers,https://concretefixers.com/,ChIJwYqTLJopWIgRn6z6RQnu59I,Greenville,SC
Decorative Stamped Concrete LLC,https://www.decorativeresurface.com/,ChIJ_Zw12pQwWIgRTe--7c_9hh4,Greenville,SC
Greenville Concrete Solutions,https://www.greenvilleconcretesolutions.com/,ChIJSWnATZkvWIgRempLZ6RqKIE,Greenville,SC
Slab Science LLC,http://www.slabscience.com/,ChIJNzQue88tWIgR99GlEQZMQvs,Greenville,SC
Concrete Master Upstate LLC,https://www.concretemasterupstate.com/,ChIJu9syb5ArWIgRlU3X-ifgHQU,Greenville,SC
Concrete Finisher,https://concretefinishers.us/,ChIJUahBEneLWIgRIwi5e9lrHlI,Greenville,SC
San Angelo Concrete,https://sanangeloconcretesolution.com/,ChIJwwaJnTrnV4YRfkWL9e43oT4,San Angelo,TX
Craftsman Hardwood Flooring LLC,http://www.sanangelocraftsman.com/,ChIJu_IyvhflV4YRRbBbRNHJXXY,San Angelo,TX
G10 Custom Coatings and Vinyl,https://cerakotesanangelo.com/,ChIJE-YkZtHxV4YRp1JqP3r74gY,San Angelo,TX
"Legend Coatings & Insulation, LLC",https://legendcoatings.com/,ChIJW7KOpFTlV4YRyfWV-EpOKoU,San Angelo,TX
PUZCO CONTRACTING,https://jim.com/a/puzco,ChIJHZ2W4_HkV4YR56oOhraN4bI,San Angelo,TX
Liberty Concrete & Construction,http://www.libertyconcreteandconstruction.com/,ChIJ6wzmxIkO04kRmM66zUyMTj8,San Angelo,TX
WTX Construction Specialties,http://wtxconstruction.com/,ChIJk0TSJD2MyAQRk2XhWCjN9dE,San Angelo,TX
BA Concrete Designs,,ChIJAQCEOJ7vV4YR09XRcDWqcgg,San Angelo,TX
Albritton Construction LLC,https://albrittonconstructionllc.com/,ChIJo1Oh0trvV4YRYCSLf84bXm0,San Angelo,TX
RedSea Contractor,https://redseacontractor.com/,ChIJ9YQ04IPlV4YRYYmOdFpl3Mg,San Angelo,TX
San Angelo Concrete - Ballinger,https://www.sanangelo-concrete.com/ballinger,ChIJB-Jep_GnV4YRqIhCA8ieZAs,San Angelo,TX
Hesford Diamond Polished And Stained Concrete,,ChIJzcSFwi3lV4YRMRmbYCT3-Mo,San Angelo,TX
"Tharp Construction, LLC",,ChIJDzh1fc7nV4YRIJImOlJHpW0,San Angelo,TX
G&G Home Repairs,,ChIJ69roqOnxV4YRcbdkioCKTnA,San Angelo,TX
Quality Striping and Seal Coat,https://qualitystripingandsealcoat.com/,ChIJC13zxePvV4YR7RLooa5ABe0,San Angelo,TX
Stewart & McCarty Concrete L.L.C.,https://thesmcconcrete.com/,ChIJb5V4Ox51-IYRbPrcha8arD0,San Angelo,TX
Angelo Painters & Construction,http://www.angelopainters.com/,ChIJEetAnovkV4YR8t7icQJWwkI,San Angelo,TX
Arroyo Brothers Construction LLC,https://arroyobros.com/,ChIJvRlQm6jvV4YRynAHhmz3Ci0,San Angelo,TX
ACIW Truck Works,https://aciwtruckworks.com/,ChIJ9W52LufvV4YR0HrTnQZLXq0,San Angelo,TX
MAC Asphalt Paving & Chipsealing,https://macasphaltpaving.com/,ChIJF26ModLvV4YRjmxxUPX1xig,San Angelo,TX
B&T Floor Coating,http://btfloorcoatings.com/,ChIJdwSuHkAfrYcREG4mqojRq3o,Lawton,OK
Luxe Metallic Epoxy Garage Floors,,ChIJa04sfINlq4cRDeskJgjdPMI,Lawton,OK
MF Decorative Coating,,ChIJy9cWiVIZrYcRrNVS8OaX1K4,Lawton,OK
4 Brothers Concrete and Construction,http://www.4brothersconcrete.com/,ChIJa23UFIBarqsRsj7V-un4NAA,Lawton,OK
JD Concrete Construction,,ChIJrcYNN7ySTg4R7BqefXb3YXE,Lawton,OK
Heritage Concrete Coatings,,ChIJv8y7K2XvyocRVW8lCPCpq94,Lawton,OK
"Walkers Powder Coating, LLC",,ChIJc1uM5wgWrYcRosZrKLmHG2g,Lawton,OK
"Stellar Foundation Repair, LLC",http://stellarfoundationrepair.com/,ChIJWU0zzPvKpgURy36OV2lF2xQ,Lawton,OK
Lupi Construction,https://lupiconstruction.com/,ChIJX7oKOfMZrYcRaMajrfFQwXg,Lawton,OK
Imprint Construction,http://www.lawtonbuilder.com/,ChIJjSZAZucfrYcR-TV8EfsTWEM,Lawton,OK
WUTEVA WORKS,,ChIJP9_CwDEfrYcR5DxaYCywNdw,Lawton,OK
TE Concrete Construction,,ChIJ__9zzv0hrYcR87DT7gn0v7w,Lawton,OK
VCV Services,http://vcvservices.com/,ChIJYdYBwzserYcR0La8d4Pg6dU,Lawton,OK
Castros Contracting & Construction,,ChIJP-rFwgAfrYcRYC5hV63GHT4,Lawton,OK
Perez Construction and Remodeling LLC,http://jperezrenovation.com/?utm_source=gmb&utm_medium=referral,ChIJ3XOVBVEfrYcRnYV0rW5wNi4,Lawton,OK
"Clay's Services, Inc.",https://claysservices.com/,ChIJBVWqy6sfrYcRN3teMWsb-0s,Lawton,OK
Lou Gallegos Construction LLC,https://lougallegosconstruction.com/,ChIJY2eYLkMerYcRp3vM030hGTk,Lawton,OK
Langley Family General Contracting Construction and Design llc,http://wecanbuildthat.com/,ChIJ5eDltXgZrYcRCplhr4Rucr8,Lawton,OK
Daley's Asphalt,https://daleypaving.com/,ChIJnZwJwOYerYcRWs6VQXYNS5c,Lawton,OK
Jm concrete,,ChIJPw7Xy5AfrYcRZl0VLymP1Jw,Lawton,OK
L C Crawford Concrete & Cnstrc,,ChIJuTrWj9EYrYcRzDLKnuVClzw,Lawton,OK
J&E Tile and Flooring Inc.,http://jandeflooring.com/,ChIJlaYizGG3iIgRJ-oCOO6ciKI,Tuscaloosa,AL
Alabama Coatings and Painting,https://alabamacoatingsandpainting.com/,ChIJFzLuERqpiIgRWxQ-SLzYeq4,Tuscaloosa,AL
Superior Concrete Tuscaloosa,https://superiorconcretetuscaloosa.com/,ChIJ-6jnolMDhogRcJDUNl-yI7I,Tuscaloosa,AL
ALLCAPS Concrete,https://www.allcapsconcrete.com/,ChIJLbRVfqT_hYgRSW1f39SUhOo,Tuscaloosa,AL
Jeffco Concrete Contractors Inc,http://www.jeffcoconcrete.com/,ChIJJbvT4kkAhogRxG_Fqu1FHgM,Tuscaloosa,AL
"Concrete Decor, LLC",,ChIJgRQEDbnEiIgRwO5e0nnAtzw,Tuscaloosa,AL
Hammerhead Concrete LLC,http://www.hammerheadconcrete.com/,ChIJ3SClFBeY_yURyRLkbuSgHDM,Tuscaloosa,AL
"Industrial Coatings & Services, LLC",http://ics-team1.com/,ChIJUTE2JK8EhogR4uEa7RZiDRM,Tuscaloosa,AL
Pro Seal Spray Foam LLC,https://proseal-sprayfoam.com/,ChIJ2683jeohhogRnJtvLnKaxwM,Tuscaloosa,AL
Vgc concrete llc,http://vgcconcrete.site/,ChIJM_4TAGqviIgRHgIwNGETFrc,Tuscaloosa,AL
"Sobcon Concrete Company, Inc.",http://sobconconcrete.com/,ChIJW-SMOCQdhogR6dNyZTzE2FE,Tuscaloosa,AL
"Rushing Concrete Company, Inc.",https://www.rushingconcrete.com/,ChIJlYAcX8QdhogRv5ZjCvLuYO0,Tuscaloosa,AL
Nano Renew,https://www.nanorenew.co/,ChIJhzJDH64C0ywRl_hxDJ05FXs,Tuscaloosa,AL
HYMOJO Construction LLC,,ChIJSY0uiVUDhogRP9oygLj5J7A,Tuscaloosa,AL
READY MIX USA Tuscaloosa Ready-Mix Concrete Plant,http://www.cemexusa.com/,ChIJx7ZCJ_0ChogRXCIq4LFFbDQ,Tuscaloosa,AL
Houndstooth Construction LLC,,ChIJzfz-PB-piIgR3fVzXtazlvY,Tuscaloosa,AL
Elegant Paving LLC,https://elegantpavingllc.com/,ChIJz2jdXF-0Z4oRW426aW9fC8Q,Tuscaloosa,AL
K & A Builders Inc,https://www.kandabuilders.com/,ChIJg1ZPs-8ChogRBxjEL_p8_pU,Tuscaloosa,AL
B G Watkins Construction Co,http://bgwatkinsconstruction.com/,ChIJQ2MO0xYChogRcB46Cu5RIaI,Tuscaloosa,AL
McAbee,http://www.mcabeeinc.com/,ChIJf1rZDXkDhogRTV6bWm60XFA,Tuscaloosa,AL
"Any Angle Services, L.L.C.",,ChIJDQLO3u4DhogRzACF4Scn3kA,Tuscaloosa,AL
Capitol Materials,https://capmat.com/s/content/tuscaloosa?trk=org_gmb,ChIJCSQE2XgDhogRFOFXWtH54Vw,Tuscaloosa,AL
Home Perfection General Contractor Inc,http://www.homeperfectiongc.com/,ChIJ5x1nERIkiYgRBwSAT9N2uDI,Tuscaloosa,AL
MH Wilson Contracting,,ChIJPSlwMYkDhogR13eE1QfDo8c,Tuscaloosa,AL
TBG Homes,https://tbghomesal.com/,ChIJE7crhmkChogRmD6yn2To14s,Tuscaloosa,AL
Habitat for Humanity ReStore- Tuscaloosa,http://www.tuscaloosarestore.org/,ChIJ20EGBWYChogRFcyaDShKdP4,Tuscaloosa,AL
"Slip Free Systems, Inc.",http://www.slipfreesystems.com/,ChIJf2Jhk4yRQIYR_5Vy0D1aYxs,Galveston,TX
Immaculate,http://www.immaculatepaint.com/,ChIJe1SwlIGeP4YR8lM7aXM9Mlw,Galveston,TX
GC Concrete Contractor Galveston,,ChIJDR8NflgsrisRTHvyEt0hA04,Galveston,TX
Gizmo's Concrete Works. Residential And Commercial Concrete,https://www.gizmosconcretework.com/,ChIJdfZh3U6BQIYRgGuYLV6fEWE,Galveston,TX
Texas Commercial Concrete Services,https://www.texascommercialconcreteservices.com/galveston/,ChIJfa2IFoefP4YR6hijJ5pTCpQ,Galveston,TX
JP Custom Concrete,http://jpcustomconcrete.com/,ChIJodw-5ZaJQIYR7f3IVJVjcZQ,Galveston,TX
Cementek,http://www.cementek.net/,ChIJNR0hTHJ2Z4sRdvvDLIZC9Ec,Yakima,WA
Armortech Resurfacing Inc,http://www.armortechresurfacing.com/,ChIJxWisHIowlFQRu3RbLYS5y3Q,Yakima,WA
Clean Cut Paint & Coatings,http://www.yakimapaintingandcoatings.com/,ChIJ0-JXp6j0YgcRmJhEbHTJrNw,Yakima,WA
Valley Concrete Finishing Llc,https://business.google.com/v/valley-concrete-finishing-llc/012651603321130392522/806f/_?caid=21033264439&agid=158564506506&gclid=CjwKCAiA8sauBhB3EiwAruTRJgjzy0-CtVFeBnjk4Q_lIXuIjCd9aIkodGQ9A6vSUT9dnAL_NeEg5hoC8GYQAvD_BwE,ChIJnV5L7_B9l1QRKUFUsUul9gE,Yakima,WA
JH concrete finishing LLC,https://jhconcretefinishingllc.godaddysites.com/,ChIJ03A9H-0LCkkRa8dtVGRVtEg,Yakima,WA
Premier Concrete LLC,,ChIJFaIctNN9l1QRKMYDrXYmacU,Yakima,WA
Level Best Northwest,http://www.levelbestnorthwest.com/?utm_campaign=gmb,ChIJn91T6wjgaI8RS2DNz_EpdHw,Yakima,WA
Dios concrete contractors,https://diosconcretellc.com/,ChIJ4WU2mKPXmVQR8eiaYrogSWU,Yakima,WA
SPACE CONCRETE LLC,https://spaceconcretellc.com/,ChIJZwCJM3XXmVQRC5yRia5f5T8,Yakima,WA
Pleasant Ridge Construction,http://www.pleasantridgeconstruction.com/,ChIJVb8INEUYmFQRYFfFrdtyOZ4,Yakima,WA
UBG LLC,https://ubgconstruction.com/,ChIJ_Q47uBFhraoRz7R0TjyAAOA,Yakima,WA
Haywood Concrete Construction,http://haywoodconcrete.net/,ChIJ___vhjzUmVQR_mJfew64Cck,Yakima,WA
A&J Custom Concrete Construction,,ChIJt45wXgh7l1QRJN_KzX3SySA,Yakima,WA
J and J Striping Co.,https://jandjstripingco.com/,ChIJya4cpTJvriERRqKAgIA2COU,Yakima,WA
MTZ CONSTRUCTION,https://mtzconstructioncompany.com/,ChIJKeLj-fTXmVQRBEZIAaNhGHs,Yakima,WA
Baxter Construction and Restoration,https://yakimarestoration.com/,ChIJbcgIbWzXmVQR8iNTxmXfgSc,Yakima,WA
LF CONSTRUCTION & EXCAVATING,https://lfconstructionalex.wixsite.com/lf-construction---ex,ChIJJUGePtVQPm8RFRob_ufgUw4,Yakima,WA
"Complete Restoration & Construction, LLC",http://www.crcrestoration.com/,ChIJqcrl_x6Bl1QRnEYB7_ZIdrU,Yakima,WA
Let's Pour Concrete Construction,,ChIJV9KnxJ18l1QROaAMHgsuZe8,Yakima,WA
Concrete Cutting,,ChIJAQBAwIRil1QRNFI1KYB4VVo,Yakima,WA
New Finish LLC,https://www.newfinishonline.com/,ChIJTc9PdB7AI4gRce6zjo1wGrI,Saginaw,MI
Epoxy Crete Innovations,,ChIJmzUJ8YzpI4gR3cuvn0gSIUU,Saginaw,MI
Performance Floor,http://www.performancefloor.com/,ChIJuwGHjvcgJYgR-ArJ7GA3Stc,Saginaw,MI
Epoxy Pro Floor Coatings,https://www.epoxypro.com/,ChIJy0dwzsvgJIgRFU5ElbW4euM,Saginaw,MI
nsi painting and epoxy llc,,ChIJrRNq--3BJIgRYrcktfZn4jY,Saginaw,MI
Fine Concrete Services,http://fineconcreteservices.com/,ChIJyRhb7zfFI4gR8cmHJkOHiac,Saginaw,MI
Decorative Concrete Resources,http://www.dcrconcrete.com/,ChIJA6KGZrXEI4gRrurCeu-xmnA,Saginaw,MI
Eagle Construction,https://eagleconstructionllcmi.com/,ChIJYwpuB_2MI4gRODZRHJDcMuk,Saginaw,MI
Agnew Concrete Construction,https://www.agnewconstruction.net/,ChIJGWZH-zHdI4gRo5BDL_EbvtA,Saginaw,MI
Mr. Asphalt & Seal Coating,http://mrasphalt.net/,ChIJvXJ6p2mVI4gRtej0u6bSDlQ,Saginaw,MI
Black Jack Asphalt & Concrete,http://www.blackjackasphalt.com/,ChIJta_rOnKWI4gR6H6Yn9ptyzM,Saginaw,MI
"Big Bob's Flooring Outlet - Carpet, Ceramic Tile, Vinyl, Laminate and Hardwood Flooring",https://www.mybigbobs.com/,ChIJC8zaUPz11oARP1_LzXZ4MIE,Yuma,AZ
222EpoxyFlooring,https://222epoxyflooring.com/,ChIJ2b9_FABR1oARbWCLM--EKJI,Yuma,AZ
Surface Protective Coatings LLC,https://paa.ge/surfaceprocoats/en,ChIJEa04qNNZ1oARN0NX5ZzVvU8,Yuma,AZ
DBG FLOORING,http://www.dbgflooring.com/,ChIJXziPQo_31oAR5inKjq95jtE,Yuma,AZ
Yuma Paint & Epoxy,https://yumapaintandepoxy.com/,ChIJa7w16rVh1oARXbforFoPeSg,Yuma,AZ
Sierra Coatings LLC,,ChIJI-B3aNxf1oARP2JBSyZv9d0,Yuma,AZ
Excalibur Epoxy Artisans,https://excaliburepoxyartisans.com/,ChIJA8_VJ7sRLIcROWDAkKYXrVw,Yuma,AZ
Flooring America of Yuma,https://www.flooringamericayuma.com/,ChIJY0DVVfz11oARzWFYTrax-oc,Yuma,AZ
MB FLOORING,https://mbflooringllc.com/,ChIJh9i01n9f1oARIZaFYBNG6yc,Yuma,AZ
Arizona Building Supply,https://azbuildingsupply.com/,ChIJUVM_3HJh1oARWlvONF9_SCc,Yuma,AZ
Beeler Equipment Co The Color Shop,,ChIJdfIaVwn21oARZVapbPARjwo,Yuma,AZ
Epoxy Daddy LLC,http://epoxydaddy.net/,ChIJ0YZnQECnK4cRxyCq_LBxk9s,Yuma,AZ
Sun City Epoxy,http://www.suncityepoxy.com/,ChIJw9hCNOZCK4cRfKkz4xBzU9M,Yuma,AZ
Desert constructions,https://desertconstructions.com/,ChIJ78zEgkz31oARprm0Qj4sZek,Yuma,AZ
EdgeStone Concrete Contractors,https://concretecontractorsyumaarizona.com/,ChIJQeopYAD31oAR8keU_ITA10A,Yuma,AZ
Evans Custom Concrete,,ChIJq-8wTQhf1oARP5yNvZRJF7I,Yuma,AZ
Nu-Life Specialty Coatings,,ChIJJZ1dAkT21oAR9pTQZoQTenM,Yuma,AZ
The Right Choice Construction LLC,,ChIJKSXQb_v31oARYKrlErqM10k,Yuma,AZ
Steve Evans Concrete LLC,,ChIJb45K9Hpf1oARghd12skv46U,Yuma,AZ
Master Finishes,,ChIJefqRmwz21oARP5DVZyX07UA,Yuma,AZ
Concrete Yuma AZ Pros Of Fortuna Foothills,https://concreteyuma.com/,ChIJU1chehxh1oAR_i12G8OPeJw,Yuma,AZ
"Polytek of Redding - Protek Concrete Coatings, Inc.",https://www.polytekofredding.com/,ChIJcU8ByWeN0lQRa5C3Mli-XIA,Redding,CA
Simplicity Flooring and Tile,https://simplicityflooringandtile.com/,ChIJE_VMUZTB0lQRktNcXM3h7vY,Redding,CA
Prime Concrete Creations,http://www.primeconcretecreations.com/,ChIJkSBrkbuS0lQRtYiobjEJMPU,Redding,CA
Creative Concrete,https://conteconcrete.com/,ChIJBY30oXMaAwkRdOkjIM1YIUA,Redding,CA
Redding Concrete,https://www.reddingconcreteco.com/,ChIJOaCjEkiV0lQRNrSzXUc3ZbI,Redding,CA
Muse Concrete Contractors Inc.,http://www.museconcrete.com/,ChIJu4YsKEXr0lQRHNug196co5c,Redding,CA
Kinsman Concrete Construction,,ChIJ_4YMCR3s0lQRM8mTtbxM09k,Redding,CA
"Platinum Construction & Concrete, Incorporated",,ChIJ64_gqTDr0lQR9jg9tiZaCTA,Redding,CA
Advisor Construction,http://advisorconstruction.com/,ChIJTRYYbtOS0lQRWAF6uOLCv08,Redding,CA
Clean Slate Construction,https://cleanslate.construction/,ChIJPZuWjhJkJAcRYhclu1tn7bo,Redding,CA
Jewell's Concrete Cutting Inc,,ChIJramOczyT0lQRkE5Vz2TcUWI,Redding,CA
Pyramid Concrete Design,,ChIJ82KmGYiR0lQRm85VAQasRvI,Redding,CA
Professional Coatings,,ChIJ9WgDCUDq0lQRltxP7CkSwY8,Redding,CA
Axner Excavating Inc.,http://www.axnerexcavating.com/,ChIJZ7gtMr2U0lQRek3gqaecarc,Redding,CA
Ceramic Designs by Ron Green,https://www.ceramicdesigns.net/,ChIJN-XIXSrr0lQRFix_5QuayZY,Redding,CA
Paint Bro'z Inc,https://paintbroz.com/,ChIJCwoZ4_2LaWMR9aZ5hyPopcs,Redding,CA
"Liddell Construction Supply, Inc.",,ChIJEXRO1rrs0lQRHci8sBaricA,Redding,CA
Loucks Landscape Supply,https://www.louckslandscapesupply.com/,ChIJl80sM7HB0lQRmhGT6vB44Bs,Redding,CA
HRC Construction,https://hrcconstructionca.com/,ChIJ6wWhcEeV0lQRI2Q6RYEhPmI,Redding,CA
Carroll Construction Inc.,https://carrollconstructioninc.com/?utm_source=google&utm_medium=wix_google_business_profile&utm_campaign=18256623220342277941,ChIJmbQV3A_t0lQR49gChZuKSdo,Redding,CA
Tuff Shed Redding,http://www.tuffshed.com/locations/us/ca/redding,ChIJQWHb3rzs0lQRkiXR7PDMz48,Redding,CA
American Edge Inc,,ChIJZbQVtE6U0lQRx-uvAlVfqI4,Redding,CA
Surface FX,https://www.surfacefxinc.com/,ChIJA8FeKpET6YARuzn1JmpDWfw,Santa Barbara,CA
"Michael Renga Flooring, Inc.",http://www.rengaflooring.com/,ChIJKUxe-usU6YARgeNnDgQERBk,Santa Barbara,CA
805 Hardwood Flooring,https://805hardwoodflooring.net/,ChIJ3XvhCGEU6YARVb_mxatrWOc,Santa Barbara,CA
Santa Barbara Hardwood Floors,http://www.sbhardwoodfloors.com/,ChIJC5l3xpQU6YARGKfGYI6xWmc,Santa Barbara,CA
RMS Handcrafted Floors,http://www.rmsflooring.com/,ChIJK2QCZIIT6YAR_kQDgtKD6EQ,Santa Barbara,CA
Fancy Floors Color Center - Flooring Store,https://fancyfloorssb.com/,ChIJF3jIcYMT6YARWGViACkOXss,Santa Barbara,CA
Andros Floor Design and Kiba Studios,http://androsfloor-design.com/,ChIJv61nQ5AT6YARZrw0qWPTSCE,Santa Barbara,CA
Water Tite,http://www.watertitesupplies.com/,ChIJlW7hC4Q_6YARCKEvlYA5SA4,Santa Barbara,CA
Santa Barbara Industrial Finishing,https://sbifin.com/wordpress/,ChIJhfdK2IU_6YAR7WFZbs0DFKM,Santa Barbara,CA
Mesa Painting,http://mesapaint.net/,ChIJj_KUTmMU6YAReJceJWt6fYs,Santa Barbara,CA
Rainbow Custom Painting of Santa Barbara & Montecito: Painting Contractor and Painters,http://www.rainbowcustompainting.com/,ChIJvf4oZ3AU6YARixJtjT4lkHM,Santa Barbara,CA
SE Autostyling,https://seautostyling.com/,ChIJKXAEw5AT6YARkckyapemI3k,Santa Barbara,CA
Santa Barbara Concrete Contractors,https://www.santabarbaraconcretepros.com/,ChIJzU8ubLEV6YAR7DUi7rEhyOE,Santa Barbara,CA
M&M Concrete Contractor,http://www.mmconcretesb.com/,ChIJz7ey_u4V6YARx41P5cJwF68,Santa Barbara,CA
"Kenney Construction, Inc",http://www.kenneyconstruction.com/,ChIJMRy7J4UT6YARzEIknHx5CG0,Santa Barbara,CA
My Back Yard Contractor,http://mybackyardcontractor.com/,ChIJrZLHZlgV6YAR4_U6TDzqXuQ,Santa Barbara,CA
54concrete,http://54concrete.com/,ChIJGxHUVVV7V2EREztTqOtjrlg,Santa Barbara,CA
Anacapa Concrete Contractors,http://anacapaconcrete.com/,ChIJ7Smi1UEU6YARYn2QSC7eQ8g,Santa Barbara,CA
Aesthetic Flooring & Hard Surfaces Inc.,https://aestheticflooring.com/,ChIJ2yCtk8IGbIcR-cIzcINNYyo,Longmont,CO
Tellez Concrete and Design LLC.,https://tellezconcreteanddesign.com/,ChIJRZl8t03Q6YcRgCmW_P6kkr8,Longmont,CO
Sweet Concrete Coatings,https://sweetconcretecoatings.net/,ChIJP7RAB8pVnQARJpgOM8AKocI,Longmont,CO
Garcia Concrete,https://garciaconcrete.net/,ChIJ8UaV2xv5a4cRUnfw4Ba8Gvc,Longmont,CO
R R Concrete LLC,,ChIJsbLE8RX5a4cRWWzFbUtsyc0,Longmont,CO
Adams County Concrete Coatings,https://adamscountyconcretecoatings.com/,ChIJPQMuhJ9tbIcRY53byl-8PU0,Longmont,CO
Custom Concrete Prep and Polish,https://customconcreteprepandpolish.com/?utm_source=gbp&utm_medium=organic&utm_campaign=gbp-listing,ChIJoR_-Wt2Ha4cRN8JKFyFayGA,Longmont,CO
Longmont Concrete,https://usecustomconcrete.com/longmont-concrete-contractor/?utm_source=gmb&utm_medium=longmont,ChIJc_gF4Pj5a4cRbP1HX7rvPTY,Longmont,CO
GR Concrete Construction LLP,https://www.grconcreteconstruction.com/,ChIJo7fJmsoHbIcRHEdnvu6dhXc,Longmont,CO
Ed's Gutierrez Concrete,https://www.edsgutierrezconcrete.com/,ChIJ26IT3QL5a4cR9BejkalFoVo,Longmont,CO
"KMN Concrete, Inc.",https://kmnconcrete.com/,ChIJq6p6VZT5a4cRWlyUxFdbT0Y,Longmont,CO
None,http://www.tcs-co.com/,ChIJKwLVvsQGbIcRnrET8zz_9YY,Longmont,CO
YC Concrete & Metal Work,http://ycconcretemetal.com/,ChIJs2HVnt75a4cReVm4ScpTr1s,Longmont,CO
Royal Concrete Works,,ChIJl3uo6C75a4cRZQt4pQyOzFM,Longmont,CO
CC Concrete LLC,https://www.concretedenverllc.com/,ChIJ6XIys_iLa4cRgRvjyXmR3RQ,Longmont,CO
White's Flooring & Construction,,ChIJM-yBr-jnrokRo2O0La5_MDg,Greenville,NC
Full Service Flooring,http://www.fullserviceflooring.com/,ChIJq2uTtWjCrokRnn33K4ZRq4Q,Greenville,NC
Superior Concrete of NC Inc.,http://www.superiorconcreteofnc.com/,ChIJT0qiVJ3ErokRDLCTfc316Hk,Greenville,NC
Concor,https://concoronline.com/,ChIJWZnR-9bnrokRBXFpiARUcvI,Greenville,NC
Moore Flooring,http://www.mooreflooring.net/,ChIJHR6kD7bUnIARU1H1HfykdQI,Chico,CA
HardCoat Solutions,https://www.hardcoatsolutions.com/,ChIJV6OtuKK1nIAR0Rmkp-LUz_w,Chico,CA
California Renovation,https://www.carpetonechico.com/,ChIJiaGVpsAog4ARVTNt-gYAjto,Chico,CA
Hughes Hardwoods,http://www.hugheshardwoodschico.com/,ChIJsRxH0UrZgoARq1ggwCalVHo,Chico,CA
Floors By Ray,http://www.floorsbyray.com/,ChIJOf30B78og4ARxL8-H68P_FI,Chico,CA
Wood Brothers Carpet & Flooring,https://www.woodbrotherscarpet.com/,ChIJWfnec8oog4AR1Ms66IaWLQE,Chico,CA
Towne Flooring Center,http://towneflooringcenter.com/,ChIJPTPzUSomg4ARfMxNef9bnA0,Chico,CA
Dave's Tile City,https://www.davestilecity.com/,ChIJv8h-wp4og4ARC89rQBUERoM,Chico,CA
Pawledge Concrete,https://pawledgeconcrete.com/,ChIJYYvDvr7YgoAR-dMEfmpxX1c,Chico,CA
"Pro Diamond Stone, Tile & Hardwood Restoration",http://www.prodiamondstonerestoration.com/,ChIJCQZHSmZ2XQAReqM8zG9zluA,Chico,CA
Tough Coat Flooring Inc,http://www.toughcoatflooring.com/,ChIJrX1np_Mxw4ARvXt_pQn8unU,Chico,CA
S & S Floor Covering,,ChIJQWJmNbDUnIARdnaA3UDXrXY,Chico,CA
LKQ Refinish - Chico,https://locations.lkqcorp.com/us/ca/chico/31-wrex-court/,ChIJo3t0eiQmg4ARuw-G3X3nd0g,Chico,CA
HotCoats PowderCoat,http://hotcoatspowdercoating.com/,ChIJP7UYF0bYgoARlJcgDEln6VY,Chico,CA
Leete Concrete,http://www.leeteconcrete.com/,ChIJQYsHzvDegoARV6kHxuMY4kI,Chico,CA
Al's Concrete,,ChIJwV4st-XYgoAR8GjUvSCPzwU,Chico,CA
Custom Concrete Concepts,,ChIJq6qWjQoog4AR5kpi-LCdCkY,Chico,CA
JS Construction,http://jserraoconstruction.com/,ChIJ_yLSEg8ng4ARQarzq0Ug8qc,Chico,CA
"Proframe Construction, Inc.",http://www.proframeconstruction.com/,ChIJpZc7AaEog4ARCO0RH-KKtjw,Chico,CA
Pilo Cuadros Construction Concrete Specialist,http://pilocuadrosconcrete.com/,ChIJNfds8wvYgoAR6akZ7yhejSg,Chico,CA
Applied Finishes,https://www.appliedfinishes.net/contact,ChIJA88EqCUmg4AR63Q-W51kd-0,Chico,CA
Atomic Powder Coating,http://atomicpowdercoating.com/,ChIJvVlPka7YgoARtlaGFYvwFQQ,Chico,CA
AGS Concrete Construction,,ChIJu9ZhFLcng4ARhhYSYI5DM-Q,Chico,CA
Absolute Concrete,http://www.absoluteconcretecontracting.com/,ChIJ_1rxQRtMg4ARl4Q_y9scjP4,Chico,CA
Bergstrom Concrete,http://www.bergstromconcretedesigns.com/,ChIJiQV8eZLZgoAR2eA2cCAdO74,Chico,CA
Collins Concrete Construction,,ChIJSVov5esng4ARS4ko7fY1IpI,Chico,CA
California Concrete llc,,ChIJyYUN3bhy1KoREf4PucUPhP8,Chico,CA
Complete Asphalt Services Co Inc,,ChIJnU1ostoog4ARcbVw_AWO1Nk,Chico,CA
Hiwa Builders,https://hiwabuilders.com/,ChIJswFFFEAng4ARRSE53UlRJXk,Chico,CA
MTB Construction,https://www.mtbconstruct.com/,ChIJ2Z8TE1Qrg4ARJmCc325R4mk,Chico,CA
Platinum Powder Coating Inc,,ChIJN8gqySQmg4ARetPtE0X1MZs,Chico,CA
Cody Hosier Construction,,ChIJGfaBdrsng4ARVy8ouuP8Lx8,Chico,CA
Thunder Struck Coatings,https://www.thunderstruckcoatings.com/,ChIJrXea-RjvxYkRWv3BEd-m51E,Reading,PA
"Haglee’s Decorative Coatings, Inc",http://www.hagleesinc.com/,ChIJPzoAh1JpzIkRlgbYRfMIqhQ,Reading,PA
Carpet & Tile Mart,https://shop.carpetmart.com/carpetmart-reading?utm_source=google&utm_medium=organic&utm_campaign=gbp&utm_content=reading,ChIJK6G7xLx3xokRGdstggxeahY,Reading,PA
Hannahoe Painting,https://www.hannahoe.com/,ChIJ6-CXDxR3xokR0xPvs6fGkNE,Reading,PA
Lezzer Lumber - Reading,https://www.lezzerlumber.com/locations/reading,ChIJhcmePB1wxokRHAwotNu4sjw,Reading,PA
Mendez Flooring & Tile,https://www.mendezflooring.net/,ChIJwUpuzStxxokRI40VHm8levM,Reading,PA
About All Floors,https://www.aboutallfloors.com/,ChIJ5zu4Zvx8xokRrn_oE1gKy2I,Reading,PA
Berks Concrete Restorations,https://berksconcreterestorations.com/,ChIJV1HxIHIBwIUROLmMYpqI_aQ,Reading,PA
Berks Concrete LLC,https://berksconcrete.com/,ChIJ307E_753xokRM7q04BdUE_w,Reading,PA
Meraki Custom Finishes LLC,http://www.merakicustomfinishes.net/,ChIJQ4MUJco1B4QR_cPuVeTaclQ,Reading,PA
J Vincent Concrete Contractors,http://www.jvincentconcrete.com/,ChIJM1smS2OIxokRtnBMWUVv0NA,Reading,PA
C S Stoneworks,https://csstoneworks.com/,ChIJVQrbv8CbyYkRqrZSSYBERFs,Reading,PA
Solution Concrete,https://www.solutionconcrete.com/contact-us/apply-for-job/,ChIJq6oagSJyxokRv1Uk3xkwdns,Reading,PA
Rangel Concrete Construction,https://www.rangelconcretepa.com/,ChIJ7Wn_gHF3xokRr7r6Np_G4Lg,Reading,PA
Ordonez Masonry Contractors LLC,https://ordonezmasonrycontractors.com/,ChIJD5NPjf93xokRaEa0cpA1nac,Reading,PA
"Breyer Construction & Landscape, LLC.",http://www.breyerconstruction.com/?utm_source=google&utm_medium=organic&utm_campaign=gmb,ChIJvUvKj8FwxokRmXQMTVqezXA,Reading,PA
"Quality Pavement, LLC",https://www.qualitypavementllc.com/,ChIJ27dx5tQMxokRRZQqMtwefIM,Reading,PA
Catalin General Construction,https://catalingc.com/,ChIJf86Ohst3xokRklpG0pSjwJI,Reading,PA
TOPS Decorative Concrete LLC,https://www.topsdecorativeconcrete.com/about-us,ChIJq6pmfBq1y4cR5QKyZ7HwriE,Fort Smith,AR
Allison Sales Co. | Flooring & Glass,https://www.allisonsalesonline.com/,ChIJRQXVMmRNyocR9HRXQPN_E-U,Fort Smith,AR
Norris Material & Supply,http://www.norrisms.com/,ChIJtX0OT1JTyocR7u1kXRddMMc,Fort Smith,AR
Alford's Carpet One Floor & Home,https://www.alfordscarpetonefortsmith.com/?utm_source=&utm_medium=organic&utm_campaign=gbp-listing&utm_content=Fort%20Smith-showroom,ChIJJQ6wJsBMyocRr-J1zgfdcCA,Fort Smith,AR
Manjarrez Concrete N Paint Solution -Concrete Polishing And Construction Services,,ChIJ-3EwMfizy4cRqrCAbZrSukI,Fort Smith,AR
AWC Concrete,,ChIJ_____9tMyocRWz9sDRYkLD8,Fort Smith,AR
"Buckner Concrete Contractors, Inc.",https://www.bucknerconcreteinc.com/,ChIJL0n9AeVMyocRLkbSHYsMDyM,Fort Smith,AR
Asphalt Concrete Restoration & Supply llc.,http://asphaltconcreterestorationsupply.myshopify.com/,ChIJ666vqi1NyocRB67BOiNTtLI,Fort Smith,AR
American Polymers LLC,,ChIJVVVVVRW8WYgRNfa_qXNe5Sc,Asheville,NC
The Garage Authority,https://thegarageauthority.com/,ChIJ7wo6tUK-WYgRYIhtdgTVmEo,Asheville,NC
Top Gear Epoxy Flooring Inc.,http://topgearepoxyflooring.com/,ChIJV-2djgLzWYgReDJRL8MkeQo,Asheville,NC
Asheville Flooring LLC,,ChIJIU1YCojtWYgR-f1UZbyQ3vo,Asheville,NC
"CC Flooring Professionals, Inc.",http://ccflooring.net/,ChIJyWG3z5GMWYgRjp4RdioS5uc,Asheville,NC
"WNC Precision Flooring & Repair, Inc.",http://wncprecisionflooring.com/,ChIJy2msAdfvWYgRo8rGejrkneo,Asheville,NC
Upstate Flooring,https://upstateflooring.com/,ChIJnyzeYAbtWYgR0nPMpw1SUxc,Asheville,NC
Snyder Flooring & Decks,http://snyderflooringdeck.com/,ChIJPU9sunmJWYgR64Wi0IxupXg,Asheville,NC
"Quality Floor Service, Inc.",http://www.qualityfloorservice.org/,ChIJ6Up9lybqWYgRitGDfD3M1Vg,Asheville,NC
Freshwater Finishes,,ChIJH3P9Lu6MWYgRG2YYXlSAVC0,Asheville,NC
Asheville Concrete Coatings,https://www.ashevillecoatings.com/,ChIJ564-XqbtWYgRueViTAj2vvA,Asheville,NC
Classic Floor Services,,ChIJhbBg3HG8WYgRX-N2H7JDT_8,Asheville,NC
Asheville Concrete & Driveway,https://ashevilleconcreteanddriveway.com/,ChIJn7Zg0BwOOGERbh2SAvfVQmM,Asheville,NC
POUR-NC,https://wepourmore.com/,ChIJ6VWFc4PzWYgR_oLHPGeY3CQ,Asheville,NC
Blue Ridge Concrete & Construction LLC,https://blueridgeconcreteandconstruction.com/,ChIJWcJBcYaaxkIRwHALPBFcbsU,Asheville,NC
Carolina Concrete Designs Inc,http://www.carolinaconcrete.com/,ChIJfctkkaXqWYgR_yQoVd93nbk,Asheville,NC
Carolina Concrete Placement Company,http://www.carolinaconcreteplacement.com/,ChIJ4ZnR60yTWYgRVpwTySGqKjc,Asheville,NC
"Concrete Kid, LLC",https://concretekidllc.com/,ChIJZwDq-8jfwUQRYEWsYqXZNnA,Asheville,NC
JC Concrete,https://the-real-jc-concrete.ueniweb.com/?utm_campaign=gmb,ChIJN1cnFkLzWYgRgx5c-gVi2GA,Asheville,NC
"R&J's Concrete, LLC",https://rnjsconcrete.com/contact,ChIJVVVBJmCMWYgRuPws3Vzr8KI,Asheville,NC
Affordable sealcoating and repairs,http://affordablesealcoatingandrepairs.com/,ChIJIwGhUiyFWYgReE9rgh91sTk,Asheville,NC
Lake Effect Coatings,http://www.lakeeffectcoatings.com/,ChIJs3mjfzO0r1IRufeukJjkMxY,Duluth,MN
Garage Force of Duluth/Superior,https://duluth-superior.garageforce.com/,ChIJpYIzfc1ONAcRViUG-WPV_-M,Duluth,MN
Best Floors & More LLC,https://bestfloorsllc.com/,ChIJW2FVIqTX3ocRcDeU0bTD1IM,O'Fallon,MO
Extreme Coatings,https://www.extremecoatingsmo.com/,ChIJ3_94_nnJ3ocR-bGEZPNFGhA,O'Fallon,MO
O'Fallon Family Floors,https://ofallonfamilyfloors.com/?utm_source=google&utm_medium=organic&utm_campaign=gmb,ChIJW30xHpnR3ocRcZZCVBJtZ0s,O'Fallon,MO
Garagezilla,https://www.garagezillastl.com/about-us.html,ChIJAQBsFk243ocRI9_cbwmQsGc,O'Fallon,MO
MARBLELIFE®/ENDURACRETE of St. Louis,https://www.marblelife-stlouis.com/,ChIJJWTE6HPI3ocRFlbgxq0Vyro,O'Fallon,MO
Superior Sealing and Top Coating,,ChIJE7h3t0fb3ocRIIae1Va-TPY,O'Fallon,MO
Archway Brick & Tile,http://archwaybrickandtile.com/,ChIJdZuvAjnR3ocR5HJHNdD0_gk,O'Fallon,MO
SHADCO Restoration & Reconstruction,https://shadcoconstruction.com/?utm_campaign=gmb,ChIJvbzGTNbJ3ocRaPGvHNi78Cg,O'Fallon,MO
CVM Enterprises,https://cvmenterprisesincstpeters.com/,ChIJ55XFx5X1sIcR6VfKU1GVgG0,O'Fallon,MO
"Top Quality Painting, Inc.",http://top-quality-painting.net/,ChIJiyeQd83X3ocRMrq3hn9nZHM,O'Fallon,MO
C Bennett Premium Building Supplies,https://cbennett.net/,ChIJDbpwrR3Q3ocRTGJAoPBK6JU,O'Fallon,MO
Rockshield epoxy coating,https://www.rockshieldepoxycoating.com/,ChIJtepWre_H3ocRXE0f8F0VxA8,O'Fallon,MO
Foutz Concrete Solutions LLC,http://foutzconcretestl.com/,ChIJHSVmTxkfwYcRy8BhLENVAk4,O'Fallon,MO
O'Fallon Concrete Co.,https://ofallonconcreteco.com/,ChIJTdu-NJXR3ocRvvXKZ9Nu8S4,O'Fallon,MO
J Lynn Concrete LLC,http://jlynnconcretellc.com/,ChIJPbSIZ0fR3ocRG3XwXEayc3w,O'Fallon,MO
Spec Group Concrete,http://www.specgroupconcrete.com/,ChIJ62zBltjR3ocROA7ARQgSOxI,O'Fallon,MO
Speciality Concrete LLC,,ChIJ75v16dXW3ocRQ2PLnodIrME,O'Fallon,MO
L&S Concrete,https://www.landsconcretestl.com/,ChIJTaVgkxIp34cRODQyt18vggc,O'Fallon,MO
ZCM Floor Coating,https://zcmfloorcoating.com/,ChIJ9em3MfIaIIcRvPK4EAHwgE0,El Centro,CA
Robbie's Flooring,https://www.robbiesfloorcoverings.com/,ChIJX8842Ldg14AR7wenp598c6M,El Centro,CA
J.S. Floor Covering INC.,https://www.jsfloorcoveringinc.com/,ChIJYetHPQFn14ARwCr0D-13bUc,El Centro,CA
Rj Flooring,http://rjfloors.com/,ChIJEeNcMy5n14ARLoCZ83I9dDA,El Centro,CA
Home Improvement Depot,http://hidepot.net/,ChIJHxmpeodn14ARjQb1crYlAJc,El Centro,CA
Alvaro Madrid Concrete Construction,http://alvaromadridconcreteconstruction.blogspot.com/,ChIJzyGZuApe14ARF7jvsnT5n0k,El Centro,CA
Ryerson Inc,http://superiorrm.com/ryerson,ChIJPXj6ZwNn14ARJWsda-7kTBQ,El Centro,CA
Pro Services Poured Rubber El Centro,http://proservicespouredrubber.com/,ChIJvdM-Pfxn14ARwyLdtAo9gdo,El Centro,CA
Sierra Mare Construction,https://sierramareconstruction.com/,ChIJacjpmNRn14ARDghm3ZOWBKk,El Centro,CA
MP Construction,,ChIJzzRcRYJh14AR_obndRRxMNk,El Centro,CA
ONYX Concrete Coatings,https://onyxcoatings.com/,ChIJf_SHsErR3IARDhOg_kya9GM,El Centro,CA
Andrade Construction,https://builtbyandrade.com/contact,ChIJseVAW7Ng14ARdDBluElv980,El Centro,CA
El Monte Elite Concrete Solutions,https://www.elmonteeliteconcrete.com/,ChIJ_eijGQDbwoAR3vGVvWKcKgU,El Centro,CA
Pacific Coast Cement,,ChIJ0zfSfBtn14ARJze2Afg7pEk,El Centro,CA
SLA Paving Inc.,http://slapaving.com/,ChIJcb_OrP1m14ARY-fa-w6nAbc,El Centro,CA
Clean Force Concrete Corp.,http://qualityconcretepolish.com/,ChIJp8sOO08r3YARmk5mnzKYxZE,El Centro,CA
liquid stone surfaces llc,https://www.liquidstonesurfaces.net/,ChIJOaVcCd0CaEwRtYCGoM4DbrY,Bellingham,WA
Fairhaven Floors,https://www.fairhavenfloors.com/,ChIJh-wF0Q6khVQRtwCoiXtTUpc,Bellingham,WA
Pacific Trim & Floor Supply,,ChIJKQLD0oijhVQR9IJUfChZEM0,Bellingham,WA
Bellingham Bay Concrete Solutions,http://www.concrete-bellingham.com/,ChIJGxwCbLajhVQRoruPeqMIFsM,Bellingham,WA
Coast Salish Concrete,http://coastsalishconcrete.com/,ChIJX42BvOAqlQURO8Xqs8Y3gDY,Bellingham,WA
Bellingham Concrete Contractors,https://bellinghamconcrete.com/,ChIJe1IEqoGkhVQRtdGAv5n66CE,Bellingham,WA
Puget Sound Concrete,https://www.pugetsoundconcrete12.com/,ChIJcQYk6pmlhVQR9wPtzCjLbxY,Bellingham,WA
Custom Concrete Contracting Inc.,http://www.customconcrete.biz/,ChIJ0QQgnI2khVQRQrus9YaB9M4,Bellingham,WA
True Surface Concrete Restoration,https://www.truesurfacenorthwest.com/,ChIJDeIC2vKlhVQRK-t16d0zXQU,Bellingham,WA
Concrete Tune Up,http://www.concretetuneup.com/,ChIJLxzBJFtmbIgRzo2X2utarno,Bloomington,IN
Bounds Flooring Inc.,https://boundsflooring.com/,ChIJm0l1z2dnbIgRFWDVMHRaTyA,Bloomington,IN
Bloomington Concrete Contractors Co,https://concretebloomingtonin.com/,ChIJ0XIsqp0A9akRcaazhxeUKag,Bloomington,IN
Performance Refinish Supply,http://www.performancerefinish.com/,ChIJk3La3hNnbIgRsusDiHs0GNs,Bloomington,IN
HTH Contracting LLC,https://hthcontractingllc.com/,ChIJNSMcvhyDu0sRZcMFIVYdtto,Bloomington,IN
Bomenite Architectural Concrete,http://www.abovethegradeconcrete.com/contacts.html,ChIJVVWBBqFjbIgR9qepJ-mqNTM,Bloomington,IN
Bloomington Seal Coating & Paving Inc.,http://www.bscp1.com/,ChIJ0T1mCZ1pbIgRUR07SP9oN58,Bloomington,IN
Core Concrete Construction LLC,https://www.coreconcreteconstruction.com/,ChIJFwMaEpOlbIgRGu9JLNiz4iA,Bloomington,IN
Pro Finish Seal Coating,,ChIJI2vMWo1nbIgR2wb3nXrE2ZQ,Bloomington,IN
Siniard Concrete Services,,ChIJfVPZx5hebIgRN-x9Czii5CY,Bloomington,IN
P & B Construction,https://www.pandbconstruction.net/,ChIJs8fU27VdbIgRHcPUipd1-fE,Bloomington,IN
Arnold Asphalt,http://arnoldasphalt.com/,ChIJZz_nBWFdbIgRIM_yQYk2hWs,Bloomington,IN
Crossroads Foundation Repair,https://www.crossroadsfoundationrepair.com/?utm_source=google&utm_medium=organic&utm_campaign=gmb_bloomington,ChIJZ1nDUbZnbIgR9GjzwUlrjz8,Bloomington,IN
Mark's Epoxy,,ChIJqdfIR1xjjYcR1rab4dbIzBA,Sioux City,IA
Diamond Floor Solutions,https://diamondfloorsolutions.com/,ChIJyZCUBerhjYcRDGreFDkrBZ8,Sioux City,IA
Central US Coatings Inc.,,ChIJ-4I5RlxjjYcRWfBzFImycGU,Sioux City,IA
Dave's Wood Floors Inc.,https://daveswoodfloorsinc.com/,ChIJ81HRxBkGjocR23zwa-QHyC4,Sioux City,IA
Painting Pros,https://paintingpros.xyz/,ChIJq-d6EZp4L2oR4m1c5dgrLTA,Sioux City,IA
Pro Seal Solutions,http://pro-sealsolutions.com/,ChIJkamvCWT9jYcRO8oWaGVDfVk,Sioux City,IA
Concrete Countertops,https://www.hardycountersfloorsia.com/contact,ChIJVVWF9pb-jYcRwpOVQUGdskg,Sioux City,IA
Custom Wood Floors,,ChIJTZkm4Kf9jYcRPmyAWegGYiM,Sioux City,IA
Vander Veen Flooring Service,https://www.vanderveenflooringservice.com/,ChIJMRjtLaL9jYcRm2JPEawfdsw,Sioux City,IA
National Coatings & Supplies,http://www.ncsssi.com/,ChIJUVRDdo4HjocRfVwws-fnwAs,Sioux City,IA
Interstate Powder Coatings,http://www.interstatepowdercoatings.com/,ChIJxW5Sv5kHjocR_hcFJFYnOtc,Sioux City,IA
Pittsburgh Paints & Stains - Available At Menard's,http://menards.pittsburghpaints.com/default.aspx,ChIJs_VitHL8jYcRoRC1twZkzI0,Sioux City,IA
Concrete Plus,http://concreteplussiouxcity.com/,ChIJzY_oe3X9jYcR98wKIIWXJQ0,Sioux City,IA
Ag Construction,https://www.agconstructionsc.com/contact-us,ChIJVVXZTWv8jYcR0hltBU1Q1rg,Sioux City,IA
Sioux Concrete Construction,https://www.siouxconcrete.com/site/,ChIJ7VRGFVsxjIcRXZpJ34WGx3c,Sioux City,IA
Specialized Concrete,http://www.specializedconcrete.net/,ChIJvXYYz5nFjYcRqIoUI_A9xaU,Sioux City,IA
Concrete Products,http://www.copcosc.com/,ChIJQx_Phgn9jYcRHR9Onh2IjSg,Sioux City,IA
Young Concrete Lifting and Repair,http://youngconcretelifting.com/,ChIJ___D3in8jYcRU7Koku1xlNI,Sioux City,IA
Firm Foundation Concrete,https://www.firmfoundationconcrete.com/,ChIJZUDTOhg0jIcRKsQ0u6Bo1R8,Sioux City,IA
Premium pavement seal coating And Crack Filling,,ChIJM9uFTvz9jYcR_m9i07CGk4w,Sioux City,IA
Tamps Concrete Construction,,ChIJZT5l8sb9jYcRD8qgWZTNTmY,Sioux City,IA
Ellison Construction LLC,,ChIJ12hXaoTijYcRW_uMgbyDowM,Sioux City,IA
Rick C Scott Construction,,ChIJk3po_pH7jYcRNJ6dw9Eh8WI,Sioux City,IA
Sioux City Wilbert Vault Co,,ChIJp9Vkeav_jYcR_7wXaJdQr-c,Sioux City,IA
Standard Ready Mix,,ChIJfYH2CG39jYcRRkrO-ujiw-o,Sioux City,IA
"Iconic Floors & More, Inc.",https://iconicfloorsandmore.com/,ChIJ63ThlO75m0oR_FP4u8Tb5Mk,Hemet,CA
Hemet Flooring,https://www.hemetflooringplus.com/,ChIJP8qERlBv24ARr9kpnkHQ4AY,Hemet,CA
Ferguson Flooring,https://www.fergusonflooringinc.com/,ChIJxSfeXd1n24ARPiIFYWDnWGo,Hemet,CA
MARENKO EPOXY COATINGS,,ChIJi0w5YXRv24ARQVSnD8Ahmfo,Hemet,CA
Firm Tech Concrete,https://firmtechconcrete.com/,ChIJO_Iexbi_EIYRVsWOVABvWLU,Hemet,CA
Rosendo’s Concrete & Design,https://www.rosendosconcretedesign.com/,ChIJzbO8EczNUo4Ri788fPmUjDU,Hemet,CA
KISSconcrete Inc.,https://kissconcreteinc.com/,ChIJwYdmVm0fEwgRFTPRDgvfndk,Hemet,CA
True Rock Systems,https://hemetconcretecontractors.top/,ChIJP4P4TgBl24ARjnQNREEOmes,Hemet,CA
Monolith Coast Concrete Design,http://monolithcoast.com/,ChIJox4N5eKTiAQRNyByzkB_qug,Hemet,CA
Advanced Concrete,,ChIJCUa7u3Rm24ARo2wCBa7McKo,Hemet,CA
VSP Concrete,https://www.vspconcrete.com/,ChIJ77mqpvJz24ARMCuBt9kQ_Nc,Hemet,CA
Logos Concrete,https://www.logosconcrete.com/,ChIJL2B4CNaf3IARtCWCma3wDW4,Hemet,CA
Concrete By Finisher For Hire,,ChIJC2kcd6Jm24ARtRbbaVEmugk,Hemet,CA
Shawn Walston Concrete,https://shawnwalstonconcrete.com/,ChIJf4o3Io1u24ARya85vlmtOhM,Hemet,CA
Deckrete Concrete Resurfacing,http://www.deckrete.com/,ChIJVVXg6DVe24ARY5jPNOz3Clk,Hemet,CA
"Cafar Construction, Inc.",https://www.cafarconstruction.com/,ChIJmYIDCwBHxmAR41VUZVbfFO8,Hemet,CA
La Duke Brothers Concrete,,ChIJ0YukjgJv24ARgdkkkLmY4tI,Hemet,CA
Coronita Concrete,,ChIJq25l6lFh24AR8ehxUL-Ygdo,Hemet,CA
Illustrious Concrete,http://illustrious-concrete.com/,ChIJU9OQYMLsQQYRMpcdIYKEspY,Hemet,CA
"ALPHA DEMOLITION CONTRACTORS, INC.",http://alphademocontractors.com/,ChIJo512C9xt24ARgkAQYQR19uo,Hemet,CA
NS Concrete Coatings,,ChIJqe9wo0et3IARkzweOpIr8NY,Hemet,CA
East Texas Epoxy Solutions,,ChIJS7XdhthHNoYRDujme_gJOyw,Longview,TX
High Dessert Concrete Coating,http://highdessertconcretecoating.com/,ChIJM2gZHfM5NoYRfehMaTqqomU,Longview,TX
Johnny's Flooring Outlet,http://johnnysflooringwarehouse.com/,ChIJpdf_Bnw4NoYR1cv-3Q-2D_Y,Longview,TX
Lance Kokenzie Flooring,,ChIJtbCgOr0-NoYRQfhnq-lXfSQ,Longview,TX
Owl Flooring Sale & Installation,,ChIJ51313pkjNoYR7lYZqNhsCbg,Longview,TX
Floor Removal Specialist,http://etxfloorbusters.com/,ChIJPYsQanA8NoYRurCUUAeiuwE,Longview,TX
Spectrum Paint & Flooring,http://www.spectrumpaint.com/,ChIJKwDw1qQ-NoYROgl1E8nic7k,Longview,TX
Factory Direct,https://www.factorydirectflooringlongview.com/,ChIJn73LNjM_NoYRXtSyZzG9gpQ,Longview,TX
Home Plus Floors,http://www.homeplusfloors.com/,ChIJq4u8jFY_NoYR8XL2t83Ln1g,Longview,TX
Johnny's Carpet One Floor & Home,http://www.johnnyscarpetone.com/,ChIJyZfMi-5HNoYR7cu3TWoCp5c,Longview,TX
Phillips Flooring America,http://www.phillipsflooringamerica.com/,ChIJXXe1IbE4NoYR9Lr6epP4ovo,Longview,TX
Floor Medic,http://www.floor-medic.com/,ChIJHTput404NoYRlKd-wTk7hDg,Longview,TX
Eneca Concrete & Construction,https://www.enecaconcreteconstruction.org/,ChIJP6piQgJCGAkRmA6oOBm4MIE,Longview,TX
Ed’s concrete construction,http://edsconcrete.net/,ChIJNfenBABHNoYRKjXlamwFzcQ,Longview,TX
"Leland & Bradlee Construction, Inc.",http://www.lelandbradleeconstruction.com/,ChIJAZT3TP9HNoYR-6UQMB-ntv0,Longview,TX
Gregg Williams Construction,https://williamsconstructionltd.com/,ChIJB7QI0wg5NoYROpBl58ACHDo,Longview,TX
ION Restoration,https://iontotherescue.com/,ChIJrxwkYZ85NoYRDLKSgQ6eSbk,Longview,TX
AJ Concrete,https://ajconcretelongview.com/,ChIJJdcvNew5NoYRtJ2oD04JjVo,Longview,TX
DDM Construction,,ChIJf7cEH484NoYRoYOeMPwfcKo,Longview,TX
Form N Pour Concrete,,ChIJrSupz7E9NoYRHfNnQFffsVY,Longview,TX
"North Crete Services, LLC",https://rymaps.xyz/business/north-crete-services-llc-uurlbk,ChIJUSX3mMhANoYRmd0Qj4zMCmw,Longview,TX
Solis Concrete,http://www.solisconcrete.com/,ChIJf7cEH484NoYRhvH68_wcjWc,Longview,TX
Joiner Concrete,https://joinerconcrete.com/,ChIJg_bDBn8jNoYRlPjnDBAhc2w,Longview,TX
Troy Rapp Concrete Contractor Inc,,ChIJ2W_wnyJHNoYRTjGyW4bBp7A,Longview,TX
J & J Construction & Asphalt LLC,https://www.jandjconstructionandasphaltllc.com/,ChIJkSYbq7w_NoYRYLPbOUEFHjI,Longview,TX
Concrete Republic,,ChIJOXc8OTQ_NoYRBkTch2RGQSs,Longview,TX
Ultimate Garage Floors,https://www.ultimategaragefloors.com/,ChIJwUXmiuYxv1QRRhcVMikcwDo,Bend,OR
ConSeal Inc - Epoxy Garage Floor Installation,,ChIJP6i_Rp3IuFQRWuUJhyeS4MU,Bend,OR
Mid State Construction Services,http://midstateconstructionservices.com/,ChIJsdyvkUfx0iwR5pRpJID0puA,Bend,OR
Webfoot Home Improvements,https://www.webfoothome.com/?utm_source=google&utm_medium=business_profile&utm_campaign=,ChIJFSMKskjPuFQRXB_n0KAv8Jg,Bend,OR
Superior Concrete Restorations,https://www.superiorconcreterestorations.com/,ChIJzYsSJqPJuFQRDeDMErKV4DU,Bend,OR
Premier Concrete Bend,https://premierconcretebend.com/,ChIJsQXAbb_JuFQRfiUFwtj8FJI,Bend,OR
Concrete Pros Bend,http://www.concreteprosbend.com/,ChIJVf3BcRvHuFQRjgVzfmHhiEU,Bend,OR
Mountain Peak Concrete Flatwork & Stamped Experts,http://mountainpeakconcrete.com/,ChIJ154InJ_VvlQRgpw50ba5fD8,Bend,OR
"Jucc, Inc",http://www.bendconcrete.com/,ChIJj9it02XPuFQR_g0SB1hR6X0,Bend,OR
Farewell Bend Concrete Co,http://concrete-bend.com/,ChIJHQChGNHJuFQRJoUIGI6WECo,Bend,OR
Concrete Services,https://concreteservices.pro/,ChIJAQBc0hbHuFQR9qecJmguIA8,Bend,OR
Adam & Sons Concrete Bend,http://adamandsonsconcretebend.com/,ChIJ8ySsZM45SIMRf0n38fC6O50,Bend,OR
S&C Painting Solutions,https://www.scpaintsolutions.com/,ChIJcYaEOvrhwqERMaamr6qijNQ,Bend,OR
Northern Arizona Epoxy Floors LLC,https://northernarizonaepoxy.com/?utm_campaign=gmb-profile&utm_medium=organic&utm_source=local,ChIJk_DyiekpLYcRuHZ7ZBqY2O4,Prescott,AZ
Generation Flooring LLC,https://generationflooringllc.com/contact-us/,ChIJVVWpxhwpLYcRnTUe4I2fMSI,Prescott,AZ
Slash P Flooring,https://slashpflooring.com/,ChIJweYlInkjLYcRG_BVZABaTRY,Prescott,AZ
Finishing Touch Painting,https://www.finishingtouchpaintingaz.com/,ChIJWe-ubt4jLYcRUvYoz6nuh10,Prescott,AZ
Toro Concrete,,ChIJRyYPFMFIgKoRn3IBblqo6fw,Prescott,AZ
IG Concrete The Concrete Pros,https://www.igconcretepros.com/,ChIJHYpPFwFHqGYRgFFyJahLg_I,Prescott,AZ
J Co Contracting,http://www.jcocontracting.com/,ChIJIfC8mdsoLYcRRd6ZS00rZJw,Prescott,AZ
Platinum Concrete Works,https://platinumconcreteworks.com/,ChIJOa-cpVsD7AERze1FcaHe6sE,Prescott,AZ
B & M Painting Inc.,http://www.bandmpaintingaz.com/,ChIJi9RcGEs3LYcRzS84ryq0S50,Prescott,AZ
Prescott Valley Concrete,https://www.prescottvalleyconcrete.com/,ChIJJ7yKw9EjLYcR6mTIezG_oqk,Prescott,AZ
JM concrete construction And landscaping,,ChIJW7AKA4slLYcRu4Qr4FSVh9M,Prescott,AZ
Harrisonburg Epoxy Flooring,https://www.harrisonburgepoxy.com/,ChIJQfCXiYnttIkRZ8KieSfLCsg,Lynchburg,VA
Central VA Flooring,https://centralvaflooring.com/,ChIJAQ4zLGzasokR5RucMSwFq9s,Lynchburg,VA
DI&G Hardwood Floors & Restorations LLC,https://www.dighardwoodfloorlyhva.com/,ChIJj-hWAhq3sokR_a2M6QLdczg,Lynchburg,VA
Blue Ridge Floors Inc.,https://www.blueridgefloorsonline.com/,ChIJi_DbagTRsokRSyoLo4BGTY4,Lynchburg,VA
Piedmont Floor Show,https://www.piedmontfloorshow.com/,ChIJ9S0GADbQsokRY4z0w9JY8T8,Lynchburg,VA
Transformation Painting,http://transformationpainting.com/,ChIJg9KuBf7fsokR0Ac4An66040,Lynchburg,VA
Modern Polished Concrete,http://modernpolishedconcrete.com/,ChIJcROEYoHQsokRN_bGA-Gu-zY,Lynchburg,VA
Affordable Andy's Flooring LLC.,http://www.affordableandys.com/,ChIJS5Ur8Sb9TYgROyB5RcRKkKk,Lynchburg,VA
NBS Flooring,https://nbsbuildingsupplies.com/,ChIJszIyo1bZsokRO6yiqoRBt6s,Lynchburg,VA
Lynchburg Concrete,https://lynchburgconcrete.co/,ChIJr05p-ATZsokRMf_zFj45AuA,Lynchburg,VA
GT Associates Asphalt Concrete Maintenance & Repair INC,https://gandtassociates.com/,ChIJ-8pXstbyjKURzmL5wIRjUEY,Lynchburg,VA
Dogwood Concrete Construction,https://dogwoodconcrete.net/,ChIJY3SagEbXsokR_kL8VDYS-10,Lynchburg,VA
Bette-Jeanne's Resurfacing & Decorative Concrete,,ChIJ07VKSG3ZsokRCiw43aORonY,Lynchburg,VA
Shields Concrete,https://shieldsconcretellc.wixsite.com/shieldsconcrete,ChIJjYyjt9_XsokRlTG7Cn2KVtc,Lynchburg,VA
Lloyd Concrete Services Inc,http://lloydconcrete.com/,ChIJ07XoEwvFsokR0_h3W1r4C4o,Lynchburg,VA
Lynchburg Concrete Co,http://www.concrete-lynchburg.com/,ChIJCQmY74jRsokRmU4UKLBg0T8,Lynchburg,VA
Xcel Concrete Leveling,https://www.xcelconcreteleveling.com/,ChIJj9Nd-5HZsokRdyH55phY9KE,Lynchburg,VA
Premier ConPave,https://premierconpave.com/,ChIJv4fIQDTQsokRwXpvdJ3rLMI,Lynchburg,VA
Watts Concrete Company Inc,,ChIJr4IfAqXIsokRHyEamvB3z_Y,Lynchburg,VA
Advanced Quality Coatings,http://www.advancedqualitycoatings.com/,ChIJ6_NKEFAis4kRKzX42eybu5Q,Lynchburg,VA
"Lynchburg Ready Mix Concrete Company, Inc.",https://lrmcc.com/,ChIJA76bj-bZsokRuyE5RF7xYVU,Lynchburg,VA
Mr. Pave,http://www.mrpave.com/,ChIJJ2_MXZfbsokRCA5Ct2CzmD4,Lynchburg,VA
Young Sealcoating Inc.,https://www.youngsealcoating.com/,ChIJbedsL5bRsokRNfIkJk0pOXg,Lynchburg,VA
Lynchburg Ready Mix Concrete Co Inc,http://lynchburgreadymix.com/,ChIJMXe0cJsis4kRa6XCnjGXV1g,Lynchburg,VA
Unity Concrete Contractors Lynchburg,,ChIJU7Ubuq7ZsokRpoyr4EAG3rk,Lynchburg,VA
Cascio & Sons Construction,https://www.cascioandsonsconstruction.com/,ChIJXTWxIlcns4kRuXXpkljFbbs,Lynchburg,VA
Concrete World,,ChIJ9zuzfefFsokRptB_SCUg8nc,Lynchburg,VA
Baxter Builders,http://baxbuilders.com/?utm_campaign=gbp-main&utm_medium=organic-search&utm_source=google,ChIJx4HuGkY6Jm8R2l8eBMpG69U,Lynchburg,VA
RP Flooring LLC,https://rpflooringllc.com/,ChIJxcvZZiF7z1QRMpqVfPowiQ4,Medford,OR
Oregon Floor Works,https://oregonfloorworks.com/?utm_source=google&utm_medium=organic&utm_campaign=gbp&utm_content=primary,ChIJaaq7jQFHDikRPZOguYfuufg,Medford,OR
"Rogue Flooring | Medford, Oregon",http://rogueflooring.com/,ChIJC7HHb9B7z1QRZFZHwN0iRos,Medford,OR
Completely Floored,http://completelyfloored.net/,ChIJbz_9JR16z1QRw-9FwLXNNWU,Medford,OR
I-TILE,https://itile.biz/,ChIJl3C3PSCeAqkR2ZVXsMJ1LpA,Medford,OR
Lippert's Carpet One and Kiba Studios,https://www.lippertscarpetone.com/?utm_source=google&utm_medium=organic&utm_campaign=gbp-listing&utm_content=Medford-showroom,ChIJGyShlgbVyFQRbJcTn-E6kY4,Medford,OR
"Simpson & Associates SDVOSB, LLC.",https://simpassoc.com/,ChIJTbxea5x7z1QROFbJ68TDrSM,Medford,OR
"Fashion Floors, LLC",http://www.fashionfloors.net/,ChIJy2OVGTF6z1QRoOg7qyLJPu0,Medford,OR
T & A Supply Company Inc,https://www.tasupply.com/,ChIJV6e599l7z1QR7zMSWAnTJvM,Medford,OR
Omnia Concrete (formerly) Fettig Concrete,http://www.omniaconcrete.com/,ChIJWcoiFU1uuagR1NeJ1epxDzI,Medford,OR
"Lallo Concrete Designs, LLC",https://www.lalloconcretedesigns.com/,ChIJRYIbVEgEwYwRu-LLdYA5IeM,Medford,OR
Llad Concrete Cutting,,ChIJmZSfcKVxz1QRu2c8CZdasj0,Medford,OR
Cut N Break Construction Inc,http://www.cutnbreak.com/,ChIJseKp1TF6z1QRlXWV8ppSm64,Medford,OR
Creative Stone Concepts,https://creativestoneconcepts.online/,ChIJp3K2iWN7z1QRrqMTTr1RvBI,Medford,OR
Adams Protective Coating,,ChIJI91FL4B7z1QR5tWZYeqQ5xQ,Medford,OR
A/G Coatings & Supplies,https://a-g-coatings.com/,ChIJGek4rzgZwIcROs2wHhxpMSA,St. Joseph,MO
Heartland Paint Floor & Decor,,ChIJnxnyi1kZwIcR9IdR6eo_Mww,St. Joseph,MO
Pro Floors & Construction,,ChIJlXtY7XsZwIcRJ190RpDMu0g,St. Joseph,MO
Meyer Floors,http://meyerfloors.com/,ChIJMZWqA5YewIcRHZrKaHiFM2I,St. Joseph,MO
Eckard's Home Improvement,http://www.eckardsflooring.com/saint-joseph-home-improvement,ChIJZXefw1kZwIcRzcNfGFfZiOM,St. Joseph,MO
Carpet Masters,https://carpetmastersflooring.com/,ChIJP1RFmEMZwIcRtyrmzMgDT5Q,St. Joseph,MO
Strong Concrete,http://strongconcrete.net/,ChIJBbUNlbEEwIcRHiKBfD6OBkc,St. Joseph,MO
Clark Concrete Construction Co Inc,http://www.clarkconcreteconstruction.com/,ChIJoy-nEjcZwIcRhvxHns6hdKw,St. Joseph,MO
A & L Concrete,https://alconcretemo.com/,ChIJA9zeKe0bwIcRkrNTtnBSRtM,St. Joseph,MO
"JD Bishop Construction, LLC",http://www.jdbishopconstructionllc.com/,ChIJH4JeTdYfwIcR1JTKP-EYVLM,St. Joseph,MO
Mudjack Concrete,,ChIJh5ottgsbwIcRgyatGiFRx9Y,St. Joseph,MO
Proffer Concrete Construction LLC,,ChIJZ79UG_YcwIcRsy1u1ki_Ri8,St. Joseph,MO
Concrete Revival,https://www.concreterevival.co/?utm_source=google&utm_medium=business_profile&utm_campaign=website,ChIJuyI-EQDb6ocRINUBnBitep8,St. Joseph,MO
Hi-Tech Coatings,http://www.hitechcoatings.com/,ChIJcUt5noZEyoARLUF90RumUy8,St. George,UT
Rhino Concrete Coatings (St. George UT),https://rhinoconco.com/?utm_campaign=gmb,ChIJNZ7E2-BFyoARJaqkGmnQDas,St. George,UT
Triple D Concrete Coatings,https://tripledcoatings.com/,ChIJndPfgof3yoARErwNMmKpFGQ,St. George,UT
XPS Xpress St George LLC,https://xpsxpressstgeorge.com/?utm_campaign=gmb,ChIJp6i6KZtFyoARqb_rGMIf5aQ,St. George,UT
Ayalas Concrete Designs,http://ayalasconcretedesigns.com/,ChIJvTvNWmtghyQRNb_YzZYp_SE,St. George,UT
Bulletproof Synthetic Coatings,http://www.bpsyntheticcoatings.com/,ChIJ3wl7QlaTLKoR-X5_mgbyn_g,St. George,UT
Royal Epoxy,,ChIJlTw9V2BZyoARKRG69E07SLI,St. George,UT
Clear Choice Coatings,https://www.clearchoicecoatings.com/,ChIJH2_w1j9QyoARgdE1AfUG4aU,St. George,UT
Nichols Concrete Sealing,https://nicholsconcretesealing.com/,ChIJCxlHQeV_VIcRh1F0FLPiqac,St. George,UT
Coastal Coatings,https://coastalcoatingsepoxyflooring.com/,ChIJV9zyhzBz4GQRAwgeF8tU_yo,St. George,UT
Mercury Floors,https://subtle-choux-8fe51a.netlify.app/,ChIJmdqVYPnxWkIRq7N5YnjFfSw,St. George,UT
Custom Garage Pros,http://www.garagesolutionsutah.com/,ChIJ03zVDThbyoARMQbifkXlTX4,St. George,UT
New Village Hardwood,https://newvillagehardwood.com/,ChIJm9HSgKi33QUREgQ39eHBncE,St. George,UT
Sage Flooring Supply,,ChIJpWA6c01RyoARwHQFDs6sQgU,St. George,UT
"BJ's Painting, Inc",http://www.bjspaintinginc.com/,ChIJ82sxug1QyoARxtQmIxSQdE4,St. George,UT
Skyline Painting & Coating,http://www.skylinepaintingutah.com/,ChIJJZakxy2t2KwRlsewi_p--lc,St. George,UT
Atlas Concrete Lifting LLC,http://www.atlas-lifting.com/,ChIJq6p6wr5EyoARsbOJEgIUYD4,St. George,UT
K.C.concrete coating,https://www.kcconcretecoating.com/,ChIJgwBYYCdPyoARRh8ZorhTuTo,St. George,UT
Toole Floor Coating Co.,http://www.toolefloors.com/,ChIJGTns0I5-8ogR5eE68jP_ZPs,Albany,GA
Floorit Enterprises,https://flooritenterprisesllc.com/,ChIJrzHHPxrJwogRMAIty8F8XOY,Albany,GA
Southern Concrete Construction Co,http://www.southern-concrete.com/,ChIJ5RAWLct58ogRcUIzETfyTc4,Albany,GA
Concrete Enterprises,https://concreteenterprises.co/,ChIJ9yZ5lRh78ogRKHybhApAC3A,Albany,GA
Southern Industrial Coatings,https://www.soindustrialcoatingsinc.com/,ChIJi-jhY-6H7YgRpl3WoQHmwy0,Albany,GA
AAA Concrete Products & Materials,http://www.aaaconcreteproductsandmaterials.com/,ChIJLWo1Est58ogRpAjSg67hlBA,Albany,GA
Conyers Concrete & Asphalt Services,,ChIJ4VFewQV78ogRpsZjolvTY-U,Albany,GA
Busbee Floor Finishing LLC,,ChIJz6gP5od98ogRn_RQXgBFVbU,Albany,GA
Next Level Concrete & Construction,,ChIJiwFd0hJ78ogR5j7LIEHABv4,Albany,GA
Affordable Painting & Remodeling,,ChIJc1ck9fl78ogRJ2GVkcrvhxE,Albany,GA
"AAA Industries, Inc.",,ChIJVVWFII158ogRRmzO63eu-5U,Albany,GA
From The Floor Up LLC,,ChIJC07OvlyxdIgRFU_BMqfACZg,Decatur,IL
"Brooks Seal Coating & Asphalt Solutions, LLC",https://brookssolutions.co/,ChIJz0zJql2vdIgRqV-rzMfKdSM,Decatur,IL
Creative Construction Concepts,,ChIJ01H17LaxdIgREAF3OHYI7tE,Decatur,IL
Vector Construction Inc.,https://www.vector-construction.com/decatur-il,ChIJJbBAwLyudIgRil2kiwfj9Jk,Decatur,IL
Precision Concrete & Construction Inc,https://www.precisionconcreteandconstructioninc.com/,ChIJ_cGuNHud-owRmARyM0P54Kg,Decatur,IL
Grohne Concrete - Christy-Foltz Inc,https://www.grohneconcrete.net/,ChIJW3LoP8OxdIgRAxf-24RH81Y,Decatur,IL
JG’s Projects LLC,http://jgsprojectsllc.com/?utm_source=gmb&utm_medium=referral,ChIJZcEQhTy7dIgRCe8c-QXxvps,Decatur,IL
Dependable Concrete,,ChIJ-1RQ_M6vdIgR6OsT4D-oKlY,Decatur,IL
DeWitt Concrete Polishing LLC,,ChIJqd1llpBjc4gRk_jePfjFwS4,Decatur,IL
Hutchins Excavating,https://hutchinsexcavating.com/,ChIJe_0xn-u3dIgR07IeOvlHmVU,Decatur,IL
The Micar Company,https://www.themicarcompany.com/,ChIJt0wONjeudIgRskSmYPPD6BE,Decatur,IL
"Stripmasters Services, Inc.",,ChIJpzyJfj6udIgR7xr5peQz-GY,Decatur,IL
Zion Pros by JG's Projects LLC,https://www.zionpros.com/,ChIJaT3mrLyldIgRD4lyb8C29aU,Decatur,IL
Concrete Finishers Inc.,http://www.concretefinishersgroup.com/,ChIJZ8KPvRWzD4gRchmpQF4kb3s,Decatur,IL
Contractors Recycled Material,,ChIJl-IEICSudIgRD-oAFQUJ3Ac,Decatur,IL
The Floor Trader of Lake Charles,https://www.floortraderlakecharles.com/?utm_source=google&utm_medium=organic&utm_campaign=gbp-listing&utm_content=Lake%20Charles-showroom,ChIJm73LXUyHO4YR6nql7-u4USQ,Lake Charles,LA
Rock Hard Coatings LA,https://rockhardcoatings.net/,ChIJEQwdruKHO4YRe44r8OBuaTw,Lake Charles,LA
A&D Universal (EPOXY) Services LLC,http://aduniversalservices.com/?utm_source=gmb&utm_medium=referral,ChIJ28JLtTPTKA4RjNg0TeQ6vfw,Lake Charles,LA
Stine Home & Yard Lake Charles,http://www.stinehome.com/,ChIJaQbFPDCGO4YRwW4g_44Zp08,Lake Charles,LA
Bird's Hardwood Floors,,ChIJm5t4_F-GO4YR14T_uoi6Z78,Lake Charles,LA
Decker Finishing LLC,https://www.deckerfinishing.com/,ChIJxfF9n56tO4YRhOD3nNIeayo,Lake Charles,LA
Landry Custom Concrete,,ChIJfzQVbZiBO4YRiPs5Noo3lGY,Lake Charles,LA
Final finish concrete inc,,ChIJ06afVIqJO4YR8vqA5pYs7Y4,Lake Charles,LA
"Louisiana Concrete, LLC",http://louisianaconcrete.com/,ChIJ6Q4c1Q6FO4YRh4CfyJeaNAE,Lake Charles,LA
PERC Development LLC,http://percdevelopment.com/,ChIJeU1LwSyEO4YRWs3zF-m_mKY,Lake Charles,LA
Premier Powder Coating LLC,,ChIJuYw-F-GDO4YRPumupCnEOyw,Lake Charles,LA
DAT'z Quality Concrete,,ChIJ1RwAYmSFO4YRT4RBqyOaCFM,Lake Charles,LA
"C & R Preferred Concrete Pumping, LLC",http://crpreferredpumping.com/,ChIJ3VHbGuuDO4YROBbE97zfUOk,Lake Charles,LA
TC Moses Powder Coating,https://tcmosespowdercoating.com/,ChIJU-a9-eWFO4YRoZt3fJtvdPs,Lake Charles,LA
"Concrete J&B Concrete ""We Form & Finish""",,ChIJKVkbcCaBO4YRUdM8K3Mx8vE,Lake Charles,LA
Bob Robison Commercial Flooring,http://www.robisonflooring.com/,ChIJueBu7esr1IcR4-iNpw_c1LY,Jonesboro,AR
Arkansas Flooring Contractors,http://arkansasflooringllc.com/,ChIJpczY3tMt1IcRnAAxOmUVJ3A,Jonesboro,AR
Laws Flooring & Rugs,https://www.lawsflooring.com/,ChIJ52MzHr8u1IcRljT7JzDyqMw,Jonesboro,AR
"River City Flooring | Hardwood, Carpet, Tile Sales and Installation",,ChIJT7Wicywr1IcRhp6ATHFXWOQ,Jonesboro,AR
Epoxy Pros | of NorthWest Arkansas,,ChIJK23kfwSryYcRTSq97Zs-iVk,Jonesboro,AR
"Elite Epoxy Flooring, LLC",https://bradseliteepoxyflooring.godaddysites.com/,ChIJZZjQMFIZ400Ro-bQk9zw4VU,Jonesboro,AR
Jonesboro Flooring & Tile Pros,https://jonesboroflooringtile.com/contact/,ChIJMUsTjyQp1IcR8beuK8ayed4,Jonesboro,AR
Ridout Lumber of Jonesboro,http://www.ridoutlumber.com/,ChIJGXWs9Bos1IcRVnp8dp7gKuY,Jonesboro,AR
N & M Concrete LLC,https://www.nmconcretellc.com/,ChIJb_wLEb_T1YcReOxSvvTmxOY,Jonesboro,AR
J & D Construction LLC,,ChIJGRO5Jaop1IcRdrmvYJrfbNA,Jonesboro,AR
Bearded Brand Construction,,ChIJY0C4pIIp1IcRDZ3MrYlQKTQ,Jonesboro,AR
Mockingbird Construction,https://www.mockingbirdconstruction.net/?utm_source=google&utm_medium=wix_google_business_profile&utm_campaign=2722205184699523865,ChIJy5NVkbIz1IcRuaFE1R0kWwk,Jonesboro,AR
Arkansas Concrete Company,,ChIJX1tJV0_u1IcR4ssAsJ6-OhE,Jonesboro,AR
Jonesboro Concrete Company,https://jonesboroconcrete.com/contact-us/,ChIJoz2H2bAo1IcRnzJZRzSZFX8,Jonesboro,AR
Seal It Up Inc.,http://www.sealitupinc.com/,ChIJZyQY-1kv1IcRDOCFxF0Acbg,Jonesboro,AR
A & P Concrete Construction,https://arkansasconcretecontractor.com/,ChIJdS4WtLTUzIcRonVqwNP3Xck,Jonesboro,AR
JF Concrete & Construction,,ChIJO_ADxxh4VycRD3rfPST44f0,Jonesboro,AR
Razorback Concrete Company,http://razorbackconcrete.com/,ChIJGTAgJ6go1IcROMLOT1w72CU,Jonesboro,AR
GR Concrete,,ChIJn7zzxhAp1IcR5JDSVlUZBnY,Jonesboro,AR
"Nettleton Concrete, Inc",http://www.nettletons.com/,ChIJz__NSLss1IcRl8M63Fzbwbw,Jonesboro,AR
M & M Asphalt LLC,,ChIJE-aXiBwv1IcRnQLrkCHuboU,Jonesboro,AR
"Sugg Construction, Inc.",http://www.suggconstruction.com/,ChIJswxBoBAl1IcRXoxzws1TjBU,Jonesboro,AR
McNally's Asphalt Services,https://www.mcnallyasphaltservicear.com/,ChIJVVWFANEu1IcRJvafZoi-A68,Jonesboro,AR
Advanced Concrete Services Inc,http://www.aconcretesi.com/,ChIJmewRRxZByYcReHNNuc-hP_Y,Jonesboro,AR
Best Concrete Work,,ChIJd1tFDRiD1ocRdHwJTNS47oI,Jonesboro,AR
"Mark Morris Construction, LLC",http://www.markmorrishomes.com/,ChIJcY_4UJ8u1IcRdFvmFF7YT_4,Jonesboro,AR
Flyhawk Floor Coatings,https://www.flyhawkfloorcoatings.com/,ChIJeycFwjHNfIcRyBOejj8JX9k,Rapid City,SD
Diamond M Concrete Coatings,https://www.diamondmcoatings.net/,ChIJa9IgtmpdfYcRI3wueWJ_MuU,Rapid City,SD
"Carpet Garage Flooring Center Rapid City, SD",https://carpetgarage.com/,ChIJZ9q9G-FcfYcR_8aHGI1VYTk,Rapid City,SD
Black Hills Concrete Specialties,https://blackhillsconcrete.com/?utm_source=gmb&utm_medium=organic&utm_campaign=whitewood,ChIJjytqGHgz_0URspPuhqJDUnY,Rapid City,SD
Alpha Concrete,http://rapidcitysdconcrete.com/,ChIJMSwL2nRdfYcRVvZ1KayoYYY,Rapid City,SD
SD Elite Concrete Leveling,https://sdeliteconcreteleveling.com/,ChIJmZAlEABdfYcRieOPSwV_GIc,Rapid City,SD
Brownstone Inc,http://www.brownstonesd.com/,ChIJXyj8r9JcfYcRXOqhMQ_pL5Q,Rapid City,SD
SRS Concrete Services,https://www.srsconcreteservices.com/,ChIJVVWRs65SLVMRqefNDLd2ftY,Rapid City,SD
Canyon Concrete Corp,http://www.canyonconcretecorp.com/,ChIJbf3IFemZMlMRRklTFOkPjog,Rapid City,SD
Pro Lifting Solutions,https://proliftingsolutions.com/,ChIJf5JyaSAZ7CwRQfBLwZMSaiY,Rapid City,SD
West River Concrete Creations LLC,,ChIJ6UoJVTlDfYcR6uFqSkK_uEI,Rapid City,SD
Engineered Concrete Products,https://ecpcompany.com/,ChIJ2XV2nIlnfYcRVfZgQ0PrXEY,Rapid City,SD
Complete Concrete,http://www.ccsisd.biz/,ChIJAW6D9-5DfYcR9-yGyo0cV-s,Rapid City,SD
Shea Concrete,,ChIJSRViissZfC4RQi-hpTXwANY,Rapid City,SD
S & S Concrete,,ChIJXyj8r9JcfYcRdDcsmKup_0Y,Rapid City,SD
Beckett Custom Finishes,,ChIJv3vUlgxpfYcRvxysfHWogSI,Rapid City,SD
W D Masonry & Concrete Inc.,https://wdmasonry-concrete.com/,ChIJUSMNMTFbfYcRijfF-t-oEbI,Rapid City,SD
Extreme Foundation Repair,http://www.extremefoundationrepair.com/?utm_source=GMB&utm_medium=GMB&utm_campaign=GMB,ChIJg8LZdRVDfYcRIJhWtQxB7V8,Rapid City,SD
Flooring Express,https://www.flooringexp.com/,ChIJ13A8olgcE4gREbyzlCNNkBM,Lafayette,IN
Miller's Flooring America,http://www.millersflooringamerica.com/,ChIJB0-Q5PscE4gR83zLRu-OGH8,Lafayette,IN
"Indiana Flooring Specialists, LLC",https://www.indianaflooringspecialists.com/,ChIJdy3fblYdE4gRWCqOJPZUZiA,Lafayette,IN
Creative Floor Coverings,https://creativefloorcoverings.com/,ChIJfSpN7s8cE4gRYXtGntFovtk,Lafayette,IN
Lafayette Concrete & Remodel,https://lafayetteconcreteco.com/,ChIJA_QSOO0dE4gR8_EAIbeCQKQ,Lafayette,IN
The Painting Group,https://thepaintinggroup.net/?utm_campaign=gmb,ChIJJxp0JrCiwiwReaw_9S4bLUo,Lafayette,IN
CDH Resurfacing Solutions,https://www.cdhresurfacing.com/lafayette/,ChIJk6zRfw0dE4gRpcQWoqFGCRo,Lafayette,IN
Joe's Concrete USA,https://joesconcreteusa.com/,ChIJMQq12M79EogRJhupLPGmp6c,Lafayette,IN
Terre Haute Garage Floors,https://www.terrehautegaragefloors.com/,ChIJo2blN1F7bYgR1HFRTIwDoyo,Lafayette,IN
Rooks Concrete Construction and Custom Flooring,https://www.rooksconstruction.com/,ChIJx9JaAnJlbYgRkNnAsdR-43o,Lafayette,IN
Classic Concrete Co,http://concrete-lafayettein.com/,ChIJqcTsEIgZE4gRi4t6Ajj8hw0,Lafayette,IN
Terre Haute Concrete Company,https://terrehauteconcretecompany.com/,ChIJpw0MQb8i1I0RVCylSGdvJSc,Lafayette,IN
Lafayette Concrete & Remodel - Indianapolis Concrete Contractor,https://lafayetteconcreteandremodel.com/,ChIJ8fDd9lutFIgRyQ_kc3MoyIQ,Lafayette,IN
Lafayette Concrete,https://lafayetteconcrete.co/,ChIJjQZXw70dE4gRt59VO3bQxuc,Lafayette,IN
Santa Fe Epoxy,https://santafeepoxy.com/nearme/,ChIJAQCQzEdQGIcRsd04uWm_Pso,Santa Fe,NM
Alpha Flooring LLC,http://alphaflooringnm.com/,ChIJr8TSlAxGoakRaSE13XWtn7s,Santa Fe,NM
Guero Concrete Co LLC,http://www.gueroconcretesantafe.com/,ChIJnc7z9R1bGIcRigGTVvE6l1I,Santa Fe,NM
Always Construction Services Inc,http://alwaysconstructionservices.com/,ChIJbesT2DhRGIcRU1S5gCqwG3M,Santa Fe,NM
Dbc Inc Concrete Products & Supplies,http://www.dbcconcretesupply.com/,ChIJVXAkIHJcGIcRhX3rG7Geisw,Santa Fe,NM
Santa Fe Concrete,https://santafeconcrete.com/,ChIJe0QepuRdGIcR9HV_Jv0-yb0,Santa Fe,NM
Advanced Concrete Design Inc,,ChIJRU2r0l5aGIcR9XiUjKs4iFU,Santa Fe,NM
B&A Construction LLC,https://brand.site/Bandaconstructionllc,ChIJqdhM8PsuFEoRc-XUkrgNrqA,Santa Fe,NM
A Lady's Touch Construction Services,https://www.aladystouchnm.com/,ChIJlRGPuX1RGIcRbQwDy_C6JSQ,Santa Fe,NM
Durabuild Construction LLC,http://www.durabuildconstruction.org/,ChIJi3e1ullaGIcRRTJFKsCScCg,Santa Fe,NM
GM Emulsion,http://www.gmemulsion.com/,ChIJFWbqFHZcGIcRPoLPRaDUXUc,Santa Fe,NM
TheStuccoMaster&Construction,https://v0-construction-company-website-eight-sigma.vercel.app/,ChIJZRc7RQBbGIcR7vBErX6Gwfs,Santa Fe,NM
Advanced Concrete Design Inc,,ChIJRU2r0l5aGIcRl5LFhKoF900,Santa Fe,NM
AFJ Custom Paving,http://afjpaving.com/,ChIJt3QhV_1bGIcRDRsK3SNLtpw,Santa Fe,NM
Enrique Contracting,https://www.enriquecontractingnm.com/,ChIJoQxDHTZbGIcRXnrMFFBY_yQ,Santa Fe,NM
Superior Pavement Maintenance,http://superiorpavementmaintenance.com/,ChIJm0yiVz1bGIcRKAAPfdqSclE,Santa Fe,NM
Altitude Paint and Coatings,https://www.altitudepaintandcoatings.com/,ChIJfdceUzXPXVMRmCzwMkdRfTc,Missoula,MT
Big Sky Epoxy Supply,http://montanaepoxyshop.com/,ChIJ5_C5zGDPXVMRlfLAJPxXYlc,Missoula,MT
406 Epoxy Floors,https://406epoxyfloors.wixsite.com/mysite,ChIJP-Uskv6zZ1MRuQQSclatVFM,Missoula,MT
Epoxy Art Pros,https://epoxyartpros.com/,ChIJ9xCpdRTlZlMRMVs8fc6Uua0,Missoula,MT
Everlast Epoxy,http://everlastepoxy.net/,ChIJDbQdE6RCmGMRCt0RHdOq8Qk,Missoula,MT
Apex Epoxy,,ChIJ1XnyA6dJQlMR_Ey-yd4RDQ8,Missoula,MT
Pierce Flooring & Design,http://www.pierceflooring.com/,ChIJk5Xc4sPNXVMR-PNe1bPzG7U,Missoula,MT
Ace Wood Flooring,http://www.acewoodflooringmt.com/,ChIJZWa3Rd7NXVMRyJIHiMBe19s,Missoula,MT
MT Flooring LLC,,ChIJ5RRyMqXdXVMRX1pwkthMoHc,Missoula,MT
Winnwood Flooring,https://winnwoodflooring.com/,ChIJHbQzhYzRXVMRAaq0G4N3hCU,Missoula,MT
Missoula Floors,https://www.missoulafloors.com/,ChIJvYPj7OvPXVMRhb1gjj1S9YY,Missoula,MT
Home ReSource,http://www.homeresource.org/,ChIJV04yOcDNXVMRcWjZP4BzzDQ,Missoula,MT
"Taber's Concrete Coatings, LLC",https://tabersconcretecoatings.com/?utm_campaign=gmb,ChIJX2SkV2ifXlMRlJJ-GnK49dc,Missoula,MT
Freestone Concrete Works,https://www.freestoneconcreteworks.com/,ChIJqzNLPqTNXVMRN4Tidvsvd3E,Missoula,MT
Missoula Concrete LLC,https://www.missoulaconcretellc.com/,ChIJcXHTOG7LXVMRdNhkRs34BIc,Missoula,MT
Koffler Custom Coatings,https://www.kofflercustomcoatings.com/,ChIJh5J734kXwCMR6yUBWutVWmU,Missoula,MT
Missoula Concrete Construction,https://www.missoulaconcrete.com/,ChIJff9VS8_aXVMRWHMMApDyLVo,Missoula,MT
Montana Concrete Polishing,https://www.montanaconcretepolishing.com/,ChIJDdlZLbLRXVMR9mZAprRnTmc,Missoula,MT
Pro Construction Services,http://www.pcsmt.com/,ChIJy2fzUCrMXVMRf2pjHWYfn1M,Missoula,MT
Everts Contracting Group,https://www.evertscontractinggroup.com/,ChIJx4UdY13NXVMRsqfYEeqBNlE,Missoula,MT
AAA Construction of Missoula,http://aaaconstructionofmissoula.com/,ChIJOyxLVNTSXVMREMBOBq3ukvo,Missoula,MT
LaidOut Coatings,https://laidoutcoatings.com/,ChIJIT4lER_FXVMRWnA1vz8SL4Y,Missoula,MT
"Fontaine Enterprises, Inc",http://www.fontaineenterprisesinc.com/,ChIJKVqar17OXVMRELmJrkxoREk,Missoula,MT
Central MT Coatings,,ChIJjV9QcnU3QlMRXWIQfAY-WDk,Missoula,MT
Baer Concrete & Excavation Inc,http://www.baerconcrete.com/,ChIJVVVVVbHNXVMRHA9PJsJm7BY,Missoula,MT
Precision Concrete Inc,,ChIJAfxmRorSXVMRNB1QojfbCDs,Missoula,MT
"Clark Industrial, Inc.",https://clarkindustrialinc.com/,ChIJxWQIn_HPXVMRlea-cwM-2JA,Missoula,MT
All American Sealcoat LLC,https://www.sealcoatmissoula.com/,ChIJDcM2Y3TPXVMRFLlZNhFkzhs,Missoula,MT
Affordable Asphalt Experts,https://affordableasphaltexperts.com/,ChIJG_fziqTNXVMR7khfRmKpFyk,Missoula,MT
Shadow Asphalt,https://www.shadowasphaltinc.com/,ChIJVVUF3qzaXVMRv0s9nPlmV04,Missoula,MT
Williams Seal Coating,,ChIJERM5iiHNXVMRYxI7UWkxmXo,Missoula,MT
Northwest Concrete & Construction,,ChIJj-gy-rXRXVMRRtmE30OnPKc,Missoula,MT
Andrew's Flooring NC LLC,https://www.andrewsflooringnc.com/?utm_campaign=gmb,ChIJnxnj3oToDEQRotI1SDDNJxU,Jacksonville,NC
Carl Riggs Concrete Finishing,,ChIJQ_DdCc4RqYkR2-L0nNefmg4,Jacksonville,NC
Ivan’s Concrete Services,http://www.ivansconcreteservices.com/,ChIJxYGkopMrqYkRpmZe6zQrAa4,Jacksonville,NC
Concrete Renovations,http://www.concreterenovationsjax.com/,ChIJG2ROhIG15YgR3cDh5ZK5RO8,Jacksonville,NC
E G Custom Concrete Inc.,https://www.egcustomconcreteinc.com/,ChIJf2TQiXC75YgRjAQfF05nFwM,Jacksonville,NC
River Stonework Pavers. - River Concrete Coating,https://riverstonework.com/?utm_source=GMBlisting&utm_medium=organic,ChIJy-0FTYcz5IgRBziJI-saFqA,Jacksonville,NC
Seamless Concrete Contractors - Jacksonville,https://seamlessconcretefl.com/?utm_source=googlebusinessprofile&utm_medium=organic&utm_campaign=Google+Business+Profile,ChIJUTEGIcg4sY8R1OI-m3XPPA4,Jacksonville,NC
Rockstar Epoxy Flooring,https://epoxyflagstaff.com/rockstar-epoxy-flooring,ChIJH5sKQoqPLYcRYbZwvN2lj14,Flagstaff,AZ
Flagstaff Wholesale Flooring,https://flagstaffwholesaleflooring.com/,ChIJ8bCKAMWOLYcRziGjlWF4a9c,Flagstaff,AZ
Garage Floor Coating Direct,https://www.garagecoatingdirect.com/,ChIJAcZRHQ6pK4cRLb7ullt4aVw,Flagstaff,AZ
HK Concrete Design,http://www.hkconcretedesign.com/,ChIJB5qyBZ6JLYcRJZiuYieV2OI,Flagstaff,AZ
Flagstaff Concrete Paving,https://www.flagstaffconcretepaving.com/,ChIJ0ZDLL4OPLYcR0tRZF9WzYo4,Flagstaff,AZ
"Creative Concrete Solutions, LLC",http://www.creativeconcretesolutionsaz.com/,ChIJGyqint9VK4cRwXsJKyi_swk,Flagstaff,AZ
"Shafor Concrete, Inc.",http://www.shaforconcrete.com/,ChIJVRShDrGOLYcRxxx6sHOvvtA,Flagstaff,AZ
Henderson Concrete,,ChIJMSCq2DiPLYcR0meG6N9bFTY,Flagstaff,AZ
4M Concrete Inc,https://www.4mconcreteinc.com/,ChIJT8e2yhOHLYcRAXSdA401Baw,Flagstaff,AZ
Arizona Sealcoating Co,,ChIJER7JodaOLYcRmXWRrm9Tz0s,Flagstaff,AZ
Foundations Concrete Construction,https://foundationsconcrete.com/,ChIJNz_FI6mFLYcR7-UIrIsHV-w,Flagstaff,AZ
Colored Epoxies,https://coloredepoxies.com/pages/sf-calculator,ChIJT_h-2NTW5IkReMtz-lnqBb4,Dothan,AL
Clark's Hardwood Flooring,https://www.clarksflooringcompany.com/,ChIJHx5iLdeTkogRZqMDAI2Pjfs,Dothan,AL
THE FLOOR TRADER OUTLET,https://www.floortraderdothan.com/,ChIJl4Q6CJeSkogRwvoP2jU87GY,Dothan,AL
Carpetland USA,https://carpetlandusaal.com/,ChIJ0fxqHpeSkogRSholK6TR8JU,Dothan,AL
"Alabama Flooring Contractor, LLC",http://alabamaflooringcontractors.net/,ChIJq5SPWhKNkogRuAqLt4wRr0Y,Dothan,AL
Hardwick's Flooring,https://www.hardwickflooring.com/,ChIJFdTC3wuSkogRa_FpmPDrszQ,Dothan,AL
Mc Cord Contract Floors,http://www.mccordfloors.com/,ChIJL_vW9qzskogRsg5mQ3IpE5U,Dothan,AL
Dothan Design Studio,https://www.dothandesignstudio.com/,ChIJv3noBo-NkogRiwc04nuGxaU,Dothan,AL
A+ Floor Care Specialists,https://www.aplusfloorcare.com/,ChIJ1_NLG_qTkogRqqIeZQcEHXw,Dothan,AL
Holloway Carpet One Floor & Home,https://www.carpetonedothan.com/??utm_source=google&utm_medium=organic&utm_campaign=gbp-listing&utm_content=Dothan-showroom,ChIJA1whal6RkogRbgNxCbrIBDk,Dothan,AL
Set N Stone Concrete Coatings,https://setnstoneconcretecoatings.com/contact/,ChIJxf16s2I0aSwRAThVjOyLgwQ,Dothan,AL
Fortress Floor Coatings of NWFL,https://fortressepoxy.com/,ChIJH5zGBpDBqCkRbjb2BX39ULQ,Dothan,AL
"Bulletproof Concrete Coatings, LLC",https://www.bulletproofcc.com/,ChIJpcyACdcTCw0RKv7NxKWDQUA,Dothan,AL
Concrete of Dothan,https://www.concretedothan.com/,ChIJT99YXgCTkogRV7KW6depZJE,Dothan,AL
Vertex Concrete Constructions,,ChIJGaA3gjaTkogRDWOH60aeNxw,Dothan,AL
ACS Concrete,,ChIJTVKBCRWNkogRYH8tfaKDFHA,Dothan,AL
"Jones Concrete Finishing, LLC",http://www.jonesconcretefinishing.com/contact,ChIJVVVpIr5fjYgRzp0TIXTk9pE,Dothan,AL
Apex Concrete Pumping,,ChIJOxfVKCWTkogRBXBAUOgClhw,Dothan,AL
Concrete Dothan AL,,ChIJZdhi9qKTkogR0l13PkXF820,Dothan,AL
G&C Concrete Pump and Equipment Repair,https://www.gcconcreteequipment.com/,ChIJJ3UepxaTkogR6z4N7Yp5alM,Dothan,AL
Superior Craftsmen,https://superiorcraftsmen.net/,ChIJVVWpQ_GSkogR-t9dgJflIdM,Dothan,AL
SRM Concrete Dothan,http://www.smyrnareadymix.com/,ChIJpUAQ0eGTkogRaSe1-NiMxPo,Dothan,AL
Still Painting Company,https://still-painting.com/,ChIJU-MkP41nm40RHQl0jyp-9Gk,Dothan,AL
"First Impressions USA, Inc",https://www.firstimpressionsusa.com/,ChIJyee8yXO4fogRqFFGW5acoOE,Jackson,TN
1st Class Flooring,https://www.1stclassflooring.com/,ChIJlx3qiDGgfogRIqF4oS09bns,Jackson,TN
"Greer Flooring & Detailing(Stripping, Waxing, Buffing Floors, Carpet Cleaning and General Cleaning, Pressure Washing)",,ChIJP6n21uynfogRuV3vthPVOgs,Jackson,TN
Wood's Custom Floors & Design,https://woodscf.com/,ChIJS8KVWgOnfogRg2gn2cuio7U,Jackson,TN
Ceramic Tile Warehouse,http://www.ceramictilewhse.com/,ChIJ9SoyDGCkfogRU3ixJbs9suE,Jackson,TN
GCO/The Floor Trader,http://www.floortraderjacksontn.com/,ChIJK2U700ChfogRqF31dCAnUws,Jackson,TN
Overton Flooring,http://overtonflooringjackson.com/,ChIJjapTjwq4fogRb7-SLSckMk4,Jackson,TN
Modern Edge Concrete,http://www.modernedgeconcretestudio.com/,ChIJYeXfQmShfogRkoV6n1C_8sY,Jackson,TN
Solid Concrete Designs,https://www.solidconcretedesigns.com/,ChIJ5cBnb_anfogRuEDJa-7dfA4,Jackson,TN
Cherokee Building Materials,https://cherbmi.com/s/content/jackson-tn-yard?trk=org_gmb,ChIJDXNyO1GhfogR7BaZEdQN4x8,Jackson,TN
Smith's Floor Covering,https://sfcid.com/,ChIJhfBC0m-mfogRTL3BeiQ50OM,Jackson,TN
Pouring Concrete Inc,,ChIJuXZldwCnfogR78zZxExsRR8,Jackson,TN
Frontier Foundation & Crawl Space Repair,https://www.frontierbasementsystems.com/tennessee.html?utm_source=google&utm_medium=organic&utm_campaign=gmb-jackson&utm_content=website,ChIJq-YNWjqhfogR7nhe7yT10gY,Jackson,TN
Integrity Fixture Manufacturing,https://integrityfixturemfg.com/,ChIJ5yMlbEahfogRt8DGHfxw7As,Jackson,TN
"Southern Concrete Products, Inc.",http://www.southernconcrete.com/,ChIJLVp6VGWhfogRan8Dai5tAs0,Jackson,TN
K & M Cement Finishing,,ChIJHSG8O5emfogRFXIFSZvojT8,Jackson,TN
BT Redi-Mix,http://btredimix.com/,ChIJU1WjW22kfogRkhenvsavjS4,Jackson,TN
"Yandell Construction Services, Inc.",,ChIJkbuleR4dfIgRB7gHrfGB1Po,Jackson,TN
Precision Blasting,https://www.precisionblastingandindustrialcoating.com/,ChIJBSHh8f6mfogRSAKk9mow9Ek,Jackson,TN
Nice Floor,http://www.nicefloorwi.com/,ChIJxQzk9KvGmyMRI5hqLhq8SUE,Eau Claire,WI
Eau Claire Concrete,https://concretecontractoreauclaire.com/,ChIJeTi3O229-IcRQkz0XyBzoRk,Eau Claire,WI
Greenwood Concrete & Excavation,https://greenwoodconcrete.com/,ChIJh3yq3ZWj-IcRLqwlUx2u7Vo,Eau Claire,WI
Advanced Concrete and Repairs,http://www.advancedconcretewi.com/,ChIJ20kTbZfr-IcRp6jhkfLYI3E,Eau Claire,WI
"Dynamic Concrete Resurfacing, LLC",https://www.dynamicconcreteresurfacingllc.com/,ChIJK73NJ5xV-YcRLxk4meUbL0Q,Eau Claire,WI
Buesser Concrete,http://www.buesserconcrete.com/,ChIJd8pxP26k-IcR10n6rZRH9mg,Eau Claire,WI
Pozarski Concrete & Masonry,https://www.pozarskiconcrete.com/,ChIJ99bTsf28-IcRYZM2BuJE-Ys,Eau Claire,WI
Infinite Impressions,https://infiniteimpressions.site/,ChIJhYY3FKK9-IcRjO2vEvwoBYM,Eau Claire,WI
American Materials,http://www.americanmaterials.com/,ChIJu6XZGjuW-IcRS6w3xSe9eK0,Eau Claire,WI
JJ Premium Sealers LLC,https://jjsealers.com/,ChIJW4CzPHnQlkoR-JTrphHPH7Q,Eau Claire,WI
Rock & Tait,https://www.rockandtait.com/,ChIJgVb3NOqm-IcRw52blQa2--g,Eau Claire,WI
Harmon Concrete & Construction Inc,,ChIJiyWV-z67-IcRtxVCDCCbEE4,Eau Claire,WI
Fahrner Asphalt Sealers LLC,https://fahrnerasphalt.com/,ChIJZcG56YuX-IcRKzXIt5_hdMA,Eau Claire,WI
Asphalt Solutions,https://www.eauclaireasphaltsolutions.com/,ChIJF8e3dVm9-IcRWCRrS4vVuQw,Eau Claire,WI
Wisconsota Painting,https://wisconsotapainting.com/?utm_campaign=gmb,ChIJoUPVyQm4vAsRGtYtsHVyGaA,Eau Claire,WI
"Hayward Concrete, LLC",https://www.haywardconcrete.com/,ChIJFVF71tQWrFIRn4Gl86escJ4,Eau Claire,WI
Eau Claire Sealcoat,http://eauclairesealcoat.com/,ChIJAxtaFmmQ-IcRpTBfqNE_5u0,Eau Claire,WI
"SCI Floors - Flooring Service, Concrete Restoration Bismarck ND",http://sci-floors.biz/,ChIJd-D5jyeD11IRbY2mlWsgTUI,Bismarck,ND
Superior Sealing & Caulking Bismarck,https://superiorsealingnd.com/,ChIJV-6ZxalgKmcRz-6s8YvoAGY,Bismarck,ND
Diamond Hardwood Flooring,http://www.diamondhardwoodflooring.com/,ChIJH26bMuWG11IRtUWVniEEras,Bismarck,ND
House of Color,http://www.houseofcolorinc.com/,ChIJzcobtuCC11IReztJf_jv-s0,Bismarck,ND
Brandoz Concrete,http://www.brandozconcrete.com/,ChIJb4vszt-C11IRGypTbNrG0JU,Bismarck,ND
"American Resurfacing, Inc",https://americanresurfacing.net/,ChIJF1g6Y1uE11IR-71Mz-v__cM,Bismarck,ND
Climax Concrete,http://climax-concrete.com/,ChIJswurXLp311IRkda_SLoLK50,Bismarck,ND
J&B Construction LLC,,ChIJ6bFzMQSD11IRXMjvLUYY3lw,Bismarck,ND
Advantage Contracting,,ChIJDSVqEZaD11IRnVIKEESGQhA,Bismarck,ND
Dakota Construction Solutions LLC,,ChIJnXQ71SyJG6ARuX_Jo4SOnDY,Bismarck,ND
Harper Construction,,ChIJ1Vg88Had11IRQDPuJX67-30,Bismarck,ND
Concrete Mudjacking Services,,ChIJVwZs3Ax411IRRh6LtOlMW_I,Bismarck,ND
"Advanced Concrete Cutting, Inc.",https://www.advancedcuttingnd.com/,ChIJt1Dyi_eE11IRVM4PVDtE34g,Bismarck,ND
Northwest Contracting Inc.,https://northwestcontracting.com/,ChIJcwWyi3CC11IR34PrOfY7Tb8,Bismarck,ND
Axis Concrete,http://axisnd.com/,ChIJyT_IcPyd11IRXsPMuZYH9nQ,Bismarck,ND
Glass Concrete Construction,http://www.glassconcreteconstruction.com/,ChIJS2azGlGE11IRhMT6fBtuf3U,Bismarck,ND
Four Square Concrete,http://www.foursquareconcrete.com/,ChIJCdTZH_uR11IRSNgA2uROj4c,Bismarck,ND
American Concrete Repair LLC,https://americanconcreterepair.com/,ChIJU2vlk74ZJlMRKd9lBEj5wz8,Bismarck,ND
701 Caulking & Sealant,https://www.701caulkingnd.com/,ChIJcejeYC-D11IR1wWwvZJl2J0,Bismarck,ND
Mainely Epoxy Floors,,ChIJCzmrmY-eskwRPbUAvERYTd8,Portland,ME
New England Epoxy & Concrete Polishing,https://newenglandepoxyllc.com/,ChIJ70KggfRpskwREQ224i7RvVY,Portland,ME
Capozza Floor Covering Center,https://capozzaflooring.com/?y_source=1_MTQ4ODkyNDQtNzE1LWxvY2F0aW9uLndlYnNpdGU%3D,ChIJbas8wgCbskwRf6AR2SM7tN8,Portland,ME
Liquid Floors USA of New England,http://www.liquidfloorsusa.com/,ChIJ24BP2siWskwRdhbH9j9-oHA,Portland,ME
A-Z Wood Floor Sanding,http://www.azwoodfloor.com/,ChIJWZksB5eeskwRXLQzQJWLXC4,Portland,ME
B & D Floor Sanding,,ChIJq6pWEsieskwRYVqyVF9Xvks,Portland,ME
Casco Bay Hardwood Flooring,https://www.cascobayhardwoodflooring.com/,ChIJAQB0RTybskwRgznLmjENY-0,Portland,ME
E.D. Hardwood Floor & Sanding,http://www.edhardwoodfloor.com/,ChIJ___jZSyZskwR2PuGRV1RegU,Portland,ME
Brothers Hardwood Floors,http://www.brothershardwoodfloors.com/,ChIJASc_Yt6bskwRDeOsf2f1jN8,Portland,ME
"Day's Concrete Floors, Inc",https://www.daysconcretefloors.com/,ChIJHxlZcsYQskwRk5t58vHrino,Portland,ME
Hascall & Hall,https://www.hascallandhall.com/?utm_source=google&utm_medium=local&utm_campaign=gmb_listing,ChIJVz-cI2KbskwR7G99IGMZq90,Portland,ME
HOMEY,,ChIJf1LXRpKbskwRJO_6abg6Ni8,Portland,ME
Solidity Studios,https://soliditystudios.online/,ChIJob6fcHedskwRazYGfwBBN_g,Portland,ME
Anthony Sedita Concrete,https://www.southernmeconcrete.com/,ChIJ24OQ3JebskwRjkDJkpRWevc,Portland,ME
Jon Meade Design,http://jonmeadedesign.com/,ChIJDXBPlmGbskwRdH7zmTNRIWo,Portland,ME
Portland Industrial Coatings,http://www.portlandindustrialcoatings.com/,ChIJQ9tENnGLskwRzkXNFSH9WXE,Portland,ME
A P Concrete Floors Inc,,ChIJKyf_535hskwRCVxrWYtXSLo,Portland,ME
Williams Brothers Construction Inc.,http://www.williamsbrothersconstructioninc.com/,ChIJ_fAM4umjskwR-7eOo5Hav-E,Portland,ME
Maine Pavement,https://www.mainepavement.com/,ChIJ6bd7v1ekskwR8tMhQ_rPuS8,Portland,ME
Fix It Up Construction,,ChIJiW4QyrttcUMR4qVY612vVSc,Portland,ME
Portland Concrete Services,,ChIJFYk7oVhZskwRwoZNGJQTLuY,Portland,ME
Glaude & Son Sealcoating,http://glaudeandsonsealcoating.com/,ChIJn5v28oqiskwRTS5WuRv6NJk,Portland,ME
Knickerbocker Group,https://www.knickerbockergroup.com/,ChIJ4ypX6xWcskwR040ceIKnzu0,Portland,ME
Trottier Paving & Maintenance,http://www.trottierpaving.com/,ChIJfY7U7MmYskwRNeE1ZrlZ4_I,Portland,ME
Top Coat Paving & Seal Coating,,ChIJJ2uusfy3skwRwx0oxiGIt_k,Portland,ME
Rob Brown Building & Contracting,,ChIJq_2_aiabskwRPAZPcARtpfI,Portland,ME
Knowles Industrial Services Corporation,https://www.knowlesindustrial.com/,ChIJqYHuQ7mQskwR6jmEOsIA9CU,Portland,ME
Rival Coatings,http://callrival.com/?utm_source=gmb,ChIJO-CYXMutK00RPxEKDXUYKHQ,St. Cloud,MN
EpoxyCoatingGuyz,http://www.epoxycoatingguyz.com/,ChIJVbMIKaZftFIRq_KWFcmfzw8,St. Cloud,MN
Erlandson Epoxy Floor Coating,https://www.erlandsonepoxycoating.com/,ChIJbTz1Bxu6tlIRZYEjqGNeXp0,St. Cloud,MN
Dynamic Concrete Coatings,https://dynamiccoatingsmn.com/,ChIJ06WvbwVftFIRR3vwjVV7rfg,St. Cloud,MN
Creative Coatings,https://creativecoatingsllc.com/?y_source=1_MTQ5OTQxNjAtNzE1LWxvY2F0aW9uLndlYnNpdGU%3D,ChIJYZ4cVwVQylIRm9KRWqt6kwU,St. Cloud,MN
GTX Garage-Tech Xtreme,https://www.garage-tech.biz/contact,ChIJm1ntVE71tFIRsThRqaysZY4,St. Cloud,MN
Patriot Performance Coatings,http://patriotperformancecoatings.com/,ChIJgV-tZXl9bA8RfKIl0eq8CUQ,St. Cloud,MN
Dynamic Concrete,https://dynamicconcreteminnesota.com/,ChIJe_EqqZ59s1IRq6OAEAOW59w,St. Cloud,MN
Concrete Inc,https://www.concreteincmn.com/,ChIJBwCGbXNftFIRNd9Ju7LzL88,St. Cloud,MN
CD Construction Services - Epoxy Flooring and Concrete Contractors,https://cdepoxy.com/,ChIJFbExr55Tm4ARn7UOG8313YM,Yuba City,CA
Lift Off Floor Removal,http://liftofffloors.com/,ChIJXcJpmFlTm4AR5Q2LnsPFQrI,Yuba City,CA
3D Flooring America,http://www.3dfloorsinc.com/,ChIJJ9o3kJOthIARyyNihj7VoL8,Yuba City,CA
Yuba City Floor Covering,http://www.norcalfloorinc.com/,ChIJmbxG_rOshIAR5Caa23lHeq8,Yuba City,CA
"NORCAL Deck Coating, Inc.",https://www.norcaldeck.com/,ChIJcWp5EtqshIARny9zAdj5ijI,Yuba City,CA
Prestige Flooring,https://prestigefloorings.com/,ChIJB-_8HFNTm4ARo6QkkbYQ370,Yuba City,CA
French's Floor Fashions,,ChIJ_dwvjUNTm4AR3R8buKK6u4w,Yuba City,CA
Mid Valley Flooring,,ChIJO7igflJTm4AR_FVnXjoY5L4,Yuba City,CA
Twin Cities Floor Covering,http://twincitiesfloorcovering.net/,ChIJpbUUnU9Tm4AR2ZqP3dizjZs,Yuba City,CA
Sutter Floors,,ChIJDwnnhLBTm4ARErYzXVZya-o,Yuba City,CA
Glines Carpet One Floor & Home,https://www.glinescarpetone.com/,ChIJoT0GP1JTm4ARSBOW1308WqY,Yuba City,CA
Neads Floors Inc.,https://neadsfloors.com/,ChIJ7RZvTdPeVa8RFDmHMYEYpLk,Yuba City,CA
J & J Wood Floors,https://www.jjwoodfloors.com/,ChIJk7wTzENym4ARbveCxSa01U4,Yuba City,CA
MRB Enterprises,,ChIJs6mfgE9Tm4ARQ5Kqqdx9cg0,Yuba City,CA
GREEN DIAMOND FLOORING INC,http://greendiamondflooring.com/,ChIJe6zWTD-rhIARVWJ-QGMCZfs,Yuba City,CA
Sutter Buttes Tile,https://sutterbuttestile.com/,ChIJzWfP-Z-shIARUAYT20w8IN8,Yuba City,CA
All Superior Custom Painting & Siding,https://allsuperiorcustompainting.com/,ChIJI6PKlj5Sm4ARjLLehfbw6lI,Yuba City,CA
Pristine Vinyl Wrap,,ChIJ5dasSGJVg4ARfLOPN5xD13k,Yuba City,CA
Sanchez Powder Coating,http://www.sanchezpowdercoating.com/,ChIJd7fgwSJTm4AROG8ktHpytGY,Yuba City,CA
Taylor Concrete Construction Inc.,,ChIJzx98Va1Um4ARWvbAs2wzbqo,Yuba City,CA
Cal-West Concrete Cutting Inc,http://www.calwestconcretecutting.com/,ChIJy_7BqllTm4ARX6x_WqkcfJ0,Yuba City,CA
A & S Pools & Concrete,https://www.asconcrete.org/,ChIJkYnrS0athIARvieDD9J8vxw,Yuba City,CA
Cardoza's Pool and Concrete,https://cardozasconcrete.com/,ChIJRRaZFvuthIARFRk2bOEguwA,Yuba City,CA
Cut & Color Concrete,,ChIJKSC6zpeshIAR_IMykuDT5I0,Yuba City,CA
BK Custom Concrete & Pumping,,ChIJ3TMW8HCrhIAR_ofzJqAJMS8,Yuba City,CA
Paramount Masonry,,ChIJq6ouRFVTm4ARJ_LdGcZOZIo,Yuba City,CA
B K Custom Concrete,,ChIJo29NgHFTm4ARAVHTGcN5baA,Yuba City,CA
High Speed Concrete Pumping,,ChIJ6Thj5dNSm4AREcZc6vgk5Ng,Yuba City,CA
Cal Concrete,http://www.calconcrete.net/,ChIJE-mk2UQZm4ARFYlicSFtJFI,Yuba City,CA
Asphalt resurfacing,https://asphalt-resurfacing.com/,ChIJO7a82z1Tm4AR0xX6P7WmSMk,Yuba City,CA
California Asphalt,https://www.californiaasphalt.com/?utm_source=google&utm_medium=organic&utm_campaign=gbp,ChIJ19cFLDKrhIARCR06uiGdAHc,Yuba City,CA
Billywood Construction,https://www.billywood.net/,ChIJ___rc5VSm4ARt8Jf6E8V-7E,Yuba City,CA
Chucks Quality Concrete,,ChIJA94ssSRSm4AR0ZNGPpiCcGw,Yuba City,CA
Az Epoxy,,ChIJhbpSltAlaIYRSJPfpmzsW4w,Victoria,TX
Victoria Concrete,https://victoriaconcrete.co/,ChIJ7YglheJnQoYRE7j9n4UfVkM,Victoria,TX
Crossroads Concrete Solutions,http://www.concrete-victoria.com/,ChIJ3xYe3jBnQoYRvMoWSmUyEHE,Victoria,TX
Texas Concrete Co,https://www.texasconcrete.com/,ChIJ403EG8tgQoYRt7SWh6TE6iM,Victoria,TX
Staff Concrete Construction,,ChIJxeNNM930QoYRydImnmovl7Y,Victoria,TX
Polytek Midwest,http://www.polytekmidwest.com/,ChIJe6_IETsaBogRgKqCOmSU-hA,Janesville,WI
Macco's Floor Covering Center,http://halversonflooring.com/,ChIJOyfx3OYaBogR3JWZeMxc3Ac,Janesville,WI
Flooring Inspirations,https://www.flooring-inspirations.com/,ChIJ_6VV1Q8OBogRl3XpVPHFdXw,Janesville,WI
Angels Concrete,http://angelsconcretewi.com/,ChIJq9VL44AZBogRJFjxcrLWq-g,Janesville,WI
Bothun's Concrete Leveling,https://www.bothunsconcreteleveling.com/,ChIJaebbWo8RBogRPOiL4w2UEcY,Janesville,WI
"Center Construction, L.L.C.",https://www.centerconstructionllc.com/,ChIJI-4dr4IZBogR0FVCA9171rw,Janesville,WI
Asphalt Solutions and Sealcoating llc,http://asphaltsolutionsandsealcoating.com/,ChIJ3wr4AgEPBYgRcJWVBf-Ci0s,Janesville,WI
Finco Concrete,,ChIJhVZ6UK09BogRm7ZGWfGtmSc,Janesville,WI
"T. Fanning Concrete, Inc.",,ChIJD5KrGgMaBogRxNikBGRkQIg,Janesville,WI
Concrete-Coverings LLC,,ChIJo1Yinw4P_ocRfphG1OHG6LQ,Janesville,WI
Richards Concrete & Construction,,ChIJ7UYNvtsXBogReTRkqiKHNaQ,Janesville,WI
Jay's Flooring LLC,https://www.jaysflooringwa.com/,ChIJVVWpTOYAkFQRUmdH87KNur4,Marysville,WA
Flooring Direct LLC,http://flooringdirectnw.com/,ChIJE4UrcbZThVQRU7ErpL0KtVo,Marysville,WA
Flooring | Siding | Tile installation in Marysville WA / Safort LLC,https://safort-usa.com/,ChIJK1nz3VkiTAcRJV2IMGgfq5o,Marysville,WA
Flooring Exchange LLC,https://www.flooringex.com/,ChIJ3_gkVStThVQRf7YutBp0dxI,Marysville,WA
Abbey Van Dam Carpet and More,http://www.abbeyvandamcarpet.com/?utm_source=google&utm_medium=organic&utm_campaign=gbp,ChIJib0ka35UhVQR0SUWCOxqk9w,Marysville,WA
Jay´s Flooring Llc,,ChIJRSBSj41ThVQRi_ib0ixB6rg,Marysville,WA
Bundy Carpets,http://www.bundycarpets.com/,ChIJPxMmv4ZUhVQRfP6w_WwuVGo,Marysville,WA
"Pioneer Masonry & Concrete, LLC",https://pioneermasonryandconcrete.com/,ChIJ89KlZUVRhVQRSvIy84LVGTU,Marysville,WA
BOOTS CONCRETE LLC,,ChIJe4b2iSlThVQRu0rzJT5n4o4,Marysville,WA
Pacific Concrete,https://pacificconcretepatioanddriveway.com/contact/,ChIJVVWphLdThVQRosB0De87Ezg,Marysville,WA
Smooth Finish Concrete,https://snohomishconcrete.com/,ChIJ1x5FKnm9mlQRsmPG_ZJQCOI,Marysville,WA
Elite Quality Construction LLC,https://elitequalityconstruction.homesteadcloud.com/,ChIJW9oUs6NThVQRtC4nWvRubjc,Marysville,WA
Exteriors Doctor,https://www.exteriorsdoctor.com/,ChIJoQkGqNmlmlQRc3X7dHTs-_o,Marysville,WA
North Cascades Concrete LLC,https://northcascadesconcrete.com/,ChIJBcguoPFRhVQRj5kbRd2wCZs,Marysville,WA
Lander Legacy Construction,http://landerlegacyconstruction.com/,ChIJBSvjUopT2WURan3RVx6nI-Y,Marysville,WA
Belshire Concrete Restoration,https://www.belshireconcrete.com/,ChIJbSjlYvFMlFQRYAjvWTG1P2c,Marysville,WA
Undisputed Epoxy Coating,http://www.undisputedepoxy.com/,ChIJ___L8_xFR4YRPoOmEnkzt-A,Conroe,TX
All Pro Epoxy,https://www.allproepoxy.com/,ChIJ0TEoICvBhW8RVNHWeIK8bUU,Conroe,TX
Creative Epoxy Flooring,,ChIJ65KimTcJR4YRfJZTWmOc0x4,Conroe,TX
Concrete Rx Epoxy and Decorative Coatings Specialists,https://www.concreterx.pro/,ChIJcyUEEuqdE40RdYuTjg0hsVw,Conroe,TX
Creative Concrete Designs,http://cre8concrete.com/,ChIJIdcYEnXVbCwRWpu6spxPZBI,Conroe,TX
Polytex Concrete Leveling,https://polytexconcrete.com/,ChIJ97oKVKo1R4YRR-zuCULFiqA,Conroe,TX
Rangel Brothers Concrete LLC,https://rangelbrothersconcrete.com/,ChIJv8KRcCcVR4YRvArTW-IZ-is,Conroe,TX
Maintenance Solutions Inc,https://mscoatings.com/,ChIJX8yAJ6ksR4YRU6w3MKevwQI,Conroe,TX
Majestic Concrete,http://www.majesticconcrete.net/,ChIJ3WqFiVMzR4YRX4Pa9Sdb5_M,Conroe,TX
CHP Paint and Concrete Coatings,http://www.teamchp.com/,ChIJ2YOf7_I6b4cR2MqjIS-Ff9s,Cheyenne,WY
Platinum Floor Solutions,https://www.platinumfloorsolutionsllc.com/,ChIJW3juNj4c3QAR8floatcRzt4,Cheyenne,WY
Floor Contractor Cheyenne,https://www.flooringcheyenne.com/,ChIJC8425FU7b4cR8GevzCGyMTQ,Cheyenne,WY
Magic City Flooring,http://magiccityflooring.com/,ChIJuaBBC4obLYMR19ogU-u1to4,Cheyenne,WY
Nova coatings & insulation,http://novacoatingsllc.com/,ChIJr1zIIf4bb4cRMMSzDzxqZL0,Cheyenne,WY
Modern Flooring Interiors,http://www.modernflooringinteriors.com/,ChIJF_-t68I6b4cRD9xt_WVCb1Y,Cheyenne,WY
Kaiser Corp. Floor Covering,http://www.kaiserfloors.com/,ChIJQ6XCWwcwb4cRtbhrySbj0UQ,Cheyenne,WY
Carpet One Floor & Home,https://www.carpetonecommercialflooring.com/?utm_source=google&utm_medium=organic&utm_campaign=gbp-listing&utm_content=Cheyenne-showroom,ChIJ5TAxFmk7b4cRp5ejip47b_A,Cheyenne,WY
Frontier Hardwoods LLC,,ChIJgeXP0gfF8IURvyPzgTKLmAo,Cheyenne,WY
Carpet Exchange,https://carpetexchange.com/cheyenne-store-location,ChIJ2TZVIVU6b4cRItc4a9LLfbM,Cheyenne,WY
Henderson Flooring LLC,https://hendersonflooringllc.com/,ChIJ8RHN7CoZTFMRz8uNThLOgD8,Cheyenne,WY
Floortech,http://floortechwyo.com/,ChIJpbt7-NilYIcRbCaFrRBjwkY,Cheyenne,WY
Cheyenne Tile And Stone,http://www.cheyennetile.com/,ChIJ3RyHRNIkb4cRQ5QnqHlFbBE,Cheyenne,WY
Unique Wood Designs INC,,ChIJo_B6sDI9b4cRToPxi5k-dPw,Cheyenne,WY
Core Concrete,https://coreconcrete.net/contact-us,ChIJAQCQQMI6b4cRRHEKYX2yRx4,Cheyenne,WY
"Professional Flooring & Supply and 5th and Beech, a Professional Flooring showroom",http://professionalflooringsup.com/,ChIJvSpsDH28YIcR8qnfJz6Bx1A,Cheyenne,WY
Commercial Flooring Incorporated,https://www.comflooringinc.com/about-us,ChIJq6rqPWk7b4cRYotg7QiEkpw,Cheyenne,WY
Letram Enterprises,,ChIJSR9i07YXb4cRKFZkUeErPAQ,Cheyenne,WY
Morandin Concrete,https://www.morandinconcrete.com/,ChIJTVU9j706b4cR3fXT0-LdpnU,Cheyenne,WY
Ward Concrete Lifting,http://wardinsulation.com/,ChIJx3-6p246b4cRm8JGHMC4wFE,Cheyenne,WY
CCS Concrete,https://ccs-concrete.com/,ChIJBx85cuiFaIcRakEQ1jhPYyU,Cheyenne,WY
Concrete Contractor Cheyenne,https://www.concretecheyennewy.com/,ChIJMcmiFdw7b4cRVVBwYVVuFz0,Cheyenne,WY
Concrete Saw and Core of Cheyenne,http://concretesawinc.com/,ChIJ1VTaoN47b4cRuVW9Oj-SMns,Cheyenne,WY
S & S Builders LLC,http://www.ssbuildersllc.com/,ChIJBRAyolUjb4cREYT06cuGx7Y,Cheyenne,WY
JCS Concrete Pumping,,ChIJuyUdE7wlb4cR3d_KN43lmJI,Cheyenne,WY
EJ Services,https://www.blueprintrehab.com/,ChIJd-xg1uM6b4cR3bFu-GBQ4Eo,Cheyenne,WY
"Cobra Crete, LLC",http://www.thecobracrete.com/,ChIJg9lFGITxNVMR4Ut0-SOEChQ,Cheyenne,WY
STC Construction Co,,ChIJozWrop48b4cREruq0GSHK1I,Cheyenne,WY
Cruz Concrete,,ChIJR6bSZes6b4cRw2wCOCk5Vx0,Cheyenne,WY
Walter Cement Construction Inc,,ChIJEVwTMXa8YIcRWZUs4dZtn6U,Cheyenne,WY
All West Surface Prep,http://www.allwestsurfaceprep.com/,ChIJV9ptmUh6bIcRTnTUz4euSx0,Cheyenne,WY
Advanced Concrete Solutions,http://www.advancedconcretesolutions.com/,ChIJk6Ug4GwXU1MRqn6FlNYDCuY,Cheyenne,WY
Resolutions Contractors,https://www.resolutionscontractors.com/,ChIJLwtdu9CnbocRerJPL584nXs,Cheyenne,WY
High Country Asphalt Services,https://highcountryasphaltservices.com/,ChIJo1pmBuc7b4cRHsOa-lwGbpg,Cheyenne,WY
Mohawk Valley Epoxy,http://www.mohawkvalleyepoxy.com/,ChIJ3Ty_VJ9L2YkRaZQUDZIpBf8,Utica,NY
Precision Pour Epoxy,https://precisionpourepoxy.com/,ChIJI7RiWYU_2YkRXIzLWWv5TmE,Utica,NY
JB Epoxy Flooring,https://jbepoxyflooringinc.com/,ChIJqbyRKd_Z3IkRVxbRZyIxfCM,Utica,NY
Tru-Line Hardwood Flooring and Dust Free Resurfacing,https://trulineflooring.com/,ChIJZ2R7XmRA2YkRCMU3W8R_MfI,Utica,NY
Industrial Floorworks,http://www.industrialfloorworks.com/,ChIJc-24kUN7wokRksjj5QSrlAo,Utica,NY
Gato Flooring,https://gatoflooring.com/,ChIJY92aRSJH2YkR7Q0-Ld_zsc8,Utica,NY
Mateflex Sports Flooring,http://www.mateflex.com/,ChIJb_C-LlNG2YkRtJNqgRWR4r0,Utica,NY
Oneida Floor Co Inc.,https://www.oneidafloor.com/,ChIJC2ODO-BG2YkR5NqCCcczu0s,Utica,NY
Epoxy20X Garage Transformations and Commercial Concrete Coatings,http://www.epoxy20x.com/,ChIJwzTCLs6xwokRSU0BeSAGWfU,Utica,NY
CNY Custom Concrete & Masonry,https://www.cnycustomconcrete.com/,ChIJrzGN6hNH2YkRD-_rZ4kM0QE,Utica,NY
Seal Rite Sealcoating & Asphalt Repair LLC,http://sealcoatingandpaving.com/,ChIJHxm_ecRG2YkRqEuYAj7w0vI,Utica,NY
Diamond Cut Sealcoating & Line Striping,http://www.diamondcutsealcoating.com/,ChIJcTXdQaE92YkR3N-J1av64Bk,Utica,NY
3 Brothers Sealcoating,http://www.3brotherssealcoating.com/,ChIJX0ee-BZB2YkRGwKXY1KtKWw,Utica,NY
The Masonry Worker Inc.,http://masonryworker.com/,ChIJuX636bNt2YkRVqYIE3ixZpc,Utica,NY
Over the Top Construction,https://www.overthetopconstructionny.com/?utm_source=google&utm_medium=business_profile&utm_campaign=website,ChIJ817v0Y-2KC8RuxvKRuJDeMI,Utica,NY
DBS Sealcoating & Asphalt Maintenance LLC,http://www.dbsasphalt.com/,ChIJ2VFCmK9p2YkRNJEfKHNjwdk,Utica,NY
Michael White Contracting,https://www.michaelwhitecontracting.com/,ChIJt7GFMvhB2YkRJdpmcn-DRfU,Utica,NY
Precision Paving and Sealing LLC,https://www.precisionpavingcny.com/,ChIJk4odmlfUFAARqkN5_UHG3KM,Utica,NY
C2C Construction Solutions,http://www.c2cconstructionsolutions.com/,ChIJ__8PMyZH2YkRntvObPawyks,Utica,NY
Prestige Coatings,,ChIJ__-rDflG2YkReoGI93boLU0,Utica,NY
RUBRWALL OF CENTRAL NEW YORK,http://rubrwallofcentralnewyork.com/,ChIJv3qvK-ZG2YkRl3kfqf8LWu0,Utica,NY
Wentworth Flooring LLC,https://wentworthflooringllc.com/,ChIJSdG6cM4H8YcRJ9ePsb2Jcyw,Ames,IA
SCS Flooring Co,https://scsflooring.com/,ChIJN-9mJYBS5IcRKwPvmDpYaRI,Ames,IA
The Flooring Guys,https://www.flooringdesmoines.com/,ChIJXx2k6hmb7ocRZ2sqPh-F2nA,Ames,IA
Ames Tile,http://www.amestileiowa.com/,ChIJNQngcrx27ocRKTOXOMeG8MM,Ames,IA
Renaissance Resins,,ChIJaUDfmOZ37ocReS06tLa8iC4,Ames,IA
Carpet One Floor & Home,http://www.carpetoneiowa.com/,ChIJuzmH1e167ocReZh2qau2zgQ,Ames,IA
Alfred's Carpet & Decorating,https://www.alfredscarpet.com/,ChIJATZaHnhw7ocR_Bdx3uCb314,Ames,IA
Omega Shield,https://omegashieldllc.com/,ChIJC0OVy3lb5IcRg4d9vmZKO3U,Ames,IA
Ames Concrete Contractors,http://amesconcretecontractors.com/,ChIJP0qRlPxw7ocRHYamL0P_bQE,Ames,IA
Iowa Home Consulting Handyman Service,http://www.iowahomeconsulting.com/,ChIJMxi9qfZw7ocRjiBEQF3kwRc,Ames,IA
Lakeside Contractors LLC,https://lakeside-contractors.com/,ChIJOzzq7PHFPE0RvX0DSRXyQZI,Ames,IA
JRM Construction LLC,https://www.jrmconstructionllc.com/,ChIJw-KSsI1w7ocR7h11aDLIYNs,Ames,IA
Advanced Concrete Concepts,https://www.advancedconcreteconcepts.com/,ChIJIZRUllNP7IcRQ-aeGqwv2yY,Ames,IA
Stecker Concrete Inc.,https://www.steckerconcreteinc.com/,ChIJbd4PRQHb7YcRveqKyz3ohOw,Ames,IA
Terrys Quality Concrete,http://terrysqualityconcrete.com/?y_source=1_MTMwOTU0MzYtNzE1LWxvY2F0aW9uLndlYnNpdGU%3D,ChIJAWQFVR-F7ocRN-GzZQLYYQA,Ames,IA
Stenberg Concrete Construction Inc,http://www.stenbergconcrete.com/,ChIJNyLdbKhx7ocR-fSYb8-_aeg,Ames,IA
CSS Coatings,https://csscoatings.com/,ChIJAT_cvHPpZYgRUvMO4DqXFW8,Bowling Green,KY
Paragon Concrete Coating,https://paragonconcretecoating.com/,ChIJ_Y1vYVWjZYgR0Zqb0-C-OxU,Bowling Green,KY
Green's Concrete co.,https://greens-concrete--asphalt-co.webnode.com/,ChIJbZ5GmyeaVKQRoUGGuO3Blro,Bowling Green,KY
"Thessen Concrete Contracting, Inc",http://thessenconcrete.com/,ChIJ__9vft7nZYgRbqqmk4dzmx8,Bowling Green,KY
"The Concrete Don, LLC",https://theconcretedon.com/,ChIJm_SdY5QEZqMRBcTB4K_cBlk,Bowling Green,KY
Foundation Solutions Group,https://www.foundationsolutionsgroup.com/?utm_source=google&utm_medium=organic&utm_campaign=gbp-bowling-green,ChIJyyTfPJXnZYgR3yoAm6w3hCc,Bowling Green,KY
D&R concrete,,ChIJn4UBoKblZYgRSrRHvLhqjCY,Bowling Green,KY
Stewart Richey Construction,https://www.stewartrichey.com/,ChIJNZypPMbvZYgR6DTKVWxuuPE,Bowling Green,KY
Jones Concrete Construction,,ChIJ3UvziU36ZYgRAzN5kY6JR9s,Bowling Green,KY
Garrott Bros Ready Mix,https://garrottbros.com/concrete-supplier-in-bowling-green-ky/,ChIJNc8cAHLlZYgRw71M2PcGrtA,Bowling Green,KY
Reynolds Sealing & Striping,https://reynoldscorporation.com/,ChIJx49vUBjvZYgRJbTddiwdpLI,Bowling Green,KY
D&D Sealing and Striping,https://danddsealing.com/,ChIJz5yRD5KSZYgRlH5b7k6WgEI,Bowling Green,KY
Southern Kentucky Contractors,,ChIJd0NNAH7kZYgRBZf5zlAs-Dg,Bowling Green,KY
Starway Concrete,https://starwayconcrete.com/,ChIJI0SpqKLkZYgR6o2cz22G7xw,Bowling Green,KY
"Ray's Construction & Rehab, Inc",https://www.rcrbgky.com/,ChIJHRp6IEnpZYgR-gjkp6CIXG4,Bowling Green,KY
Decker Services LLC,http://deckerservicesllcky.com/,ChIJjeiwxzDpZYgRmK0Vlxn-dYg,Bowling Green,KY
Freedom Contracting,,ChIJMVG3gaXbD6MR8PRZRPZqiLs,Bowling Green,KY
Steen Concrete Products Inc,,ChIJsQz2MBfvZYgRisf5HqqYo7U,Bowling Green,KY
Beyond Painting Inc,http://www.beyondpainting.com/,ChIJ3fZLVrfMwIkRx5bqw7XQlJk,Vineland,NJ
EPOXY MONSTERS INC,https://www.epoxymonstersinc.com/?utm_source=google&utm_medium=wix_google_business_profile&utm_campaign=14745245234741617783,ChIJs6Bq4Q2C9KQRxB-n1RDE4CA,Vineland,NJ
Brewin Flooring LLC,https://www.brewinflooring.com/,ChIJfTIoXSAtx4kRAx_Bjbho0nw,Vineland,NJ
Luxe Flooring LLC,https://luxeflooringllc.net/,ChIJNaYKnSrTxokR-SsvL8muOmA,Vineland,NJ
Garage Floor Masters,http://www.garagefloormasters.com/,ChIJLcSjJM8twYkRzr9psvxr7kI,Vineland,NJ
Quality Flooring Enterprises,,ChIJXV2P1VncsgMRp3KkOSa24k8,Vineland,NJ
Grande Floor Covering,https://www.grandefloorcovering.com/,ChIJQx1AtqMywYkRuRF5fujUQ4o,Vineland,NJ
Pro-Spec Painting Corporation | Industrial & Commercial Painting,https://pro-spec.com/,ChIJUzeFuAIyx4kRk_eQPZZ9qYg,Vineland,NJ
Mainland Flooring,https://www.mainlandflooring.com/,ChIJW3me1A3qwIkRdItlabbH1fg,Vineland,NJ
NJ House Painting Co | Painting & Lead Remediation,https://njhousepainting.com/,ChIJE7zh0QAzx4kRRUBwVP__9WI,Vineland,NJ
Fortified Floor Coating,https://fortifiedfloorcoating.com/,ChIJiRB_LOh_wYkR-RD7wboGY20,Vineland,NJ
Surface Shield Concrete Coatings,http://www.shieldyourfloors.com/,ChIJiTI9CeJVv4kR0cuFyMchgRc,Vineland,NJ
Coat The Coast Professional Polyurea Coating,http://coatthecoast.net/,ChIJu8gwG3zrwIkRN4CuJEsLG5g,Vineland,NJ
The Best Concrete Alavez,https://bestconcretealavez.com/,ChIJPcp-1dUzx4kRUL_atBjepbc,Vineland,NJ
Fabbri Concrete Contractors,https://fabbriconcrete.com/,ChIJzWtTitEtx4kRciXKlnU11Xs,Vineland,NJ
Vitos Asphalt Seal Coating,https://vitosealcoating.com/,ChIJndN3TD3TwIkRQ-uBtAXA6hg,Vineland,NJ
Concrete Color & Stamps LLC,https://www.concretecolorandstamps.com/,ChIJbY9wi8bRxokRgCUkoaUcWFw,Vineland,NJ
Global Concrete Construction,https://globalconcrete.co/,ChIJb6KvTdLSwIkRGu1qziVF-ac,Vineland,NJ
"South Shore Sealcoating, LLC",https://southshoresealcoating.com/,ChIJHWD9204sx4kRCWS0U5Orm4A,Vineland,NJ
"GV Concrete, LLC",https://www.gvconcretellc.com/,ChIJ-ar-4iOV1I8RlMnm3LhFaNI,Vineland,NJ
Jersey Concrete,https://jerseyconcrete.com/,ChIJIcF0ZajVwIkRvawTN0yQd9g,Vineland,NJ
Pro Asphalt Paving & Sealcoating LLC,https://proasphaltpaving.com/,ChIJs268faiafmcRu7esrLpm72I,Vineland,NJ
"Spartan Sealcoating & Property Maintenance, llc",http://spartanseal.com/,ChIJteAUyt3KwIkRn1Qkdhxdup8,Vineland,NJ
Cape May County Concrete Solutions,https://www.capemaycountyconcrete.com/,ChIJ4Z-TwFzV1kIR4ujK9uRCHpc,Vineland,NJ
Affordable Concrete,,ChIJuR7MDnY6x4kRthlWg7y7n8U,Vineland,NJ
"Z - HSB Mold Removal & Mold Remediation Services Co, NJ",,ChIJtZqLJqQwx4kRwUJ1xQVyQtQ,Vineland,NJ
Unleashed Industrial LLC,https://www.unleashedindustrial.com/,ChIJtbS6Ui4vx4kRZKJJYfba45k,Vineland,NJ
"R & S Concrete, LLC",http://rsconcretein.com/,ChIJ__97HRRpbYgRJIn-RxKSUUA,Terre Haute,IN
Pro Concrete Leveling of Indiana,https://www.proconcretelevelingindiana.com/,ChIJBduek1Z7bYgR7Tq6Sux33P0,Terre Haute,IN
S T Construction Inc,https://www.stconstructionth.com/,ChIJD5VR5HFlbYgRt3LX1R5wEes,Terre Haute,IN
C & C Concrete & Construction,,ChIJp4pw8GhlbYgRUx-Li4UcJ60,Terre Haute,IN
White Rock Contracting LLC,https://www.whiterockcontractingllc.com/,ChIJf5XWQxYOkQQRD2I1Ncpt__k,Terre Haute,IN
Central Indiana Asphalt,https://www.centralindianaasphalt.com/,ChIJFZa4eK1tbYgRE1aORSVvUWI,Terre Haute,IN
"WBS Coatings, Inc.",https://www.wbscoatings.com/?utm_source=GMBlisting&utm_medium=organic,ChIJaTCNuTIdR4cR0wTr5SC2Kpk,Grand Junction,CO
Ultimate Decorative Concrete Coating llc,,ChIJAR-_p-geR4cRZIhoCSe10ds,Grand Junction,CO
Grand Junction Concrete Contractors,https://grand-junction-concrete.localo.site/?utm_source=google_profile&utm_campaign=localo&utm_medium=mainlink,ChIJD_o23G0fR4cR81LI7bvppeE,Grand Junction,CO
Sierra Concrete Company,http://sierraconcrete.com/,ChIJ3ZxYvXIfR4cR6ugHTsSdMVw,Grand Junction,CO
Adcock Concrete Inc,https://www.cowyacpa.org/member-directory/#!biz/id/56aaf7564f952e4d3d56babf,ChIJUdDjryMdR4cRbzTWZu6k89s,Grand Junction,CO
M & M Concrete Construction Inc,http://www.mandmconcrete.com/,ChIJc82xvQ0cR4cRwYdBjtEnk8A,Grand Junction,CO
High Grade Concrete & Excavation,https://www.highergradeconcrete.com/,ChIJq6qqqhoZR4cRkJu3NgqRo0I,Grand Junction,CO
Grand Valley Concrete llc,,ChIJhatYz9sdR4cRMd0_uumNUXA,Grand Junction,CO
Colorado Concrete Accessories,http://www.concretetools.com/,ChIJszqkbSIdR4cR4uOtp-CTKkw,Grand Junction,CO
Advanced Concrete of Co LLC,,ChIJVVVVVUEcR4cR3giIUEAivsY,Grand Junction,CO
Mg Concrete,,ChIJe-llIOgcR4cReuQc8-b3gB8,Grand Junction,CO
Archuleta Aesthetics,http://www.archuletaaesthetics.com/,ChIJGaXBfaS7YIcRCAVzmmvRtB8,Casper,WY
Final Impressions LLC,,ChIJvUJhcOW7YIcR9bUS0p-pILo,Casper,WY
G&M Concrete LLC,https://gmconcreteco.com/,ChIJodd-bE3ZYIcRpb4aOPP1QdU,Casper,WY
WY Elite Concrete Leveling,https://wyeliteconcreteleveling.com/,ChIJb6EQHgC9YIcRZMVUUpZxIwY,Casper,WY
Full Contact Concrete,,ChIJpxnLu0CjYIcRChmq0zeuM40,Casper,WY
Tom and Shellie Searles Masonry Concrete Co,http://concrete-casper.com/,ChIJQ4neiWG9YIcRvOgEsh2tOkU,Casper,WY
Advanced Construction Tile and Landscape LLC,https://actlandscapellc.com/,ChIJBTTphJKkYIcRkYQ34AjaAuA,Casper,WY
Skyline Construction LLC,https://www.skyline307.com/,ChIJTyynAhqswmIRICiDX_xG_gM,Casper,WY
Allterra Construction,http://www.allterraconstruction.com/,ChIJbxRqJVy7YIcRGjNvzPzFqrs,Casper,WY
Floors & More Abbey Flooring,http://www.floorsandmoremt.com/,ChIJC--VWpI3QlMR5rM6ugQ4chE,Great Falls,MT
Pierce Flooring Wholesale Direct,https://pierceflooringwholesale.com/,ChIJ0Vbltrc3QlMRZvkhG7Xi23U,Great Falls,MT
Warehouse Flooring Style and Design,http://warehouseflooring.com/,ChIJf8WYqiM4QlMRorCZFksLc18,Great Falls,MT
The Other Guys Wood Floors,http://www.theotherguyswoodfloors.com/,ChIJI9Z96m03QlMRaWwzSKHs06o,Great Falls,MT
The Good Wood Guys,http://thegoodwoodguys.com/,ChIJp4CKZII3QlMROMtZERDiI5Y,Great Falls,MT
Malisani Inc.,https://malisaniinc.com/,ChIJAbC4s4g3QlMRCu0jsL_ZEKQ,Great Falls,MT
Central Floor Covering,http://centralfloorcoveringmt.com/,ChIJu-Oy35M3QlMRQPYaqsCrzDs,Great Falls,MT
Revive Decks N Floors LLC,https://www.revivedecksnfloors.com/,ChIJl61L8d1BZlMR77vDEjrQdog,Great Falls,MT
Flooring America,https://www.flooringamericagf.com/?utm_source=google&utm_medium=organic&utm_campaign=gbp-listing&utm_content=Great%20Falls-showroom,ChIJwfcqxYA3QlMREZeWnGPWkqY,Great Falls,MT
Legacy Coatings,https://www.legacycoatings.com/,ChIJy8XPCBriiCsR1D0HORQ3cGI,Great Falls,MT
The Paint Store,,ChIJScbNCcE3QlMRc9srEjmteAo,Great Falls,MT
Professional Coatings,http://professionalcoatings.us/contact.html,ChIJBWWax7s3QlMR5IC0dd9Rri0,Great Falls,MT
All Pro Concrete,https://allproconcrete.org/,ChIJCVdGqQc3QlMR6w9Ojl2UdQU,Great Falls,MT
SlabTek,http://slabtekmt.com/,ChIJcbN3y0xHQlMRLgyjIlYvUSU,Great Falls,MT
"Ivers Construction, Concrete and Excavation",https://www.iversconstruction.com/,ChIJ3a0FS2hHQlMRzyHNW1Zjurg,Great Falls,MT
Lucke Construction,https://luckeconstruction.com/,ChIJVaw4VrQ3QlMRiYc8Em_oUZI,Great Falls,MT
MP Foundation and Concrete Repair,https://mpfoundationandconcreterepair.com/,ChIJd7IrmysmHWYRCfkgR0ZTmlg,Great Falls,MT
Tim Locke Concrete & Construction,,ChIJtwQjuz1IQlMRNx4jLsZG1RE,Great Falls,MT
Urban Stone Solutions LLC,https://ussconcrete.com/,ChIJsb9LCZQ3QlMRV02jF2sSmYI,Great Falls,MT
Elite Concrete Coatings,http://www.eliteyourfloors.com/,ChIJqS0cixTvjIgRy3O43fB7XFU,Auburn,AL
Auburn AZ Flooring Contractor,https://auburnazflooring.com/,ChIJ039PYx-LjIgRV4TZZqHkXQ4,Auburn,AL
"Majestic Epoxy & Concrete Creations, LLC",https://www.majesticcreations.net/,ChIJOSm6QglfjIgRO5yHI2fJM7k,Auburn,AL
RJ's Contractor Works LLC,https://www.rjsworks.com/,ChIJb0wrdg5XYyMRAq2Nnzb59ek,Auburn,AL
Farther & Sons Concrete,,ChIJ9ydfR1TwjIgRytqvUIElWOo,Auburn,AL
Adam's Flooring LLC,http://adamsflooringauburn.com/,ChIJDxtzVK_yjIgRmeYBQl7eymU,Auburn,AL
"Seaborn Johnson Construction, Inc.",https://sjcconcrete.net/,ChIJlz6qMbOTjIgRWecvV81Foc8,Auburn,AL
"Floor Concepts, Inc.",http://floorconceptsinc.com/,ChIJiZryz_W6b4gRqotXb2fgucI,Owensboro,KY
"WILSON'S CUSTOM FLOORING, LLC",https://www.wilsonscustom.com/,ChIJqTVE_eO7b4gR3dIGZCiaYBc,Owensboro,KY
Trident Painting LLC,http://www.tridentpaintingllc.com/,ChIJ2SCRgeG7b4gRbH4A3ya2hYc,Owensboro,KY
Carpets Unlimited Flooring Center,https://www.carpetsunl.com/,ChIJDYxwi7G7b4gRbYUzIqgwZOE,Owensboro,KY
Carpet One Floor & Home,http://www.carpetoneowensboro.com/,ChIJpXID57W7b4gRQvNlSnGI6uI,Owensboro,KY
HomeCare Coatings,https://homecarecoatings.com/,ChIJm5yJWt0FiQURltelbckUKYc,Owensboro,KY
Elizabethtown Epoxy Flooring,https://elizabethtownepoxyflooring.com/,ChIJCZab6mzK8yARaEtvWMiULLA,Owensboro,KY
Noles Home Maintenance Services LLC,https://noleshomemaintenance.com/?utm_campaign=gmb&utm_medium=gmb&utm_source=organic,ChIJRZqAQLS7b4gRVK3tpUjYBFE,Owensboro,KY
Surface King,https://concreterepairashland.com/,ChIJzYfolXx6RogR_JybfmbpC80,Owensboro,KY
RH Contractors/Stabil-loc foundation repair,http://rhcontractors.com/,ChIJNd_n8hhHOogRgdaE4gcB4H0,Owensboro,KY
Precision Asphalt Sealcoating and Linestriping,https://www.precisionasphaltsealcoating.com/,ChIJ_0tSDiKbeG0RpGRmtqaoxjY,Owensboro,KY
Hartz Construction Co,http://www.hartzcontracting.com/,ChIJCYjvQLi5b4gRbzuASRCnwUk,Owensboro,KY
Creative Concrete,,ChIJ3XaR7YG3b4gRB0faOfds7lw,Owensboro,KY
Daniels coatings,,ChIJX6MnRk4JdqkRiEbcztjtUys,Owensboro,KY
Riverside Construction and Maintenance LLC,http://www.rcmowensboro.com/,ChIJoaSOrTK7b4gRJD78J1EzQpA,Owensboro,KY
David Head Construction,,ChIJWyHr-YW6b4gRf9HGbdmLleA,Owensboro,KY
Tretter Tile & Terrazzo,http://www.trettertile.com/,ChIJbVSQMH-wb4gRM2Q0LKkYqEs,Owensboro,KY
Expert Floors,https://www.idahoexpertfloors.com/,ChIJlwcf2SddVFMR1BM4F_9nbN4,Idaho Falls,ID
Advanced Concrete Solutions of ID,https://advancedconcreteidaho.com/,ChIJ13qXOetdVFMRQDOK4cFvBtA,Idaho Falls,ID
IDF The Floor Store,https://www.installerdirectflooring.biz/,ChIJk3NkATxYVFMRfGJEBqWePIw,Idaho Falls,ID
Silver Crest Corp,https://silvercrestcorp.com/,ChIJ9-zZm6AMVFMRk0LdmSwWpsc,Idaho Falls,ID
Timeless Tile Traditions,https://www.tileid.com/,ChIJyW2nCchfVFMRQ9IGvUqu5Mc,Idaho Falls,ID
United Concrete Polishing,http://www.unitedconcretepolishing.com/,ChIJnXRsTQFcVFMRJPxzOlFg5dc,Idaho Falls,ID
Perry's Floors LLC,https://perrysfloorsid.com/,ChIJHYNzExBdVFMRE0QCK-cJfLs,Idaho Falls,ID
Carlsons Custom Concrete Inc,http://carlsonscustomconcrete.com/,ChIJCdj5Kfr5VFMRVxfDL9fshyk,Idaho Falls,ID
Vital Coatings,https://vitalcoats.com/?utm_source=google&utm_medium=organic&utm_campaign=gbp,ChIJuYibeRc3lqkRW2p421dkcYs,Idaho Falls,ID
Stucki Construction - Idaho Concrete Contractor,https://www.stuckiconstruction.com/,ChIJpeXu1GhnVFMRAYGwiKfx3H0,Idaho Falls,ID
Pristine Concrete Coating,https://www.coatingidaho.com/about-us,ChIJNXOUaQtPVVMRSH3nI672cNQ,Idaho Falls,ID
Evolution Concrete Cutting,https://www.evolutionconcretecutting.com/,ChIJ1XrJBlBdVFMRdxEoHzNW93U,Idaho Falls,ID
MaussCo,https://getmauss.com/,ChIJceXRsqEr44cRSQaW8i4T4F8,Dubuque,IA
Xtreme Clean & Coatings/Schueller Restoration,https://xtremecleanandcoatingsia.com/,ChIJzel9iPcx44cRkvRZGQMF1DI,Dubuque,IA
Commercial Flooring Co.,http://commercialflooringco.com/,ChIJqxDRkiAv44cRznVUBgoIaHc,Dubuque,IA
Rettenmaier Flooring,https://www.rettenmaierflooring.com/,ChIJN88nNHos44cRG3o7T0Cj9e0,Dubuque,IA
Carpetland USA Dubuque,http://www.carpetlandusa.net/,ChIJt90XSJUt44cR_wtCCbfNZAc,Dubuque,IA
Cummer Masonry Inc.,http://www.cummermasonry.com/,ChIJ37sxbN7S_IcR6HJ74jKfiCc,Dubuque,IA
Dubuque Concrete Pros,https://www.dubuqueconcretepros.com/,ChIJ72tz4Zov44cR_6SqV46esuI,Dubuque,IA
Edwards Concrete Contractors Inc,http://www.eccidubuque.net/,ChIJjQ87bIct44cRxHYlmi4VrK4,Dubuque,IA
D & D Superior Concrete Construction,http://www.ddconcreteinc.com/,ChIJT7EXpwMp44cRYzywybhnYIE,Dubuque,IA
Ehrlich Concrete,,ChIJGQM5-0rT_IcRc_ckUVPR_JE,Dubuque,IA
Tri-State Concrete Construction,,ChIJz64Wl84u44cRVxTokZXvbT8,Dubuque,IA
Kyle Construction LLC,https://kyle-construction.com/,ChIJCfg3BJQr44cRBCeZ5R5UtTI,Dubuque,IA
Skyline Construction,http://www.skylinedubuque.com/,ChIJsyNMfPYt44cR6kPN2uV8dgs,Dubuque,IA
McAuliffe Concrete Construction Services,http://mcauliffeconcreteconstructionservices.com/,ChIJW440M6cr44cRMEJLbh5wyw8,Dubuque,IA
"Decker Concrete, Inc.",https://deckerconcreteinc.com/,ChIJpSviii5V44cRp6za1dfv0co,Dubuque,IA
Concrete By Design LLC,https://www.concretedesigniowa.com/,ChIJu9IKrG7p5IcRT-acoZglW8U,Dubuque,IA
AMC Homes LLC,https://www.amcsells.com/,ChIJne3yuroynyoRW-fRHgkf2ro,Dubuque,IA
Midwest Concrete,,ChIJi6yTQNsx44cRITY-AlZ7y20,Dubuque,IA
"Ocala Epoxy Flooring, Pool Deck & Patio Resurfacing, Decorative Concrete Coatings",https://ocalaepoxyflooringpooldeckresurfacing.com/,ChIJ4zUY1D8r5ogRsyi1TAQVZ70,Ocala,FL
Safeguard Coatings,https://www.safeguard-coatings.com/,ChIJnYpGMnPP54gR0_0eVzORPV8,Ocala,FL
Spartan Floor Coatings Central Florida,https://spartanfloorcoating.com/ocala/,ChIJGajUkpHH54gR-ok75gmbpzM,Ocala,FL
Affordable & Reliable Painting LLC,https://affordableandreliable.com/?utm_source=affordable+and+reliable+services+GBP&utm_medium=GBP&utm_id=affordableandreliableGBP,ChIJIweyUChp6IgR0Y-BSTDvrio,Ocala,FL
Level up epoxy and painting,https://www.levelupepoxyandpainting.com/?utm_source=google&utm_medium=organic&utm_campaign=gbp,ChIJLUYhxcfnZQkR2tQ1s1gEK94,Ocala,FL
Elite Floor Crafters,http://elitefloorcrafters.com/,ChIJKc0bof-c6EAR1lDUBhXdkoY,Ocala,FL
A Level UP Concrete,http://alevelupconcretellc.com/,ChIJNXnZzgW_54gRM_wKGqEnEvY,Ocala,FL
Concrete Ocala Pros,https://www.concreteocalapros.com/,ChIJP9BEacvT54gR9oLyrVh6MCk,Ocala,FL
Ocala Concrete,,ChIJY4kAxZbV54gRXuYOQR_543g,Ocala,FL
"Caruthers Concrete Service, LLC",https://caruthersconcrete.com/,ChIJJ9VP24zS54gRWJgshh_a41o,Ocala,FL
The Driveway Company of Florida - A Concrete Coating Company,https://southeastsurfacepros.com/,ChIJ-UP-BeMr5ogRVzmQw6smFxA,Ocala,FL
Rock Ilusion - Decoration in concrete,https://rockilusion.com/,ChIJK9sWYba0hSoRFxBCItVN8vg,Ocala,FL
Superior Concrete Ocala,https://superiorconcreteocala.com/,ChIJTWS4qq_T54gR6WkIWXRUM6g,Ocala,FL
Groundworks Concrete,https://groundworksconcreteocala.construction/,ChIJDZvMttzT54gRiRhsES8-WFY,Ocala,FL
Coleman Concrete,https://ocalaconcreteworks.com/,ChIJy4CHB1TV54gRaO2XXLDwpHs,Ocala,FL
Brick City Concrete Co,https://www.concrete-ocalafl.com/,ChIJU7eUFZvX54gRnPHK4lVXrBM,Ocala,FL
"High Pressure Shotcrete, LLC",http://www.highpressureshotcretefl.com/,ChIJRZim-AvV54gRwTf94yPFjrA,Ocala,FL
TLC Custom Concepts,http://tlccustomconcepts.com/,ChIJX8ZYG32FFIgRIAltsHf7X7I,Kokomo,IN
Bergman Concrete,http://www.thebergmanco.com/,ChIJHy4NcgmGFIgRRKicHt_a2SQ,Kokomo,IN
A R Custom Concrete,http://www.arcustomconcrete.net/,ChIJkYtU6uOCFIgRWgA-hHrhdpY,Kokomo,IN
K. Graber Construction LLC,https://www.kgraberco.com/?utm_source=gmb&utm_medium=profile,ChIJnbKKE-VjFIgRQaGz0htfw_Q,Kokomo,IN
"Custom Concrete Co., Inc.",http://www.customconcrete.com/,ChIJJ0eFAv2uFIgRHPMUKPrRlWk,Kokomo,IN
Foundation Repair Pros of Kokomo,https://foundation-repair-pros-of-kokomo.ueniweb.com/?utm_campaign=gmb,ChIJcwnYb16FFIgRfSvOcCdNYck,Kokomo,IN
ABC Concrete & Construction,http://www.abcconcreteandconstruction.com/,ChIJc4H8IUKPE4gRM87unEqWrH4,Kokomo,IN
All Seasons General Contractor,https://www.kokomoallseasons.com/,ChIJIV2jGSSEFIgRFtJ3CFmZhGs,Kokomo,IN
The Finishing Touch,https://thefinishingtouchllc.com/,ChIJTWuu4LeMFIgRXGrmigzKNcM,Kokomo,IN
Cottingham Concrete,,ChIJ7xUqKC1_FIgRX6TcgzyIEFI,Kokomo,IN
Jones Concrete,https://wwwjonesdezines.net/,ChIJ5bRzRgCPFIgRuYbDAehEs18,Kokomo,IN
Rock Solid Concrete,,ChIJKYU9R9fEx6YRtGpinxVxXUM,Kokomo,IN
Spray Tech Solutions,https://www.spraytechkokomo.com/?utm_source=gbp,ChIJnfkySNPknkcRuG6c37urELI,Kokomo,IN
Creative Concrete,,ChIJ49XUwAaDFIgRBk5p-kCjIDQ,Kokomo,IN
ArmorPro Coatings,https://armorprocoatings.com/?utm_source=gmb,ChIJP5-X2LYTpCARdu-rH_MLfvc,Buckeye,AZ
Canyon Coating,,ChIJ22gwkbFPK4cRvnsGDlts28U,Buckeye,AZ
Dream Coatings LLC,http://dreamcoatings.com/,ChIJy-GhG_VBK4cRQK12BrU6yuY,Buckeye,AZ
Precision Concrete Repair,https://www.precision-concreterepair.com/,ChIJNc-dieM3K4cRfemPrrvLK_E,Buckeye,AZ
Intricate Concrete,https://intricatesurfacedesigns.com/,ChIJxzwARp85K4cRl31rf6a5mAk,Buckeye,AZ
"Rock Solid Concrete Az, LLC",https://www.rocksolidconcreteaz.com/,ChIJpwAAuuZBK4cRFumm5_Mkd8k,Buckeye,AZ
"Decks Done Right, LLC",https://www.decksdonerightaz.com/,ChIJdfjlFOdcK4cRZ8ORkYiwPhk,Buckeye,AZ
WeatherGuard Coatings,http://www.weatherguardaz.com/,ChIJec-ks-61OAcRXdS58JU2Q2o,Buckeye,AZ
Integrity Concrete Services LLC,,ChIJUfmwuJsNBygRYRK9BGa1iZ4,Valdosta,GA
Barfield's construction and remodeling services,http://www.barfieldsconstruction.com/,ChIJr7jydmRh7ogRR7uNoYLIyKk,Valdosta,GA
Custom Classic Concrete,http://www.customclassicconcrete.com/,ChIJXUDED1To7YgRWUM-TChTrf8,Valdosta,GA
Mitchell Concrete,,ChIJyQXkBcSK7ogRB0-aTZ2OUMk,Valdosta,GA
Optimum Construction,,ChIJrW0QVM5j7ogRzit94LhYy7U,Valdosta,GA
Scruggs( River street),http://scruggsconcrete.com/,ChIJ5-W2Qydn7ogRmGdzgdXdDcw,Valdosta,GA
Evendell Custom Homes,http://evendell.homes/,ChIJXy2xq19j7ogRIzvTBTUrhnE,Valdosta,GA
"South Ga Sealcoating & Striping, LLC",http://www.parkingrepairs.com/contact-us/,ChIJP9r3N0pn7ogR0qkjWsRZDr0,Valdosta,GA
Artic Concrete Contractors,http://www.articconcrete.com/,ChIJ49cR8XjD84gRttMIurcO0G8,Valdosta,GA
"Titus Restoration Services, Inc.",http://titusrestoration.com/,ChIJlSQFkjm07YgRxuZNQ_CU_J0,Valdosta,GA
"iQ Global Construction, Inc",http://www.iqglobalconstruction.com/,ChIJ2dDbbY5n7ogRtaCGc2IePWc,Valdosta,GA
Quality Concrete Finishing,,ChIJoSikw-Z-8IgRXi9lMTCuMXo,Valdosta,GA
Rountree Construction Company,,ChIJA_ExFcpm7ogRYmvwzCylm2A,Valdosta,GA
Richie's Flooring LLC,https://richiesflooringcfiinstaller.com/,ChIJ3dLhjJPTvYcRF4g3BffBLvU,Manhattan,KS
Kolde Concrete Construction Manhattan,http://koldeconcrete.com/,ChIJaTeX5pLTvYcRqX9OsAAs2Bo,Manhattan,KS
Leiker Concrete Construction,http://leikerconcretemhk.com/,ChIJzzcEvgHTvYcRPscjIJcQ-sE,Manhattan,KS
Vanco,http://vanco-concrete.com/,ChIJd97yM3HNvYcRXhjwG-VG1r0,Manhattan,KS
Freedom Concrete - Now Part of Mcanany Construction,http://www.mcananyconstruction.com/,ChIJX3x9h-WbwIcRsoRgiJYNpk8,Manhattan,KS
Ornamental Concrete,http://www.ornamentalconcrete.com/,ChIJR4b3phZevocRVRC2ZfiOytQ,Manhattan,KS
Better Concrete Construction,http://www.betterconcreteconstruction.com/,ChIJGdJdszmWwIcRC4-HHYog1T8,Manhattan,KS
T&M Concrete,http://tmconcreteks.com/,ChIJ16vf5f5PvIcRJbOAGOmnG9I,Manhattan,KS
C&C Painting and Remodeling,https://paintremodelpros.com/,ChIJDYCg6R_SvYcRHw3WSedifD8,Manhattan,KS
MTS Custom Coating Inc,,ChIJ76O9snnNvYcRCUwd82JjdMw,Manhattan,KS
Midwest Concrete Materials,http://www.midwestconcretematerials.com/,ChIJEQRY44vSvYcRK_AFKky4zNA,Manhattan,KS
"Weisbender Contracting, Inc",http://www.weisbendercontracting.com/,ChIJ_3ytAnnNvYcRRpkpKyhAS_U,Manhattan,KS
Economy Carpentry & Painting,,ChIJ2eTO5BTSvYcRtXHfWGqaDy0,Manhattan,KS
Johnson Concrete LLC,http://www.jococoncrete.com/,ChIJH1I4i13BwIcRryIMDkK_19Q,Manhattan,KS
Corvallis Floor Covering,http://www.corvallisfloorcovering.com/,ChIJVUS6vuxAwFQR9YGwvR7X9nk,Corvallis,OR
Benson's Interiors,http://www.bensonsinteriors.com/,ChIJDerSl3hAwFQRqcUXMZhO6jY,Corvallis,OR
Integrity Floors,http://www.integrityfloors.com/,ChIJoYCQDJJAwFQRVAM_JfzUI08,Corvallis,OR
Hardwood Centre,http://www.thehardwoodcentre.com/,ChIJD5-o6MpBwFQRTRUgbns_N7M,Corvallis,OR
"Curtis Flooring, LLC",http://curtis-flooring.com/,ChIJO_jx_1c5wFQRSCHfJIItq8E,Corvallis,OR
Mid-Valley Tile,http://www.mid-valleytile.com/,ChIJJ5t8Poc_wFQRWONUWVPdWrA,Corvallis,OR
Albany Carpet One Floor & Home,https://www.carpetoneoregon.com/?utm_source=google&utm_medium=organic&utm_campaign=gbp-listing&utm_content=Albany-showroom,ChIJza7vdb9swFQRAiLLEPi7Fj0,Corvallis,OR
First Class Flooring,https://www.firstclassflooringoregon.com/,ChIJwWeEUXdrwFQRC8marh2IPoo,Corvallis,OR
Equilibrium Painting,http://www.equilibriumpainting.com/,ChIJ_7Ni9r5BwFQRBXIGh0iSdv0,Corvallis,OR
Midwest Coast Flooring,http://www.midwestcoastflooring.com/,ChIJnbcZIwyFw1QRS5SbKfBBn_w,Corvallis,OR
American Floor Sanding,http://www.floorsandingalbany.com/,ChIJkYLpqcZswFQRMsMPdBRUTYQ,Corvallis,OR
Wade Hardware,,ChIJD4XPAupAwFQRpFm4umNdLVA,Corvallis,OR
Armstrong Painting LLC,https://armstrongpaintingllc.com/,ChIJc5RYvqtswFQR-rUJrsJPOko,Corvallis,OR
All Star Custom Curb & Concrete Inc.,https://www.allstarcustomconcrete.com/,ChIJX4Wuh9tBwFQR_J2Xmh6-u2A,Corvallis,OR
Campbell Concrete Nw,https://corvallisconcrete.com/,ChIJxTd4ltpAwFQR1Zp5BmucHNs,Corvallis,OR
Rare Metals Concrete Co,http://albanyorconcrete.com/,ChIJqW-A3XxtwFQRhHRJvMq8ly4,Corvallis,OR
The Corvallis Contractor,https://corvalliscontractor.com/,ChIJBWQ-PgBtwFQRO67wT8p8trQ,Corvallis,OR
G. Christianson Construction Inc.,https://gchristiansonconstruction.com/,ChIJ45ada5JAwFQRHN8pVpnB2d0,Corvallis,OR
Navarro Company Construction (Corvallis),http://navarrocompanyconstruction.com/,ChIJswr2RPdHwFQRubwx3AukK5o,Corvallis,OR
Rays AP Construction LLC,https://www.raysapconstructionllc.org/,ChIJ_44jPWj5wFQRgthXYkoJwBg,Corvallis,OR
Double Eagle Construction Inc.,http://www.double-eagle-construction.com/,ChIJ7xk-k1ZAwFQRN4MGT50075s,Corvallis,OR
"Proline Construction and Remodel, LLC",http://www.prolineconstructionandremodel.com/,ChIJ44sHWdNGwFQRN6zmr31OJW0,Corvallis,OR
Prime Painting & Construction,http://primepaintingoregon.com/,ChIJBwvaKRaEgKIREq94VJK1slw,Corvallis,OR
Fitzpatrick Painting & Construction,https://www.fitzpatrickpainting.com/areas-we-serve/corvallis,ChIJcQlmK5BBwFQRehJxLB68Iwk,Corvallis,OR
The Concrete Guy,https://theconcreteguy503.com/,ChIJg1uO1YZOlVQR_YkaBPDLhKc,Corvallis,OR
"Blackshot Sealcoating, LLC",https://www.blackshotsealcoat.com/?utm_source=google&utm_medium=organic&utm_campaign=gbp,ChIJscpctvlG82kRQ98Gpgdd4U8,Corvallis,OR
EC Concrete Services LLC,https://ecconcreteservices.com/contact-us/,ChIJVVX5QRsPlVQRtgnlzp7AJIg,Corvallis,OR
Pacific Stars General Contractor LLC,https://www.pacificstarsconcrete.com/,ChIJFY6L7y0RlVQRCXAC9Kq_FPs,Corvallis,OR
Marlon's Painting Corvallis - Albany,http://www.marlonspainting.com/,ChIJVedevYI_wFQRPvv4f3CBaP4,Corvallis,OR
Eagle Concrete Construction,,ChIJlY_TSOJqwFQR2ZgVXICsm2k,Corvallis,OR
Jerry Stephens Concrete,,ChIJNSahctZAwFQRsfz10wPt5aU,Corvallis,OR
Dakota Mud Jack,https://www.dakotamudjackepoxy.com/,ChIJcao41b2GxlIRKQZWfiKWpUQ,Grand Forks,ND
Outlaw Concrete and Landscaping,http://www.outlawconcrete-landscaping.com/,ChIJVy8-iZuBxlIR4YVS2Fn9c0c,Grand Forks,ND
MAK Construction,https://www.makconstructiongf.com/,ChIJ0TIIMV94xlIRAvuWxDBnoOA,Grand Forks,ND
Tony Anderson Construction Inc. & Boomin' Concrete,http://www.tonyandersonconstruction.com/,ChIJs29LpmKBxlIRXe1u13ukVbo,Grand Forks,ND
Ray Construction,,ChIJrdkfAfMqxFIR9rEY3g-e-kQ,Grand Forks,ND
Opp Construction,https://www.oppconstruction.com/,ChIJ_1ln0-yDxlIR83LSJpZQp0A,Grand Forks,ND
Rogers Construction,,ChIJk0e_NtWGxlIRZWG-VvEv4ZY,Grand Forks,ND
Concrete Contractors Grand Forks,,ChIJfdUE112BxlIRUsjzWgvfxzA,Grand Forks,ND
Craftmasters Construction,http://www.craftmasters701.com/,ChIJcao41b2GxlIRJ3QhOWsH1ag,Grand Forks,ND
Pro-Tec Powder Coating,https://www.pro-tecgf.com/,ChIJWbxRk02BxlIRK4oXSVEshTw,Grand Forks,ND
K & E Construction Co,https://www.minnesotabuildingandconstruction.com/builder-in-east-grand-forks/,ChIJSXi1EZKGxlIRALv0lVFN8Oc,Grand Forks,ND
Affinity Builders,https://affinitybuilders.info/,ChIJSXi1EZKGxlIRvu7mBXlu-xU,Grand Forks,ND
"Tri-State Paving & Concrete, Inc.",http://tristatepavinggfnd.com/,ChIJh7-xaimBxlIRbDNGjSSouwE,Grand Forks,ND
"Prairie Supply, Inc.",http://www.prairiesupply.com/,ChIJg8U_0aWBxlIRkXY_sl7SXSM,Grand Forks,ND
Structural Materials Inc.,http://www.smionline.com/,ChIJe4VSaoKBxlIRDlUTfS4LK9s,Grand Forks,ND
Foley Bros Powder Coating,,ChIJLbdfX66DxlIRL35VF-OGXgU,Grand Forks,ND
Lafarge Dakota,,ChIJoS0CQDqBxlIRpZlH2sCG3Pk,Grand Forks,ND
Wells,https://www.wells.build/,ChIJyd5lKqKBxlIRv_wiZchQJO8,Grand Forks,ND
Dick Walsh Construction,https://www.dickwalshconst.com/,ChIJ6UM5IPyAxlIRvlPoH-YePUY,Grand Forks,ND
Pocatello Flooring,http://www.pocatelloflooring.com/,ChIJF7eAPxhPVVMR23WmaexkwO4,Pocatello,ID
Factory Direct Floors,http://fdfloors.com/,ChIJw7jZGktHVVMRU8kfdxNjFOc,Pocatello,ID
Anderson Epoxy Concepts,,ChIJ__8rNthGVVMRPtR0ykftTUo,Pocatello,ID
Hilltown stone epoxy,,ChIJywx7kN6PCGwR894wol8EGzk,Pocatello,ID
Portneuf valley concrete,,ChIJWeLq7lpPVVMRfYsfNgF9FOs,Pocatello,ID
Wiegman Concrete,http://www.wiegmanconcrete.com/,ChIJk8CUxRVPVVMRf10nzsuKgxU,Pocatello,ID
Cornerstone Concrete,http://www.cornerstoneconcreteidaho.com/,ChIJXzpcTJdFVVMRaTlfDjvNCM8,Pocatello,ID
Twiss Construction,https://www.twissconstruction.com/,ChIJ1ab1RAxPVVMRr0c6RjL7gXM,Pocatello,ID
Roan Concrete Repair and Reseal,,ChIJ62GcIf5FVVMRVgvFh6--QeY,Pocatello,ID
GOODCRETE INC,http://goodcreteinc.com/,ChIJufdIyJdLVVMR_U6x303Sf24,Pocatello,ID
Customcrete of Idaho,http://www.customcreteid.com/,ChIJEQBOCCRMVVMRjbUbCXN633o,Pocatello,ID
"Final Aspect Concrete, LLC",,ChIJA7QECuhOVVMRh-KFZsRoFu0,Pocatello,ID
Ponce Concrete Llc,http://ponceconcretellc.us/,ChIJ23gtRISzr1QRfsAyIcX2Aco,Pocatello,ID
Guy Nielson Refractory Contractors,http://www.guynielson.com/,ChIJa3W-LF1PVVMRY6ong-J3BpU,Pocatello,ID
Kershaw Curb & Gutter,,ChIJrVKlV2xPVVMRaCz20tvShiY,Pocatello,ID
Creative Edge Custom Concrete Curbing and landscape,https://creativeedgecurb.com/,ChIJV4eKPdFFVVMRxSDgKHCg31o,Pocatello,ID
Snake River Contracting LLC,,ChIJFfq5o2tFVVMRnk1uNaiy79Q,Pocatello,ID
Alpha Powder Coating,,ChIJg9b57PUzdY8RR3d5DT5hLUE,Pocatello,ID
Start To Finish Painting Solutions L.L.C.,,ChIJj2RmPIFPVVMRFd9Lz5sLjf0,Pocatello,ID
Cactus Custom Coatings,https://cactuscustomcoatings.com/,ChIJGeD2O7hMpwIRiu2X8suVW1E,Lake Havasu City,AZ
"ARC Coatings, Inc",http://www.arccoatings.com/,ChIJa0GP4fft0YARERR4TFKf-BA,Lake Havasu City,AZ
OASIS FLOORS AND DESIGN,http://oasisfloors.com/,ChIJEXXctu3t0YARD44aVyT9SpQ,Lake Havasu City,AZ
Associated Concrete Inc.,http://www.associatedconcretehavasu.com/,ChIJzxSvxEPy0YAR8_BbY95xSos,Lake Havasu City,AZ
Lake Havasu Concrete Contractors,https://concretecontractorslakehavasu.com/,ChIJs0U3Jirt0YARstPt3k7aj9c,Lake Havasu City,AZ
K&E Concrete Coatings,,ChIJm1RU6eft0YARlh2GuOOMvJ4,Lake Havasu City,AZ
AZ Sun Decking,https://azsundecking.com/,ChIJK5UjjmTy0YARN4agfSFq8-Y,Lake Havasu City,AZ
Frontier Concrete Inc,,ChIJ9yg6cK7v0YARZAKGBJWpoRw,Lake Havasu City,AZ
Kelm Concrete Inc,https://www.kelmcon.com/,ChIJVVVVVYXt0YARVnZGWjI8Ckw,Lake Havasu City,AZ
A & E Flooring and Construction LLC,https://aelhc.com/?utm_source=google&utm_medium=organic&utm_campaign=gbp,ChIJq6r6SvDt0YARxX-ByYmmRBk,Lake Havasu City,AZ
Cutting Edge Concrete,,ChIJFwmIqtXz0YARgx0Gvx_U4O8,Lake Havasu City,AZ
Masonry and More Concrete,http://www.masonryandmoreconcrete.com/,ChIJz1rpm7Tz0YARQCpsVPvDTpo,Lake Havasu City,AZ
Taz Concrete,http://tazconcrete.com/,ChIJbYn76QPy0YARHK4d_m_K9r0,Lake Havasu City,AZ
Precision Coatings,https://www.precisioncoatingsaz.com/,ChIJq6r6H_zt0YARAgeZt-dbmi4,Lake Havasu City,AZ
A Plus Concrete,,ChIJ84DsUPzt0YAROorm_ZnZOmg,Lake Havasu City,AZ
JNR Decks & Concrete,,ChIJtfpzHgnz0YARU9W7gNt4wl4,Lake Havasu City,AZ
JB Odd Jobs & Repairs & restorations of Havasu,http://www.jboddjobs.biz/,ChIJH1fIfaDt0YARQ662kSCNcPQ,Lake Havasu City,AZ
Competition Coating,,ChIJtTUHBZDt0YARhOyi7lk8Ze4,Lake Havasu City,AZ
Static Powdercoatings LLC.,,ChIJQwlBxV7t0YARrwMbH-OLjBw,Lake Havasu City,AZ
Lake Havasu Gunite & Concrete,,ChIJ9yb9leDt0YARmfQTWBJNfOM,Lake Havasu City,AZ
Arizona Decorative Concrete,,ChIJE-D6zBzy0YARyNFl8jlmQXE,Lake Havasu City,AZ
Bcr Decorative Concrete,,ChIJ_29c6fHt0YARKT4xYDf0HCA,Lake Havasu City,AZ
Valor Epoxy Pros,http://valorepoxypros.com/,ChIJbVaGzou_kIgRtKJAF0Xli6U,Pensacola,FL
Xps Xpress Pensacola,https://xpspensacola.com/,ChIJ83bRbAHdkIgRSrAVghI5lOY,Pensacola,FL
ArmorCoat Concrete Solutions,https://armorcoatconcretesolutions.com/,ChIJcRTgOiS_kIgRUlL05_geMt8,Pensacola,FL
Elite Crete of the Gulf Coast,,ChIJxckIMe3AkIgRS6QPMFlocwI,Pensacola,FL
"Steve's Concrete, LLC. (Steven steward concrete of Pensacola)",,ChIJuZVw5cC7kIgRx6lc-eZQoPM,Pensacola,FL
Apex Coatings USA,https://apexcoatingsusa.com/,ChIJh8a5tbPdZwgRWz094yq7tOg,Pensacola,FL
Superior Concrete Pensacola,https://superiorconcretepensacola.com/,ChIJhU8SzJO_kIgRz6dMW-yOSv0,Pensacola,FL
Xtreme concrete company LLC Licensed and Insured,http://www.xtremeconcretecompanyllc.com/,ChIJGw4uzw6JkIgR0DGLFvBCfs4,Pensacola,FL
Phoenix Coatings Inc,https://www.phoenixpensacola.com/,ChIJYd9LT7S_kIgRYMbL2QEa2GE,Pensacola,FL
"Architectural Concrete Designs, Inc",http://www.architecturalconcretedesignsinc.com/,ChIJDSHXCSWXkIgRYRptUbj6rnY,Pensacola,FL
Harbor Freight,https://www.harborfreight.com/storelocator/1725-glenwood-st-delano-93215?number=2990,ChIJ8aMhh3Pl6oARNcTdGhy3PQQ,Delano,CA
M&A Gonzalez Pressure Washing Services,,ChIJ70CD8bTv6oARJZ7T8C3695s,Delano,CA
Orange Cove True Value Hardware,,ChIJO60I7SDv6oARzgY_jWpYHNg,Delano,CA
AutoZone Auto Parts,https://www.autozone.com/locations/ca/delano/1434-high-st.html?cmpid=LOC:US:EN:AD:NL:1000000:GEN:2829,ChIJ_VXOaezl6oARjTdtCYGYkns,Delano,CA
Target,,ChIJi2xp6vzl6oARysUlt-NhgMw,Delano,CA
Walmart Supercenter,https://www.walmart.com/store/5215-delano-ca/?veh=seo_loc,ChIJF6P1p3Hl6oARvx75jrTiHro,Delano,CA
Epoxy Pro Solutions,https://www.epoxyprosolutions.com/,ChIJIfhnlVUbQEcR_dj9a8FqBQM,Bradenton,FL
Bradenton Epoxy,http://www.bradentonepoxy.com/,ChIJ7YCMtWYXw4gR5Nl44-dRtP4,Bradenton,FL
On The Floor Coatings,https://onthefloorcoatings.com/,ChIJ1cZc3lVwj2kRbMdeO-9X2Yw,Bradenton,FL
Prime Resin Coatings,https://www.primeresinfl.com/,ChIJaVA8iusD46kR3rJEizKSnE0,Bradenton,FL
Titan Garage,https://www.titangarage.org/,ChIJndn60-s7w4gR5fML1ztibiw,Bradenton,FL
KJZ Floor Solutions LLC,http://kjzfloorsolutions.com/,ChIJAdPKOqNAw4gR70DKy_Udw3A,Bradenton,FL
LAS Pro Flooring LLC,http://www.lasproflooring.com/,ChIJCYhm7D8Xw4gR1uv8zPGsIcM,Bradenton,FL
Mastercraft Concrete Solutions LLC,http://epoxyfloorsofsarasota.com/,ChIJYYn4tcbb5ogRuFFZOgb0qV4,Bradenton,FL
Armor Tuff Garage Floors LLC,http://www.armortuff.com/,ChIJ6eVg099R-YcRE2C8v-iQTys,La Crosse,WI
Fortress Floors,https://www.fortressfloors.com/,ChIJiQR_OBrQw2QRxNXjOlD0Wzw,La Crosse,WI
Floorcrafters,http://www.floorcraftersonline.com/,ChIJlw7aIIpS-YcRL2uySoCyoA0,La Crosse,WI
Fusion Floors,http://fusionfloorswi.com/,ChIJXZRWovrHQkQRIB-eMnKMeAE,La Crosse,WI
River Valley Floor Shield,https://rvifs.com/,ChIJyx6IbQyv_ocRkdtYqpiLBTo,La Crosse,WI
One-Shot Concrete Services LLC,http://www.oneshotconcrete.com/,ChIJV0uGn3XH_ocRFkkY1L_bH2o,La Crosse,WI
Midwest Concrete Coatings LLC,,ChIJebVP9W8tq1IRA0TriuCzjsY,La Crosse,WI
"Kirchner Concrete of La Crosse, LLC",http://www.kirchnerconcrete.com/,ChIJUQMVvnz_-4cRGQ3lJGqfEG8,La Crosse,WI
C & A Concrete Construction LLC,http://www.caconcretewi.com/,ChIJUWJnEfCZ_ocRHNQEHz3Cy2M,La Crosse,WI
Steiger Construction Co Inc,http://www.steigerconstruction.com/,ChIJR4PPCf__-4cRG3vCn1TAK8Y,La Crosse,WI
Concrete Solutions Inc.,http://www.concretesi.com/,ChIJkwnfqXKv_ocRKlIM-AEEdus,La Crosse,WI
Pure Concrete LLC,,ChIJHecPNFTttIkRG6D34-H8dGg,Harrisonburg,VA
Design Concrete Builders Inc.,http://www.designconcretebuilders.com/,ChIJe9OJjVbttIkRRx51hKrYkhg,Harrisonburg,VA
Contracting Unlimited,http://www.contractingunlimitedinc.com/,ChIJVRXstWyTtIkRInpVTBnRO3I,Harrisonburg,VA
Superior Sealing & Maintenance Inc,http://superiorsealingandmaintenance.com/,ChIJ-aX8ZZH5tIkRtfWeHENGutk,Harrisonburg,VA
Superior Concrete Inc.,,ChIJJZHTyKaStIkRe590X5gGn7c,Harrisonburg,VA
Echeverria Construction,https://echeverriaconstructionva.com/,ChIJve3DOS6TtIkRjDagklx5fbo,Harrisonburg,VA
"Chaney Enterprises - Harrisonburg, VA Concrete Plant",https://www.chaneyenterprises.com/,ChIJC4gL1n2TtIkRvch1-gp6AJg,Harrisonburg,VA
Creative Concrete LLC,http://www.creativeconcretellcva.com/,ChIJp1jgyPxwtAwRBjz6XXcCV5A,Harrisonburg,VA
Superior Epoxy Solutions,https://superiorepoxysolutions.com/,ChIJaxK4fYZvSogRf_VoKTyUFP4,Charleston,WV
West Virginia Epoxy Pros LLC,https://wvepoxypros.com/,ChIJwyX1pifFSogR_biHMkZDI08,Charleston,WV
Epoxy Armor LLC,http://epoxyarmorwv.com/,ChIJ3YZ-4XEFfyMRuo0OxU1lVMk,Charleston,WV
Visionary resin,http://www.visionaryresin.com/,ChIJtQ0eDgDzTogRyndVPiD_p0o,Charleston,WV
A & R Flooring LLC,,ChIJcb6fRog3T4gR_05lQZ6vyvE,Charleston,WV
Mills Floor Covering & Epoxy,http://millsfloor.com/,ChIJ6b5reUb1TogRJXmZrJMuPh8,Charleston,WV
JAG Floors & Restoration,https://www.jagfloorsrestoration.com/,ChIJ5YcjQi3jRYgRWd81qXKA-Vw,Charleston,WV
Prizm Painting LLC,http://www.prizmpaintingllc.com/,ChIJQ0wIjJy2SIgRmwBtKsGBEMQ,Charleston,WV
Floors Galore,http://floorsgalore.net/,ChIJ2YIDW-YJRogRF4d07Cd2QBc,Charleston,WV
RMS PRO Finishes,https://www.rmsprofinishes.com/,ChIJk6CS-FrTSIgRslF_FptfT5M,Charleston,WV
WEST VIRGINIA SURFACE MAINTENANCE LLC,https://wvsealthedeal.com/,ChIJDWdypJwrSYgREYG3FnMYvbE,Charleston,WV
Carr's Driveway & Gen Contractor,,ChIJG6oOiZoqT4gRLAyk9o4WgAo,Charleston,WV
Jackson's Concrete Finishing LLC,,ChIJgSO9ewDjRYgR2lGprN1_cDo,Charleston,WV
Foster Foundation Repair,http://www.fosterfoundationrepair.com/,ChIJiY8xrszVSIgRT8cPM3rG1aI,Charleston,WV
Legacy Concrete Finishing Inc,,ChIJr6E8vGsHRogRHMLW7WtwAUg,Charleston,WV
All That Coating,,ChIJsQ7pnVndSIgRUfvWz23WE38,Charleston,WV
304 Detailer LLC,http://304detailer.com/,ChIJE8_il1TNSIgRVnQn3iPtvwI,Charleston,WV
Smith Concrete,http://www.smithconcretewv.com/,ChIJY1DZUF7TSIgRBEuMbP1O-18,Charleston,WV
Alford Foundation and Crawl Space Repair,https://www.goalford.com/?utm_source=google&utm_medium=organic&utm_campaign=gmb-website,ChIJ1TytGeTKSIgRzkjaS_Z-fTY,Charleston,WV
Romanoff Renovations,https://www.rrenovations.com/,ChIJ7z2oUknTSIgRVMIEdIE_RFw,Charleston,WV
Momma’s Little Handyman,https://mommaslittlehandyman.get-jobly.com/,ChIJZXdjbEItT4gRwgQOrVtxFtU,Charleston,WV
Eco Shine Polishing,http://www.ecoshineconcrete.com/,ChIJt2zJV0iwU4gRfYTYtHFQKME,Charleston,WV
United Structural Systems,https://www.ifixfoundations.com/,ChIJfwjcbz_MSIgR90vR3ksbbWw,Charleston,WV
Concrete Fabricators,,ChIJ0WfAJqPQNYgRbjWstEfI04M,Charleston,WV
Absolute Asphalt& Asphalt Maintenance Inc.,http://absoluteasphaltasphaltmaintenanceinc.com/?utm_source=gmb&utm_medium=referral,ChIJ0TjisN7XSIgR5nTfUB_QCfc,Charleston,WV
Paving & Resurfacing Inc,,ChIJW469IlfNSIgRGUqSVN8f_Gk,Charleston,WV
Spectrum Painting Coating LLC,,ChIJYdKJ7A_NSIgRAIIRrjap2nE,Charleston,WV
US Flooring Company,https://usflooringinc.com/,ChIJIX8FLpB8yIcRjhegipE2WaA,Joplin,MO
Floorworks,http://www.floorworksjoplin.com/,ChIJ9d_X4Ix7yIcRGMFEPUPtrMc,Joplin,MO
Revamp Home Store,http://www.revampfloorstore.com/,ChIJS_NqWmx7yIcRacyDvSjNld8,Joplin,MO
Joplin Floor Designs,https://joplinfloordesigns.com/,ChIJ-x56gjJ7yIcRFK7iZHOxAlY,Joplin,MO
Jamros Decorative Concrete,,ChIJ239_cTFkyIcRAuo9050vJiY,Joplin,MO
Smith's Floor Store,http://www.joplinfloors.com/,ChIJiz4Gdwd7yIcRbd1gcXqDJ28,Joplin,MO
Cunningham Coating Solutions,,ChIJ1bOb29h9yIcRkKAqkQJuaQ8,Joplin,MO
Rustad Hardwood Floors,,ChIJ6yAz-AB7yIcRwt_QCE6_gpo,Joplin,MO
Performance Coatings Plus LLC,https://www.performancecoatingsplus.com/,ChIJNZ8UQ29wyIcRegsy82T7bo0,Joplin,MO
Holliday Custom Painting and Finishing,,ChIJLUrC_lZ7yIcRHaGAQId9UKs,Joplin,MO
Bison Coating,http://www.bisoncoating.com/,ChIJrU9gIFB6yIcRTQdVo-t-370,Joplin,MO
Joplin Paint Center Inc.,https://www.dunnedwards.com/dealers/joplin-paint-center/,ChIJ9Y_0RQ57yIcRvCP8_TwOykE,Joplin,MO
M. Coss Finishes,https://mcossfinishes.com/,ChIJy2A8bxV7yIcRc6TI7inJAWI,Joplin,MO
Concrete Services Joplin,https://concreteservicesjoplin.com/,ChIJt0pGkqR7yIcRhiL6Nvl2cls,Joplin,MO
"Powder Coat Specialists, LLC",http://pcsjoplin.com/,ChIJCXMnFHl9yIcR55dfrW2x8Is,Joplin,MO
Joplin Striping & Sealing,https://joplinstriping.com/,ChIJaSfUsQh_yIcRbIWrUC_oecI,Joplin,MO
CRH,,ChIJxVzofvxfyIcRWt7wuZB9FDw,Joplin,MO
Progressive Prosthetics & Orthotics,http://www.progressivepo.com/,ChIJJcwlEdt6yIcRzKcl2AcoJtM,Joplin,MO
GRC Construction,https://grcconstructionmo.com/,ChIJsWpzKPJlyIcRgKNIFUH8UCA,Joplin,MO
Joplin Concrete Company Inc,http://www.joplinconcrete.com/,ChIJqygtSbt9yIcRSFT3hKFwVMU,Joplin,MO
Kyle of All Trades LLC,http://kyleofalltrades.com/,ChIJzy4oa6ZwyIcRh1j1UL77TwI,Joplin,MO
A to Z Flooring,https://www.atozflooringenid.com/,ChIJDf_ZbIHTr4cR-JtoezqFPks,Enid,OK
A E Howard Flooring,http://www.aehowardflooring.com/,ChIJxQIMhGDSr4cRiPIksLqLJqc,Enid,OK
structural concrete construction LLC,,ChIJf1ABVQDVr4cR2h5dHJdj4ZU,Enid,OK
Enid Concrete Co Inc,http://www.evans-assoc.com/,ChIJjUEkb5HTr4cRe0YhUk7FgQw,Enid,OK
Copperhead Coatings,https://www.copperheadcoatings.net/,ChIJZezCRI7fr4cRaR-5DBBpIHM,Enid,OK
Onsite Ready Mix,https://onsitereadymix.com/,ChIJL0Ttk73Vr4cRyjT6G-0di_U,Enid,OK
AB CONCRETE LLC,,ChIJQVShhPltrocRDwoPukFIHuA,Enid,OK
Eagle Concrete,,ChIJ_4YkCw7Nr4cRuXZhJKp3DqI,Enid,OK
SS Coatings,http://www.sscoatingsllc.com/,ChIJ_Unfxc_Vr4cReP57IWBDvaw,Enid,OK
Powder Coating Services,https://enidpcs.com/,ChIJu6lwmjbTr4cRf-S6vl9v-nU,Enid,OK
Rick Lorenz Construction Inc,,ChIJV-2l6lTRr4cRnNHIpIcT-fs,Enid,OK
Painted.,https://www.okpainted.com/,ChIJJ7fcL1jTr4cRAkmtPUjOuGQ,Enid,OK
Stan's Asphalt & Construction,http://580blacktop.com/,ChIJMVl9_QfVr4cRjT1KinGPJrk,Enid,OK
Dolese Bros Co Enid Batch,https://www.dolese.com/,ChIJjVltCUbTr4cRHJsskdZhYWM,Enid,OK
BKT Construction,http://slightedgebrandon.wix.com/bktconstruction,ChIJK2-nWOzTr4cRMi-ALhPxL4o,Enid,OK
Concrete Products Co,,ChIJp1d52YXTr4cRVu3k39ICsTA,Enid,OK
Le Roux Contracting,,ChIJwaH9M17Tr4cR7DThb4mHBuk,Enid,OK
Floor It Nebraska,https://flooritne.com/?utm_campaign=GoogleBusinessProfile,ChIJE4arRWAzmocRtlDyl4LSg0k,Grand Island,NE
Elegant Tile & Marble Co.,,ChIJPWGEvUWGmYcR-pB2S5HMl2U,Grand Island,NE
On The Surface Restoration,https://www.onthesurfacemi.com/,ChIJAQAQa6-bGYgR4SgF87A5FH0,Grand Island,NE
American Epoxy Floor System Inc,,ChIJja6wD-rYJIgR-wLZOPUz6uI,Grand Island,NE
L & L Concrete & Construction Inc,http://www.landlconcrete.com/,ChIJfXQDSlCHmYcRscCCygBITtU,Grand Island,NE
Thrasher Foundation Repair,https://www.gothrasher.com/service-area/grand-island-ne.html?utm_source=google&utm_medium=GBP-grand-island&utm_campaign=website-button&utm_content=website,ChIJvekQVIeHmYcRdOXPbJ7xtGE,Grand Island,NE
Bigzby's Concrete Inc.,,ChIJ57BaZsiGmYcRTfbmVuTjM_8,Grand Island,NE
CM construction llc,,ChIJ57puYFuHmYcRB4uyNnNM3F8,Grand Island,NE
DAD Concrete & Foundations,,ChIJR6LAtzSEmYcRWP4w3e-ZVIY,Grand Island,NE
Midwest Industrial Coatings,http://www.midwestindustrialcoatings.com/?utm_source=google&utm_medium=wix_google_business_profile&utm_campaign=9910488939162473553,ChIJt4_xs4iBmYcRtXQAKDdESVc,Grand Island,NE
Galvan Construction,,ChIJQ0m5T66HmYcR4ADUoGo7RRU,Grand Island,NE
Tornado Construction LLC,http://outbreak561774736.wordpress.com/,ChIJZXyu5FaHmYcRg2KC0Q-2tco,Grand Island,NE
cmhconcretell,http://cmhconcretell.com/,ChIJ18JDF0mHmYcR0GimYIVFkYo,Grand Island,NE
Consolidated Concrete,http://www.consolidatedconcrete.com/,ChIJ61-LWLqGmYcR-W8-LLi1FPI,Grand Island,NE
"Gerhold Concrete Company, a CRH Company",https://www.gerholdconcrete.com/,ChIJ7b-RxryGmYcRjWLG3bWgRck,Grand Island,NE
Thriv Construction,http://thrivconstruction.com/,ChIJo7OG91CHmYcRXS2j27YBsdM,Grand Island,NE
Innovative Concrete Design,,ChIJT1TYEMWFmYcReGFeTWjuW48,Grand Island,NE
Liberato's Construction LLC,,ChIJNRR1DHOdF0kRy9WVyY9OElA,Grand Island,NE
QZ Coatings West Coast LLC,http://www.qzcoatingsllc.org/,ChIJH4AL8pNnKocR10rZfIA6ZCg,Casa Grande,AZ
Grizzly's Discount Flooring,,ChIJ9z3jlk1nKocRO0ZFQdX899Q,Casa Grande,AZ
"Espinoza Crete, LLC",http://espinozacrete.com/,ChIJxbF9ATpnKocR-SMjKpmEqc8,Casa Grande,AZ
Natina,https://www.natina.com/,ChIJq6qqqjp7KocRc70bS5CeZQg,Casa Grande,AZ
"Duran's Quality Coatings, LLC ROC# 327161",,ChIJ8VTQMgxnKocR8oSLEl6EzOM,Casa Grande,AZ
Carranza Concrete Services LLC,https://carranzaconcreteaz.com/?utm_campaign=gmb,ChIJrZ-aoYtMuwERhFrhRv0K4R0,Casa Grande,AZ
Craftmaster Concrete Construction,http://www.craftmasterconcrete.com/,ChIJY-q_9Ess14YR154dqQJhdnc,Casa Grande,AZ
Gallo Construction,https://galloconstruction.com/,ChIJgQc1FTVnKocR_IulAL77RIU,Casa Grande,AZ
Kre8tive Flooring LLC,http://kre8tiveflooring.com/,ChIJodGPNtFHLoYRBxjQd9L5ddA,Monroe,LA
Mako-ver Epoxy,https://makoverepoxy.com/,ChIJsS0_rBi5yIkRPvhu5lKL25g,Harrisburg,PA
MOY FloorFX,https://www.moyfloorfx.com/,ChIJA235UwmNyIkRnc6WcgXWYq8,Harrisburg,PA
Imperial Epoxy Floors and More,https://www.imperialepoxyfloorsandmore.com/,ChIJ73QuW8ghp4gR5wpF3aXJ14Y,Harrisburg,PA
Authentic Concrete Solutions,,ChIJ77KDI3jEyIkRYtSVP65hqpY,Harrisburg,PA
Level-Rite Concrete Solutions,https://www.level-riteconcrete.com/,ChIJ__9zLPYWy4kRUTe68Xd0F0M,Harrisburg,PA
AR Concrete Flat Work and Mechanical LLC,,ChIJOXzyGlWAv2kRPZHVtjQwyFY,Harrisburg,PA
C&S Concrete Inc.,https://www.candsconcreteinc.com/contact-us,ChIJAQAQfgu7yIkRyORUDGTqhkw,Harrisburg,PA
Franks concrete construction LLC,,ChIJyQg7ovHJyIkRuGjWKkOpsIw,Harrisburg,PA
MR Concrete and Exteriors,https://www.mrconcreteandexteriors.com/?utm_source=google&utm_medium=wix_google_business_profile&utm_campaign=295057051884698153,ChIJO77M7QjWl0oRf7fG2dDfDUc,Harrisburg,PA
Concrete Dispatcher,,ChIJ3yY9k_3AyIkRK4qc1FQLmNo,Harrisburg,PA
Gray Concrete Construction,http://www.grayconcreteconstruction.com/,ChIJxfymiIGPyIkRuQfgjbcmoKo,Harrisburg,PA
"All Decked Out Services, Inc.",https://alldeckedoutservices.com/,ChIJl_Qj2ta4yIkRKXzxSdyt07U,Harrisburg,PA
A-1 Concrete Leveling,,ChIJVVVVVQzByIkRcCzwCn3Wu98,Harrisburg,PA
Justin’s Professional Floor Sanding LLC,http://www.justinsflooringwv.com/,ChIJ7WyM_GQJRogRnfOTnNyilzE,Huntington,WV
New Image Surface Coatings,https://newimagesurfacecoatings.com/,ChIJk3WmdZjxRogR92kPaOksiDU,Huntington,WV
Triple A Concrete LLC,http://tripleaconcrete.net/,ChIJOZg38S-u3qIR-N34BPMWI1c,Huntington,WV
Quality Concrete LLC,https://qualityconcretellc.online/,ChIJm_yKBIpQPQ8RHOmjw_mz3_8,Huntington,WV
Alternative Building Concepts,https://www.alternativebuildingconceptsinc.com/,ChIJ968q_YwHRogRowiYFKcUywc,Huntington,WV
Generations Concrete & Excavation,,ChIJAQAMEaXiRYgRIm6eIwM3v5s,Huntington,WV
OG Renovations LLC Painting and Drywall service,,ChIJNwc8CU1-u0sR3R9FHSpVKTI,Huntington,WV
Charley Bailey General Contractors,http://charleybaileygc.contractors/,ChIJ2VPfGq3hRYgRu8efk5JP3wo,Huntington,WV
Secure Construction Company Inc.,https://www.secureconstruction.com/,ChIJLQ_AyhL9RYgRCGrffmrY7_I,Huntington,WV
801 Epoxy Decks & Floors,https://www.801epoxy.com/,ChIJKbgK34NIzYIRLHmkaJPwCtk,Logan,UT
All In One Flooring America,https://www.allinoneflooringamerica.com/?utm_source=google&utm_medium=organic&utm_campaign=gbp-listing&utm_content=North%20Logan-showroom,ChIJl9l4XjB-VIcRTntnX5C2DXQ,Logan,UT
Logan Concrete,https://www.logancrete.com/,ChIJVVWFXBJ-VIcR0DkrJ6ATiLY,Logan,UT
Industrial Restoration & Coatings,,ChIJZa2yXGyIU4cRI2twMrzIlg0,Logan,UT
Hi-Tech Painting & Floor Coatings,https://hitechpaintingdecorating.com/?utm_campaign=gmb,ChIJ1wbJYXqnBIgRpTP84QZqQ7o,Sheboygan,WI
Leading Edge Epoxy Floor Systems,http://leadingedgeepoxy.com/,ChIJd_y5lOYcHIgRK6o5s9KM4KE,Sheboygan,WI
Flooring Studio,https://www.flooringstudio.net/,ChIJ7YrOu9inBIgRPbJQslV7Ndg,Sheboygan,WI
Torginol,http://www.torginol.com/,ChIJV-NEMvGgBIgRAvBo5XHh6hM,Sheboygan,WI
Macco's Floor Covering Center,http://www.maccosflooring.com/,ChIJsRjxOImnBIgR36J6z7lzRG8,Sheboygan,WI
Fortress Coatings,https://fortresscoatingswi.com/contact/,ChIJTXEaMt6lBIgRbG0FktnUK10,Sheboygan,WI
Luxury epoxy,,ChIJyYkPr3CDA4gRyLhYXad0Itg,Sheboygan,WI
Sheboygan Flooring,https://www.sheboyganflooring.net/,ChIJ1RLXepVYA4gRcqabRiUr044,Sheboygan,WI
Dulmes Décor Carpet One Floor & Home,http://www.dulmesdecor.com/,ChIJF3JB8sunBIgRDVPgSM3-kRE,Sheboygan,WI
Interiors Plus+,https://www.interiorspluswi.com/,ChIJ66PGeulhA4gRT9MfeyMRwr0,Sheboygan,WI
RK Drywall and Painting,,ChIJkTMbzghYA4gRDELNHJgjJLI,Sheboygan,WI
Castellan Tile Terrazzo-Stone,,ChIJs4zbooinBIgRBUZQC_A4CH0,Sheboygan,WI
Martin's Concrete,https://www.martins-concrete.com/,ChIJgSvlhiGnBIgRDM_iXI3e7As,Sheboygan,WI
Taylor Ready-Mix & Trucking,http://taylorreadymix.com/,ChIJwVFBuNBeA4gR-JDv2Eb00Vg,Sheboygan,WI
B Butzen Contracting LLC,https://www.butzencontracting.com/,ChIJ2_5GvJunBIgRzU55qEgYOfM,Sheboygan,WI
Mission First Concrete Leveling,https://www.missionfirstconcreteleveling.com/,ChIJh7ay_Z0twIIRwawU33P49WU,Sheboygan,WI
W Asphalt Paving and Sealcoating,http://wasphalt.com/,ChIJj8gS_nCnBIgRTF0mRezoFws,Sheboygan,WI
River Flooring,https://www.riverflooringnm.com/,ChIJuertasxv4oYRaOQLq5_C5rY,Roswell,NM
Allison's Home Supply House,https://allisonshomesupply.com/,ChIJn0csD2Vv4oYRUH1XA8zWXjI,Roswell,NM
Roswell Coatings,,ChIJVUFUdbBv4oYRKjhLLjsQFng,Roswell,NM
Wildcat Concrete & Construction Llc,https://www.wildcatconstructionnm.com/,ChIJeeIoS-Vv4oYRUeTFLEpSMMk,Roswell,NM
Melvin's Concrete Work,,ChIJ5w6vdNqxOoYRWC0__ny4VLU,Alexandria,LA
DM Supply LLC,https://www.dmsupply.net/,ChIJ-z-3rKa1OoYRsTBkk4kmUqI,Alexandria,LA
"Complete Floor Covering, Inc.",http://completefloorcovering.llc/,ChIJswBuAePFvIcRKPAL4KzXytk,Salina,KS
Wayley Custom Hardwood Floors,https://wayleycustomhardwoodfloors.com/hardwood-floor-services.html,ChIJqfD6NYDFvIcRyJfqBj78d7A,Salina,KS
Innovative Flooring,,ChIJY3kSNKjIvIcR7mzoarWZuXA,Salina,KS
Carpet Central Flooring Center,https://www.carpetcentralflooring.com/,ChIJVwFkluPFvIcRPd_O3S5czXg,Salina,KS
"Floor Perfect, LLC",http://www.floorperfectllc.com/,ChIJxb8Pr2fPvIcRL6j_a-cZrmk,Salina,KS
Sunflower Carpet PLUS,http://www.carpetplus.com/,ChIJOV0sZJ3IvIcRkOqJ6f4xzLw,Salina,KS
Creative Surfaces,http://www.creative-surfaces.com/,ChIJ09dZ-tTHvIcRIIxx9nUh2Bo,Salina,KS
Vortex Sprayliners,https://www.vortexcoatings.com/,ChIJFZKIcQjC3IARTM0-IBaPa3E,Salina,KS
Ceramic Pro Salina Elite Dealer,https://www.ceramicprosalina.com/,ChIJ99ZtO4zFvIcR5g0f0ZuuQpM,Salina,KS
Ace Home Center,http://www.acehardware.com/store-details/07949?utm_source=google&utm_medium=local&utm_campaign=localmaps&utm_content=07949,ChIJSxhW_kTPvIcR0384YNeO4Cs,Salina,KS
Smoky Hill LLC,http://www.smokyhillconst.com/,ChIJvcGBoJTIvIcRPAeSE7Rghsk,Salina,KS
KBT Construction LLC,http://www.kbtconstructionllc.com/,ChIJ3Wkqlx3FvIcRdc2E0UF5CmI,Salina,KS
"Garcia Masonry, Llc",,ChIJ8S7RWfTGvIcRMCIV-gqXZz4,Salina,KS
"Kansas Coring & Cutting, LLC | Concrete Cutting",https://www.kscoringandcutting.com/?utm_source=google&utm_medium=organic&utm_campaign=gmbwebsite,ChIJ3ZshWGTPvIcRWZkxDRDIj7U,Salina,KS
"SMC Concrete and Construction, LLC",http://www.smckansas.com/,ChIJU9PoApaJoocRHbqlXs1H5UA,Salina,KS
Mid America Ready Mix LLC,https://www.marmllc.com/,ChIJZXqB-z_PvIcRPpl67GI9vPw,Salina,KS
Jess Wilbur Construction,http://www.jesswilburconstruction.com/,ChIJT7qVxe3FvIcRO_mkfY64JMU,Salina,KS
Lancaster Construction Inc.,http://www.lancasterci.com/,ChIJocKMMvXFvIcRXC_tM0YQQp4,Salina,KS
Diehl Construction,http://diehlconstructionks.com/,ChIJ2VK_qWHPvIcR-UvSoe3tfWU,Salina,KS
Ponton's Construction,,ChIJ82IIR0_PvIcRB77yevKDOLA,Salina,KS
"C & C Concrete Construction,LLC",http://ccconcreteconstruction.com/,ChIJu59gbCnuwIcRutoRGdwemU4,Salina,KS
Reece Construction Co,http://www.reececonstruction.com/,ChIJJy9xc2_PvIcRtlTVDnVDhe4,Salina,KS
Superior Contracting & Manufacturing Serivces Co.,http://www.scmsks.com/,ChIJ_QezkjHJvIcR9di_qokD7M4,Salina,KS
"Burton's Concrete Construction, LLC",https://burtons-construction.com/,ChIJi9GlOMuTwIcRFrE1Zpo3ZuY,Salina,KS
C.C.A Concrete LLC - Concrete Foundation & Flatwork Contractor Kansas City,http://concreteworkkc.com/,ChIJH7rWpAfIwIcRApxJXP5yDkw,Salina,KS
Construction Rental Inc.,http://salina.construction-rental.com/,ChIJ00fvXm_PvIcR9gDnIhCAPQE,Salina,KS
Streit Sandblasting,,ChIJ2-DZN_TFvIcRKSUG7Vlf7lw,Salina,KS
Junior concrete LLC,https://www.junior-concrete.com/,ChIJ3fbUN8Wv62sRhVqNqbrmqZs,Salina,KS
L & S Building Contractors,https://www.landsbuilders.com/,ChIJO4ABj8DIvIcRg5w87sVwvro,Salina,KS
B&P Services LLC,https://www.bandpconcrete.com/,ChIJJe1Wef57KCYROoC62RGP6XY,Salina,KS
"Morton Buildings, Inc.",https://mortonbuildings.com/location/salina-ks?utm_source=google&utm_medium=organic&utm_campaign=gbp,ChIJafq9Lo_PvIcRutsFpz_inBw,Salina,KS
Cool Construction,http://www.coolconstructionllc.com/,ChIJVZ7_-kLPvIcRX-anyRaGPhg,Salina,KS
SDK Floors & Epoxy,,ChIJjYyl76jHw4kRgFHuyHkQ3lU,Newark,OH
NWO Floors & Epoxy,https://nwofloorsandepoxy.com/,ChIJ5QjcRk49OogRkifcEdz0-mk,Newark,OH
Samson Concrete LLC,https://www.samsonconcrete.com/,ChIJmUkYq6U3OIgR5atU2Nn-ogw,Newark,OH
Decorative Curb & Concrete,https://decorativecurbandconcrete.com/,ChIJOYLejbUlTI8RuVVqFcHCCLU,Newark,OH
D & R Concrete Solutions LLC,https://drconcretesolutions.com/,ChIJ4QhnVni6AYgRq3yYI5PoC6Q,Newark,OH
"RK2, LLC",https://www.rksquared.co/,ChIJM0phUI09OIgRpTAwbLJEo9w,Newark,OH
Scheetzconcrete,,ChIJq8rt3DAnOIgRs0Lx40Ds8Qo,Newark,OH
Central Ohio Concrete Construction,https://www.centralohioconcreteoh.com/,ChIJPYIn3JNdZI0RKPhZgHqBKyQ,Newark,OH
Expert Epoxy Coating,http://expertepoxycoatings.com/,ChIJfXW7geoKpIURZJEgal3DEIY,Hattiesburg,MS
Mg specialty finishing,,ChIJ_wktxr3dnIgRjRfDOyYElYM,Hattiesburg,MS
"Barnett Concrete Work, LLC",,ChIJew2lRu4hnYgRoL3duj4F3Qc,Hattiesburg,MS
Diamondback Concrete Coatings LLC,http://www.diamondbackconcretecoatings.net/,ChIJJWcyukeVnYgRysYCrDurqkI,Hattiesburg,MS
D/S Concrete Finishing,https://d-s-concrete-finishing.ueniweb.com/?utm_campaign=gmb,ChIJN_WUx-I1g4gR0je2VboFsFo,Hattiesburg,MS
T and D Concrete and Construction,https://tdconcreteandconstruction.com/,ChIJeaUzf7jfnIgRktbJZgmtUlM,Hattiesburg,MS
Thames Concrete Finishing Service,https://www.thamesconcretefinishingservice.com/about-us.html,ChIJAQDMWjPcnIgRu4z7p0plu_Q,Hattiesburg,MS
Concrete Coating Inc,,ChIJk6dwFOwznIgRvy9d9r5hDQ8,Hattiesburg,MS
Hub City Foundation Repair Co,http://www.foundationrepairhattiesburg.com/,ChIJM6NasFP1a4cRQmrAp6-mpLY,Hattiesburg,MS
Hogan Concrete Floor Refinishing,,ChIJ0zPPPETZnIgRQ2W9I6uOYLw,Hattiesburg,MS
Precision Flooring & Design,https://precisionok.net/,ChIJPUoYP_cJsYcRokNhConI3Vw,Stillwater,OK
Stillwater Habitat For Humanity ReStore,https://www.stillwaterhabitat.org/restore,ChIJIaXiilQKsYcRah90iNbB8S4,Stillwater,OK
Atwoods,http://www.atwoods.com/,ChIJ78xcRoAJsYcRRQ6x6bzFp-o,Stillwater,OK
StillH2O Concrete Coatings,https://stillh2ocoatings.com/?utm_campaign=gmb,ChIJR1LzvCMLsYcRlbwe1k4aDDI,Stillwater,OK
PCG Construction LLC,https://pcgconcreteconstruction.com/,ChIJkewtgHELsYcR63IIv8F2k6E,Stillwater,OK
Lopp Construction LLC,https://loppconstruction.com/,ChIJadkUlwELsYcRGhont6xD66A,Stillwater,OK
Stites Construction Co Inc,http://www.stitesconstruction.com/,ChIJD8SGKrJ1sYcRY6NFcXL8O3o,Stillwater,OK
"Pave Your Way Concrete, LLC",http://www.paveyourwayconcretellc.com/,ChIJJbTS2X2n_C4RBR1L0IUcMuk,Stillwater,OK
Morton Construction,http://www.mortonconstruction.co/,ChIJtXqwS2kJsYcRuDxUWwo0Yhk,Stillwater,OK
Foot By Foot Construction LLC,https://footbyfoot.com/,ChIJld-c0EgKsYcRC5vBR0gXZ2s,Stillwater,OK
Bison Concrete,https://bisonconcreteok.com/,ChIJbdKyRbsFsocRGipRRCw3MlI,Stillwater,OK
Kerns Ready Mixed Concrete Inc,https://kernsreadymix.com/,ChIJ6Zo6PIwLsYcRvuPukVNHRzU,Stillwater,OK
H&S Concrete LLC.,,ChIJn_Ybz8HxcUARFQfEhPHHgpQ,Stillwater,OK
RJ Inc,https://rj-inc.com/?utm_source=Organic&utm_medium=Google+Business+Profile&utm_campaign=GBP+Profile+Website+Link,ChIJAQBAnNZTkIARbRLI6HqW5f4,Ceres,CA
Joaquin Painting Inc,http://www.joaquinpainting.com/,ChIJzzCSS2NRkIARkiLSIt4E874,Ceres,CA
ABC Supply Co. Inc.,https://www.abcsupply.com/locations/location?BranchNumber=166,ChIJ4ai_f7dUkIARSFVxT7JdAMI,Ceres,CA
Modesto Handyman Services,,ChIJB9fYljCrkYARh-WI_jVxMY8,Ceres,CA
Jimenez Concrete,,ChIJUVtIrHB5Dq8RuQouoB-VmBs,Ceres,CA
K & D Enterprises Inc CONCRETE RECYCLING,https://rymap.org/business/k-d-enterprises-inc-concrete-recycling-wu677c,ChIJDSDVx1qrkYARUQkdF-ZIiUQ,Ceres,CA
Dave's Sandblasting,,ChIJq7DeMAmrkYARA1FSvSX0PnY,Ceres,CA
Roughstock Construction,http://www.roughstockconstruction.com/,ChIJUyvaA_6oamURM1mMN1Q6C4w,Ceres,CA
D L Cathcart Asphalt Sealcoat,http://www.cathcartsealcoating.com/,ChIJi38Ap-eqkYAROPOZPdq8xoQ,Ceres,CA
United Paving,https://unitedpaving.net/,ChIJAQAAAFBRkIARezuKPwIhdTs,Ceres,CA
Ohio Epoxy and Garage Solutions,https://ohioepoxygaragesolutions.com/,ChIJr-Zx3iajOYgRC3YyvL0odpw,Mansfield,OH
Top Notch Tile,https://www.topnotchtile.org/,ChIJH5pHufvpOYgRfdHzjBMxhOk,Mansfield,OH
Midwest Floors & More,https://www.midwestfloorsandmore.com/,ChIJiflPblYHOogR1yGYHvyBSrM,Mansfield,OH
Clearfork Construction LLC,https://clearforkconstructionohio.com/,ChIJqdGdKwG-SQURrjxO35e09Zg,Mansfield,OH
Reliable Concrete Services LLC,https://reliableconcreteservicesllc.com/,ChIJAdpM9awnOogRxr2osphG9VU,Mansfield,OH
Custom Concrete Services,http://customconreteservice.com/,ChIJkV8YPgPrOYgRShBqWtshMfo,Mansfield,OH
Amcrete Concrete Construction,http://amcreteohio.com/,ChIJUUiu2syUOYgR7EzUgOrjJmE,Mansfield,OH
Mc Custom Concrete,http://www.mccustomconcrete.com/,ChIJ7ZYPf609OogRuL0n5aTq5uc,Mansfield,OH
Miracle Epoxy Flooring - Professional Concrete Coatings In Upstate NY,https://www.miracleepoxy.com/,ChIJOyGSyXXx2okRPXRlJHj8Lr0,Binghamton,NY
Freedom Floor Coatings,http://www.freedomfloorcoating.com/,ChIJr0nQLNpN0okRkaqBAnY-yT0,Binghamton,NY
Starkrete,https://www.starkrete.com/,ChIJw9A3AIzs2okRQhF8pjr_zM0,Binghamton,NY
607 Home Improvement,https://607homeimprovement.com/,ChIJMwrnoV7v2okRnOMVYaUw-aA,Binghamton,NY
ATS Construction,,ChIJH2NcWuT72okR9tjp2J2A7T8,Binghamton,NY
"Tucci M & Son Construction, llc",https://www.tuccimandson.com/,ChIJYVt_SH7l2okR7J3Q4TMGSp4,Binghamton,NY
"DiRenzo Brothers Construction, LLC",https://www.direnzobrothersconstruction.com/?utm_source=google&utm_medium=wix_google_business_profile&utm_campaign=5091855906436653033,ChIJe_Ilwdzl2okRHbsoRAI6TQg,Binghamton,NY
"KHM, Inc.",https://khminc.net/,ChIJmbNQ-FTk2okRaTRSJwGQV-M,Binghamton,NY
BRF Seal Coating,,ChIJSWdSFUPo2okRaVhyg1i0w6A,Binghamton,NY
RGL Inc,https://rglconcreteinc.com/,ChIJd9i9cY_m2okRDKeuWgwXVNU,Binghamton,NY
Binghamton Precast & Supply,http://www.binghamtonprecast.com/,ChIJPVoL2Iz62okRIhUfsHfHkfA,Binghamton,NY
M & M Concrete & Excavation,,ChIJc0EzuOb62okR9SkSxuWowSE,Binghamton,NY
B&G Sealcoating and Striping,http://www.bgsealcoating.com/,ChIJJcOz5Jrj2okReOHV7LPmV7U,Binghamton,NY
Lexren Home Improvements,https://lexrenhomeimprovements.com/,ChIJW0BT0JTy2okRH1E1-Qez0k0,Binghamton,NY
Fiato Construction Inc,,ChIJxa0uD4Xl2okRs5PVBLS4HOU,Binghamton,NY
Battaglini Sealcoating & Paving LLC,http://battseal.com/,ChIJE2GCgDuN2okRo4mrfniRC04,Binghamton,NY
Midstate Concrete Leveling & Lifting,https://www.nyconcretelifting.com/?utm_source=gmb&utm_medium=organic&utm_campaign=gmb-binghamton&utm_content=website,ChIJLzmIx2v72okRmVT91IFJR70,Binghamton,NY
"Seal Right, Inc. | Commercial Sealcoating Commercial Striping, Parking Lot Striping and Driveways, Binghamton Vestal Ithaca",https://www.sealrightinc.com/,ChIJyZdowfWR2okRousto6gvYRI,Binghamton,NY
Trinic LLC,https://trinic.us/,ChIJKX1Av3Dk2okRsl_jo2ydWsI,Binghamton,NY
Mc Knight Custom Concrete,,ChIJQUb0YSPs2okRPdn9OnbvCSU,Binghamton,NY
C.H. Thompson Finishing,https://chthompson.com/,ChIJgbgC437v2okRdLxOFfYCRV8,Binghamton,NY
All Spec Finishing,https://allspecfinishing.com/,ChIJgcfftA7v2okRegPuhjeMupM,Binghamton,NY
"Concrete Contractors in Johnson City, NY",,ChIJu7tY_Vju2okR8yG3W1mlzro,Binghamton,NY
T. Casey Concrete Co,,ChIJszfJMHTv2okRk4BiiwMxWxM,Binghamton,NY
BT Epoxy,https://btepoxyfloors.com/,ChIJIecNLnbrYVMRpRipM8oVUOQ,Coeur d'Alene,ID
"Inland Pacific Coatings, LLC",https://ipcepoxy.com/,ChIJf1ILRLZo6S0Rbgxj0g4SSeE,Coeur d'Alene,ID
"Garage Guys Cabinets, Storage, Organization, & Epoxy Floor Coatings",https://www.garageguysidaho.com/?utm_campaign=gmb,ChIJ2Xzx_L7dYVMRx8B8j4Kk-uk,Coeur d'Alene,ID
Quality Interior Finishes,http://qualityinteriorfinishesllc.com/,ChIJyZpY4mbAYVMRsn7PuZaGgyU,Coeur d'Alene,ID
Northwest Tile & Floors,http://www.nwtile.com/,ChIJ29ueSy3BYVMRVnNx8iKSYjo,Coeur d'Alene,ID
Mountain West Polymers,http://www.thegoopguys.com/,ChIJ2T3FQLrAYVMRmjPM8hHdIos,Coeur d'Alene,ID
Coeur d'Alene Concrete LLC,,ChIJf8A5OhPHYVMRTfpdqZm8vls,Coeur d'Alene,ID
All Mountain Concrete Coatings LLC,https://allmountainconcretecoatings.com/,ChIJDQ7AaDkawyERCT4yFSBkrGM,Coeur d'Alene,ID
LDR ENTERPRISE LLC,,ChIJp0lcYafcXEIRNmYurLy0wdk,Coeur d'Alene,ID
Ethic Concrete,https://www.ethicconcrete.com/,ChIJ21hyiLzBYVMRi5-4mRf4-yY,Coeur d'Alene,ID
NW Industrial Polymers,https://www.nwindustrialpolymers.com/,ChIJifWClv1nrIwRBo9kW5A_kfU,Coeur d'Alene,ID
White Diamond Concrete LLC,http://www.whitediamondconcrete.com/,ChIJkaiBt2jDYVMRJwwn8VkHslI,Coeur d'Alene,ID
Sterling Concrete Inc,http://www.sterlingconcreteinc.com/contact-us.html,ChIJB4n2c1zAYVMRplANZiIe5zs,Coeur d'Alene,ID
Coot's Sealcoating and Driveway Maintenance,https://cootssealcoating.com/,ChIJA0jdvpDBYVMRqePS3f2iqxM,Coeur d'Alene,ID
Camas Contracting LLC Washington/Idaho,https://camascontracting.com/,ChIJl3B8qxDHYVMRLyDjil51HDA,Coeur d'Alene,ID
Hirshfield's Minot Paints & Coatings,https://www.hirshfields.com/store-locator/minot,ChIJM4jiT2Qq31IRF94kY19xMRI,Minot,ND
Geller's Flooring,,ChIJ0atO9ikq31IRr9trETIReco,Minot,ND
J & S Wood Finishing,,ChIJwewW7Rcq31IR-U3pH5XnCDU,Minot,ND
Tollefson's Carpetland,http://www.carpetlandfloors.com/,ChIJPe0Ajlsq31IRKMSk9N-p1gA,Minot,ND
Minot Flooring Carpet Installation,https://www.minotflooring.com/,ChIJfbEmTHgr31IRA8qNYBuHZZ4,Minot,ND
"Finish First Coatings, LLC",http://finishfirstcoatings.com/,ChIJhyoOcL8l31IRcpx6TpbfS8I,Minot,ND
I Keating Carpet One Floor & Home,http://ikeatingcarpetminot.com/,ChIJBy9oHRkq31IR7rDVw1Q5Fbw,Minot,ND
Creative Concrete,http://concretecompanynd.com/,ChIJwewW7Rcq31IRaUERfJkAQys,Minot,ND
Rockstar Construction,,ChIJ6QqXliwq31IRXZqvvHaoLK0,Minot,ND
"Maintenance Plus, Inc.",http://www.mainplusclean.com/,ChIJ5wEWlSoq31IRZvOCL211z2M,Minot,ND
R & M Paint & Woodworking Shop,,ChIJuXfp9MHV3lIRAzDw9grcw4Y,Minot,ND
MAC'S Hardware,https://www.macshardware.com/?utm_source=GMB&utm_medium=Organic&utm_campaign=GMB&utm_content=GMB,ChIJ_dKqA1sq31IRlKf89Co9a2g,Minot,ND
Excellence Drywall,,ChIJZYo7P9YDB6ARpyHcO-L6ZlA,Minot,ND
SERVPRO of Minot,https://www.servpro.com/locations/nd/servpro-of-minot?utm_medium=organic&utm_source=gbp,ChIJPSakEyfT2FIR1m3pQaj4z54,Minot,ND
Hunter Hardwood Floors Inc,,ChIJ_e9Eu3KD11IRAPutX5taxt4,Minot,ND
Magic City Concrete,,ChIJwewW7Rcq31IRDfYdZq9imwI,Minot,ND
Bakken Coating and Construction LLC,,ChIJFyPjqoYr31IRV-Hc7geSQxk,Minot,ND
Everything Construction Concrete Excavation INC,http://everythingconstruction0.com/,ChIJf0AB4YDX3lIRMo42Bpw9_R8,Minot,ND
Norwest Concrete,,ChIJP1Nqgyoq31IRLl84rySHvkw,Minot,ND
"Minot Paving Company, LLC",https://minotpaving.com/,ChIJdeUcRGIp31IRLYP_RFPbEj4,Minot,ND
Stein Construction,,ChIJXapG4cXV3lIRB-eJfRDZwKY,Minot,ND
Monarch Products Co,https://memorialmonumentsinc.com/,ChIJ7XOAppEp31IRlYaCs7pFnK0,Minot,ND
Curb 2 Curb,https://curb2curbonline.com/,ChIJY4Bh68nV3lIRccPJLD93oxU,Minot,ND
Concrete Mobile,http://concretemobilellc.com/,ChIJjUvcKt8r31IRKEcZjUFZAPA,Minot,ND
Souris Valley Ready Mix LLC,http://www.svrconcrete.com/,ChIJ3QU-HrvV3lIRXv8dUk7m29I,Minot,ND
Mattson Construction Co,http://www.projectdelivery.com/,ChIJIUB-6LfV3lIRJh0BfaDygiM,Minot,ND
Strata Corporation,http://www.stratacorporation.com/,ChIJ2R21xJHV3lIRNhYT488S1H8,Minot,ND
Mac's Construction,,ChIJI8IptBYq31IRhVS422GoZMo,Minot,ND
Mobile Flooring Solutions,https://www.mobileflooringsolutions.com/,ChIJLWalcx09LYYREOQy1OWOrCk,Pine Bluff,AR
Showcase of Floors,https://showcase-pb.com/,ChIJYYC784g8LYYRX_jnHW4XCMs,Pine Bluff,AR
Bryan Paint & Carpet,,ChIJpccw9ME8LYYRmxopcqQVoQI,Pine Bluff,AR
Pennington’s Floor Store,http://www.penningtonsfloorstore.com/,ChIJDdtUOhM5LYYR6RzCxtkiMSw,Pine Bluff,AR
Whitten Concrete Co,http://www.whittenconcrete.net/,ChIJs-4II4E7LYYR_OkFxhA26F0,Pine Bluff,AR
Natural State Asphalt Repair,http://naturalstateasphaltrepair.com/,ChIJK1MyWFY9LYYRb-OzKkJfUPU,Pine Bluff,AR
Professional Coatings Inc.,https://procoatinc.com/,ChIJgy63opvv0ocRAkGSZpvXGxg,Pine Bluff,AR
Airlift Concrete Experts,http://airliftconcreteexperts.com/?utm_campaign=gmb,ChIJUcE3ElOo0ocRvAVUOZrLvwM,Pine Bluff,AR
Zebra Striping Co,,ChIJmeI0ISQWLYYRK-HGVHbLkKU,Pine Bluff,AR
"The Strong Company, Inc.",http://www.strongseal.com/,ChIJ34ctxmEkLYYRclmOUNj7k4k,Pine Bluff,AR
1911 Construction Company Inc.,http://1911construction.com/,ChIJyxkZZAg9LYYR2iIRkG4taQ0,Pine Bluff,AR
Farris Concrete Finishers,,ChIJX_kAeJU8LYYRycNJl8S5DNE,Pine Bluff,AR
All In 1 Properties Inc.,http://allin1properties.com/,ChIJs8OAgX49LYYR5MY2yP-39LU,Pine Bluff,AR
Joshua’s Asphalt Repair LLC,http://joshuasasphaltrepair.com/,ChIJ6cpXazRHLYYR-llyKwhSUPM,Pine Bluff,AR
Rocky Mountain Flooring,http://www.rockymountainflooringinc.com/,ChIJtaLKxTCirFQRfowUQMpFCDM,Twin Falls,ID
Pioneer Carpet One Floor & Home and Kiba Studios,https://www.pioneercarpetonetwinfalls.com/?utm_source=&utm_medium=organic&utm_campaign=gbp-listing&utm_content=Twin%20Falls-showroom,ChIJHZUrAqGjrFQRgczpplBH1hw,Twin Falls,ID
Gentry Floors,https://gentryfloorsid.com/,ChIJH9DhIKqjrFQRRrg6yBF-MR8,Twin Falls,ID
Beams Flooring America,https://www.beamsqualityflooring.com/?utm_source=&utm_medium=organic&utm_campaign=gbp-listing&utm_content=Twin%20Falls-showroom,ChIJecJW_CKirFQRLaYSvGgZwtA,Twin Falls,ID
Mountain West Concrete & Coatings,https://www.mountainwestconcrete.com/about-us,ChIJAQBc0ZijrFQRWKCJzmsk22E,Twin Falls,ID
WJH Inc.,http://www.wjhdecorativeconcrete.com/,ChIJB9PxoJekrFQR8T-B5UK79vg,Twin Falls,ID
Moller Construction & Sons LLC,http://mollerconstructionandsons.com/,ChIJWQ1yQWChrFQRv724QL89ZIE,Twin Falls,ID
"The Finishing Touch, Concrete Construction",http://thefinishingtouchconcrete.com/,ChIJz6tEw4OjrFQRSOv4Q_ngqMU,Twin Falls,ID
Spot on Coatings,https://spotonconcretecoatings.com/,ChIJ2f18OGVzz20Rq2tPS_siKuM,Twin Falls,ID
Cool Concrete LLC,,ChIJ9xMZK6ejrFQRvBZ-zjORCfs,Twin Falls,ID
Kloepfer Inc Ready Mix Concrete,http://www.kloepfer.com/,ChIJ0c-fpFM3q1QRqLnv8U5vv0g,Twin Falls,ID
Concrete Construction Supply,https://concreteconstructionsupply.com/?utm_source=google&utm_medium=organic&utm_campaign=gbp,ChIJJfgMrbejrFQR2zJkml16ykw,Twin Falls,ID
Snake River Canyon Concrete Co,https://www.concrete-twinfalls.com/,ChIJ__Z57ApZ54YRtPBQkGjoDtY,Twin Falls,ID
"Stags Builders & Concrete, LLC",http://stagsbuilderstf.com/,ChIJKTl_Fq4MIkIRr5lgsg3TQCU,Twin Falls,ID
Magic Valley Concrete,,ChIJq7AKiHWkrFQRIyxZodpKVtU,Twin Falls,ID
Angel 1-Pro Construction Llc,https://angel1proconstruction.com/,ChIJ8ZdaUTLpkocRQTqQn5MdIuE,Twin Falls,ID
Viking Concrete and Excavation,http://vikingidaho.com/?utm_source=gmb&utm_medium=referral,ChIJH18vC4ylrFQRDYhIyrk8W38,Twin Falls,ID
Summit Restoration & Construction,https://www.summitrest.com/,ChIJRwF3v5CnrFQRxWcw0TWySHo,Twin Falls,ID
"Epoxee Floors, LLC",https://epoxeefloors.com/,ChIJzwik2W7vXE0RiZuR5qANTSs,Altoona,PA
ultimate concrete resurfacing of scotch valley,http://www.concretedesigns4you.com/,ChIJTd2hkoqTy4kRR-tH5fZmfXA,Altoona,PA
Garvey's Flooring America,https://www.garveysflooringamerica.com/,ChIJMyxFv4prz4kRKgN4FpNVj_M,Altoona,PA
Long's Tile Company,http://longstilecompany.com/,ChIJ1VlCcfKRy4kRUhsZORhZMVk,Altoona,PA
DeGol Carpet,https://degolcarpet.com/,ChIJBeldY--Wy4kRMUs5fqaFRyE,Altoona,PA
Fiore True Value Hardware,https://fiorerental.com/,ChIJyX0h1CORy4kRKEcUfKtnqWM,Altoona,PA
DJ Duralast Coating,,ChIJbbJh9vSZzIkR17G3Oe31jtw,Altoona,PA
HP Construction (Paving),http://hartmanspaving.com/,ChIJW-QwIyWRy4kR_bW47GIS0L0,Altoona,PA
COVE ASPHALT SEALING,http://www.coveasphaltsealing.com/,ChIJPU6i8EKXy4kRS16LdVScvZc,Altoona,PA
East Side Concrete Supply,,ChIJ9cDha6mRy4kR0UH56O0W4M4,Altoona,PA
Altoona Sealcoating,http://www.altoonasealcoating.com/contact.html,ChIJ__8LA7SWy4kRBm4DNQWhndU,Altoona,PA
Lardieri Construction LLC,,ChIJEylHXcoP7kwRYsyx7wUPspY,Altoona,PA
RLW Concrete LLC,https://www.rlwconcrete.com/,ChIJ1WmbDWBtzIkRARujyfP28KE,Altoona,PA
M & M Concrete Services LLC,http://mmcs-llc.com/,ChIJsceLnKl4y4kR8znDKiGQkw4,Altoona,PA
CE Concrete Services LLC,,ChIJ4fXpiv0JzIkR7rqsYN3r9xo,Altoona,PA
Frank X Eggerstorfer & Son,,ChIJaw7UpCaSy4kRQFCmc_7qpyA,Altoona,PA
CA Construction,,ChIJt_lSGBuRy4kR5sC4YQI38wA,Altoona,PA
TPC CONCRETE COATINGS,,ChIJRxDct-Cha4gRmXo0N52Ot7g,Columbus,IN
RLC Concrete Coatings,,ChIJn3wpZV6ga4gREECxBPgtK0s,Columbus,IN
Dixon Coatings Inc,,ChIJSQhf0jWga4gRrpzTt0osWfE,Columbus,IN
McCray & Sons - Concrete Dawgs,http://concretedawgs.com/,ChIJvX3cEq2da4gRk3TIQtyVwkA,Columbus,IN
Thomas Concrete Services LLC,http://tcsllc.info/?utm_source=gmb&utm_medium=referral,ChIJUZW6aBSha4gRjPPIG0x24yI,Columbus,IN
Precision Contractors,https://precisioncontractors.us/,ChIJyauPt55S7o0RHCT7IPl1Xyk,Columbus,IN
Design Surfaces,https://www.designsurfaces.com/,ChIJzXSJDkSPO4cRHgOdbXf20Vo,Farmington,NM
Roaring Flooring & Basement Finishing,http://roaring-flooring.com/,ChIJSZT8oNwqOkIRGDj2bv6Xh2Y,Farmington,NM
Supreme Flooring & Repair LLC,https://supremeflooringandrepaircleani.godaddysites.com/,ChIJWYPn-I80qgkRPq8PmKgbygU,Farmington,NM
Four Corners Surfacing,http://fourcornerssurfacing.com/,ChIJbxrYwRiJO4cRekGucx5r50o,Farmington,NM
Carpet One Floor & Home,https://www.carpetonefloorfarmington.com/?utm_source=google&utm_medium=organic&utm_campaign=gbp-listing&utm_content=Farmington-showroom,ChIJR9xr40OPO4cRQo9D110_Knk,Farmington,NM
Lloyd's Carpets & Draperies,,ChIJEQglSYiPO4cR6IbHjxIidQg,Farmington,NM
"The Flooring Guy, LLC",http://www.durangoflooring.com/,ChIJ3WPBrR48PIcRPEmK_tiL3ms,Farmington,NM
"First State Epoxy, LLC",http://firststateepoxy.com/,ChIJV11c1D1xx4kRpUYKwQO8RiI,Farmington,NM
Farmington Flooring Center,,ChIJXeJ3kUKFO4cRYKoozdQwVco,Farmington,NM
Premium Epoxy,http://premiumepoxy.ca/,ChIJVVvk8AoH1YkRZhAXNz5fBPc,Farmington,NM
Advanced Floor Installation,,ChIJHYEEy_WPO4cR98LAxlI6gnE,Farmington,NM
New Image Powder Coating,,ChIJvxhuLyKQO4cRatEaIoWZVNw,Farmington,NM
Harwood Construction Solutions LLC,https://harwoodcs.com/,ChIJm-nW9TdvIocRV5wft4jA9Ac,Farmington,NM
Empire Concrete,http://www.empireconcrete505.com/,ChIJsxjPk_2JO4cRse66MCSLsr0,Farmington,NM
X L Concrete Co,,ChIJ2bAYnTePO4cRxlQaENmNSt8,Farmington,NM
Hard Rock Builders,http://www.hardrockbuildersnm.com/,ChIJHxrOL46FO4cRRSz_Ee0l6Ag,Farmington,NM
Europa Construction Inc,http://www.europa-construction.com/,ChIJ5YQPVXuPO4cRNMw37t10bS4,Farmington,NM
Javier Construction,,ChIJM-CZ5peFO4cROMz1Ryow0nA,Farmington,NM
Farmington Construction,https://www.farmingtonconstruction.com/,ChIJffavQvCPO4cRTQAulG_Fq8s,Farmington,NM
C T Construction,,ChIJHYEEy_WPO4cRJ1_ds9GN0m4,Farmington,NM
Mesa Ready Mix,http://mesareadymixconcrete.com/,ChIJU1l0rvGFO4cRDLjhcc_n9Ug,Farmington,NM
ABC Concrete Manufacturing Co Inc.,https://www.abcconcretemfg.com/,ChIJdXnMzF2FO4cR7sbavoDBBEc,Farmington,NM
"C & E Concrete, Inc.",http://www.ceconcrete.net/,ChIJR8fR8RKIO4cRUeTo-l_jzu8,Farmington,NM
Gold standar countruction llc,,ChIJp6K0ijqFO4cRZMWVat53BOQ,Farmington,NM
Med Concrete,,ChIJv_M45C-PO4cRfhG5x9Kv4i0,Farmington,NM
White Desert Construction,,ChIJ_32uzaaPO4cRdf1We6qIW0g,Farmington,NM
Chaco Concrete,,ChIJ91zUm_SFO4cRTu-xOM0nK3o,Farmington,NM
"Riley Industrial Services, Inc.",https://www.rileyindustrial.com/,ChIJJSb4qWaPO4cRRFKIcQy55tY,Farmington,NM
PowerWall Systems,,ChIJFe3HVWOGO4cReRyBnVrSorw,Farmington,NM
C&G Quality Sealcoat and Repair,https://www.cgsealcoat.com/,ChIJ49j96wuvJIgRsi5LvNeOEFs,Farmington,NM
Industrial Mechanical Inc,https://www.imiconstruction.com/contact.html,ChIJeduODymQO4cRntsPZ6Jy_CQ,Farmington,NM
S Malouff Construction,,ChIJf8nryHBzPIcR6RCCiHF6UAY,Farmington,NM
Quality stucco,,ChIJT8wdX3WHO4cRobqwHDVBJbo,Farmington,NM
Quartz Epoxy Pro,http://www.quartzepoxypro.com/,ChIJHzUxKVitK4cRx22IodjIC6g,Sierra Vista,AZ
Cochise Floor Covering,http://www.cochisefloor.com/,ChIJw-7JrEMp14YR6zP1tbraJoM,Sierra Vista,AZ
Mr. Concrete,https://www.mrconcretellc.com/,ChIJiw1S89xHVG4Rt6kSCG-Jugo,Sierra Vista,AZ
One Call For All LLC.,http://www.onecallforallaz.com/,ChIJCeXjxd6rCq0R-YvF60mLflg,Sierra Vista,AZ
Mr. Fix It of Sierra Vista,http://www.mrfixitsv.com/?utm_source=google&utm_medium=wix_google_business_profile&utm_campaign=9819094525820438418,ChIJT_qniBsp14YRAQLBQAVACXc,Sierra Vista,AZ
Custom Coatings,https://capecodcoatings.com/,ChIJIfQCqTwx-4kRf_V1zqPcZ0c,Barnstable Town,MA
68 FLOORS SERVICES INC,https://www.68floorscarpet.com/,ChIJeyqw1L5XlS4Rryde_DVZaMM,Barnstable Town,MA
PH FLOORING SOLUTIONS,https://phflooring.net/,ChIJG2mczIVru48RdK-Xul7balw,Barnstable Town,MA
Cape Cod Epoxy Coatings,https://epoxycoatingscapecod.com/,ChIJHfRelUzN5IkR1JfMFq8TA9c,Barnstable Town,MA
Plymouth Epoxy Flooring,http://www.plymouthepoxy.com/,ChIJQ42d6crjl0cR_Sts0dmOmVk,Barnstable Town,MA
Elite custom flooring,,ChIJcXaLlRgz-4kRK3LrsZazKGY,Barnstable Town,MA
Cape United Floors Inc,,ChIJOUOd0YqAzKcRqoCoEuhCbkI,Barnstable Town,MA
"The Floor Men, Cape Cod",https://thefloormenexperts.com/,ChIJx_uiCB80WgoRJnLR5YQMY3M,Barnstable Town,MA
Cf wood floor,http://cfwoodfloor.com/,ChIJkXqej103-4kRdgP_hNXCGoI,Barnstable Town,MA
Love for Flooring,https://www.houzz.com/pro/webuser-510305404/love-for-flooring,ChIJef72GeEx-4kRG9sLmJ-NoiM,Barnstable Town,MA
Wood Star Flooring Inc.,https://woodstarinc.com/,ChIJGWZuCaIz-4kRjb6Ix2qPEO8,Barnstable Town,MA
Flooring Wizards,https://flooringwizards.com/,ChIJwd9DpNU7-4kRc1J5JPwRQqw,Barnstable Town,MA
Millennium flooring,https://www.millennium-flooring.com/,ChIJeS0Qn1Y7-4kRv-oZxSJs4W4,Barnstable Town,MA
A Plus Flooring Solutions,http://www.aplusflooringsolutions.com/,ChIJy6Q8YuEw-4kRPkF0O52H4Xw,Barnstable Town,MA
The Original Floors,https://theoriginalfloor.com/,ChIJ55Xmbysx-4kRJC1AeRhenfY,Barnstable Town,MA
"BYFLOORING COM, LLC",,ChIJs6rKx9Qx-4kRBjRxkucL1PA,Barnstable Town,MA
IP Flooring,https://phiflooring.com/,ChIJvy_ZZmwx-4kRZI0cC5oB0ck,Barnstable Town,MA
Cape Cod Renovation,http://capecodrenovation.com/,ChIJAYtRHXI5-4kRWs5Ck3PFatU,Barnstable Town,MA
Ideal Design Center,https://www.idealfloor.com/,ChIJTW2_V-cw-4kRuDYiZdMOEME,Barnstable Town,MA
Cape Cod Hardwood Floors since 1988,,ChIJL4f_bIzR5IkRTAJliwDo7wc,Barnstable Town,MA
FLOORS & WALLS,http://www.floorswalls.com/,ChIJxXiJkA0x-4kRIPY5jd1Ass4,Barnstable Town,MA
Hudson's Painting Inc,https://hudsonspainting.net/,ChIJgaCGw1Ix-4kRV9gfpxTPxp8,Barnstable Town,MA
"Award Flooring, Inc",http://www.awardflooring.net/,ChIJuxZQ9LjI5IkRnizcukP9-fg,Barnstable Town,MA
Custom Floors,,ChIJK7bbO8Rq-4kRHOApAOYgZSw,Barnstable Town,MA
"Daniel's Painting, Inc.",https://www.danielspaintingcapecod.com/,ChIJKY1QNZWPrwoRMQbOzAevKEE,Barnstable Town,MA
Wisdom Home Group,https://wisdomhomegroup.com/,ChIJyQBY2Cwx-4kRFFpM2qYaGm8,Barnstable Town,MA
LEO'S PAINTING & HOME SOLUTIONS,https://leospaintingservice.com/,ChIJsVAPmzsx-4kRQYMsFipCiNM,Barnstable Town,MA
Diamond Touch Masonry,https://diamondtouchmasonry.com/,ChIJt9ncjGBD56URM3nP2N8sOsQ,Barnstable Town,MA
"D.P. Fuccillo Construction, Inc.",http://dpfuccillo.com/,ChIJtXvTAY7Q5IkRSG0XFZzSrLY,Barnstable Town,MA
No 1 Foundation,,ChIJ97rJrb0z-4kRDyBXrcPFb1s,Barnstable Town,MA
"Cape Restoration Masonry, Hardscape & Construction",http://caperestorations.com/,ChIJvxdzYz0z-4kRK1Zt-Rq61sc,Barnstable Town,MA
"Capital Concrete, LLC.",http://www.capitalconcretellc.com/,ChIJJd_EUBrP5IkRxMSH8A6qj3M,Barnstable Town,MA
"IHS Building and Remodeling, Inc",http://www.ihsbuilding.com/,ChIJi-0KcqYx-4kRL7EfwSuOQCU,Barnstable Town,MA
R. J. Nardone Construction Inc.,https://rjnardone.com/,ChIJwcCoTdc--4kRY-SufDCFHFs,Barnstable Town,MA
Coastal Paving,http://coastalpavingco.com/,ChIJferr2DIx-4kRAR1XTqG4tgM,Barnstable Town,MA
Creative Concrete,http://www.capecodconcrete.net/,ChIJk0R-HTTM5IkRDlI9pR0_WJw,Barnstable Town,MA
"Concrete Solutions, Inc.",,ChIJD76Vrqc_-4kRLjuvS_Pkq8Q,Barnstable Town,MA
Cape Cod Ready Mix,http://capecodreadymix.com/locations/4053-main-st-brewster-ma-02631/,ChIJgwKL3TFq-4kRkk13cOq4MJ0,Barnstable Town,MA
Cape Curb Appeal,http://capecurbappeal.com/,ChIJfUUonq80-4kRRNIjwXH8DGg,Barnstable Town,MA
AA Concrete Finishing,http://www.aaconcretefinishing.com/,ChIJWZkF2GKT5IkRjqUpoeolmj8,Barnstable Town,MA
RS Superior Sealcoating and Paving,http://www.sealcoatingcapecod.com/contact-us/,ChIJVVV5OoQ5-4kRbaWlOxJ_kx4,Barnstable Town,MA
Floor Fashions of Virginia Inc.,https://floorfashionsofvirginia.com/,ChIJ79CUQD2Js4kRn1qGKtd47xs,Charlottesville,VA
CVL Flooring VA LLC,https://cvlflooringva.com/,ChIJ30fmfxAKKU0Rg43t6c3EHHs,Charlottesville,VA
Welch Works Handyman Services,https://www.welchworksva.com/,ChIJU9-xjLWHs4kRboV8ZtOZ1oo,Charlottesville,VA
The HeartPine Company,http://heartpinecompany.com/,ChIJT5fQoCeGs4kRnfaUkyTZkuM,Charlottesville,VA
Town Flooring,http://www.town-flooring.com/,ChIJ8ZGqdeB3tIkRPVpKDdIW47s,Charlottesville,VA
Monarch Concrete Construction,https://www.monarchconcrete.com/,ChIJ4aUFojuGs4kRc_U2q-2Y96M,Charlottesville,VA
Piedmont Concrete Contractors,http://site.pccpride.build/,ChIJ-X8LUe2Hs4kRo4ETdq0DjlI,Charlottesville,VA
"Innovative Construction Concepts, Inc",https://www.iccincva.com/,ChIJ8bj3M8OFs4kR-EjBjot-ifU,Charlottesville,VA
Casey Concrete Inc,https://caseyconcrete.com/,ChIJKy8YhkB0tIkRE6nPOdXgEe8,Charlottesville,VA
Central Virginia surface restoration llc,,ChIJ7wZxVNaFs4kRA9CKejrEKsI,Charlottesville,VA
Ever Pave Pros,https://charlottesvilleconcretecontractors.top/,ChIJ0w79FQCHs4kRtkLSBac_n8Q,Charlottesville,VA
FINE CONCRETE,http://www.fineconcrete.com/,ChIJ9xTuD9KHs4kRxWX3ts3qDnk,Charlottesville,VA
"M3, Inc.",http://www.m3-inc.net/,ChIJAQ3sbP-Hs4kRWyTqMtuPE6c,Charlottesville,VA
On the Go Custom Concrete,https://www.otgcustomconcrete.com/,ChIJyRV801djsYkR-RLVMOwKYCo,Charlottesville,VA
TEC Flooring Solutions LLC,,ChIJY6CowtrgzSQR2KFyP3z3GNI,Titusville,FL
J.A.D. Epoxy Flooring,http://jadepoxyfloors.com/,ChIJO6Dyjl8flWkRKRCtfPD-7fs,Titusville,FL
Garage Reflections Inc,http://www.garagereflections.com/,ChIJFY5xMjEB3ogRCYWoZQV1Ot0,Titusville,FL
"Space Coast Concrete Coatings, LLC",,ChIJIXl9lNtL54gRuPfbuZStgFI,Titusville,FL
Coomer Concrete Contractors Inc.,,ChIJfflmCamy4IgRNt9xLhl50XA,Titusville,FL
Coast To Coast Terrazzo Restoration LLC,https://www.coast2coastterrazzo.com/?utm_source=google&utm_medium=wix_google_business_profile&utm_campaign=635470668012495629,ChIJ9QoJSnpL54gR9rWc2BF3N_M,Titusville,FL
Hill Concrete Solutions,https://www.hillconcretesolutions.com/,ChIJQbgz2S5L54gRT2mgcx7ncT0,Titusville,FL
Dr. Terrazzo Concrete Polishing,http://drterrazzoconcretepolishingfla.com/,ChIJ6bZIC8uz4IgRtMY2wMoSbYs,Titusville,FL
Spiveys Concrete Of Brevard Inc.,,ChIJfba2geWq4IgR_xGI-XR2XLk,Titusville,FL
Kennedy Concrete Titusville,https://kennedyconcrete.com/brevard/,ChIJJYDoLOtN54gR7BOeJyI8fFU,Titusville,FL
Prestige Spray-Crete,,ChIJSxOODWdN54gRQR7DSTVlWHE,Titusville,FL
Superior Sealcoat & Asphalt Repair,https://www.superior-sealcoat.com/,ChIJedrfm_5R54kRG0PG8e6zAic,Pittsfield,MA
Clover construction,,ChIJn_-jRfhP54kRnAwV5K8-BeM,Pittsfield,MA
County Concrete Corporation,,ChIJbbhki6tO54kRi7QA3VX0P6Y,Pittsfield,MA
Berkshire concrete repair,http://berkshireconcreterepair.com/,ChIJ7SlIOlQLeqURUNAWyrOn9_4,Pittsfield,MA
LaCasse Concrete,https://lacasseconcrete.com/,ChIJrSFrrGdR54kRYNVVAnPmyLk,Pittsfield,MA
Phoenix Resurfacing Plus LLC.,https://www.phoenixresto.com/,ChIJGwf_dkkf54kRzPO-vzf9F3k,Pittsfield,MA
JAF Contracting,https://jafcontractingma.com/,ChIJ_YxgwwRhvEcR2qV729qjLho,Pittsfield,MA
Powder Chef Coatings & Customs,http://powderchefcoatings.com/,ChIJgd6v3jBP54kRw5jL1ZGaNhs,Pittsfield,MA
Hoag Brian F Concrete,,ChIJCVsoUUNQ54kR4GzFysJ_SEU,Pittsfield,MA
Salco Construction Co Inc,http://www.salcogc.com/,ChIJ9xMzb0RO54kRn7XQy4QRyGw,Pittsfield,MA
Berkshire Concrete Corporation,https://www.berkshireconcretecorp.com/,ChIJ3bxcsmxM54kRSDNNwjrqxtE,Pittsfield,MA
East Coast Refinishing,https://www.eastcoast-refinishing.com/,ChIJu5fRd8xP54kRFHb2KTpFcjw,Pittsfield,MA
"Classic Seamless Floors By Chapdelaine, Inc.",,ChIJz1KwxtI854kRYRcEFOUUNOA,Pittsfield,MA
"H.A. O'Neil Masonry, LLC",http://haoneilmasonry.com/,ChIJxXQZy0LIRYwRomeohdue_Fk,Pittsfield,MA
Elser Concrete,,ChIJjZFhqVZP54kRiqPU2z4fd8A,Pittsfield,MA
Form All Construction,http://innovativeconcretedesignauburn.com/,ChIJ4Xb2pS5O54kRxvYahDp7X0o,Pittsfield,MA
"A. C. Wood Contracting, Inc",http://www.acwoodcontracting.com/,ChIJq6qqqvqy4IkRdGIJ1GZOkTQ,Pittsfield,MA
Olies Concrete Contractors LLC,https://oliesconcrete.com/,ChIJyaMZXk9P54kRIS_1tr_GO4A,Pittsfield,MA
Berkshire Custom Coating,https://berkshirecustomcoating.net/,ChIJFYgEZ69O54kRN7SErecSzrs,Pittsfield,MA
"J W Squire Co., Inc.",http://www.jwsquirecoinc.com/,ChIJb0FIFw6zUogR_z0NgFqQ-VA,Danville,VA
The Flooring Company,http://www.flooringdanville.com/,ChIJI2ALJaezUogRsd1b5hEALco,Danville,VA
Danville Paint & Supply Inc,https://danvillepaintandsupply.com/,ChIJm6Vp0DizUogR21arqBbP1yg,Danville,VA
Newcomb Carpet & Flooring,http://www.newcombflooring.com/,ChIJ54_D2Xa0UogRFzdKSyeMmHo,Danville,VA
Major's Floor Covering,https://www.flooringstoredanville.com/,ChIJL1tZlsKQQogRpPj1coZfN_0,Danville,VA
Divine Concrete Finishing Co,,ChIJdQ_BEuxSrYkRuLDh2UFGWMQ,Danville,VA
Quality Construction-Danville,https://qualityconstructionva.com/,ChIJg0vE7KxMrYkRKEHvfrlIO3Y,Danville,VA
Markham Concrete Finishing Co,,ChIJNYGceM-XUogRaV5W3tMTWSo,Danville,VA
Decorative Concrete,http://decorativeconcretesystems.org/,ChIJ4YXTsT4lsIkR7q1-mqd_ngw,Danville,VA
O & S Concrete - Alamance county Concrete Contractors,https://www.oandsconcrete.com/,ChIJIfoJjMIqU4gRtme3Ge-nx7k,Danville,VA
Southside Concrete Supply,https://www.southsideconcretesupply.com/,ChIJd2KnXthSrYkRI11UoQ6dNQM,Danville,VA
Poteat Construction Inc.,https://danvilleconstructionco.com/,ChIJk63acxGtUogRehbaTKzceHI,Danville,VA
Sergio's Concrete,http://sergiosconcrete.com/,ChIJ_Tu0q1Gyt4kRBR-stp7HJRw,Danville,VA
Fortress Foundation Solutions,https://www.fortressfoundationsolutions.com/?utm_source=google&utm_medium=organic&utm_campaign=gmb-website&utm_content=forest&y_source=1_MTA3ODY1NjMtNzE1LWxvY2F0aW9uLndlYnNpdGU%3D,ChIJo2oMQMfRsokR_71XAabOhx8,Danville,VA
Concrete Foundations INC,https://concretefoundationsinc.com/,ChIJHaqCaMSysokRPs50ApkS1DM,Danville,VA
Cass Concrete,http://cassconcrete.com/,ChIJi1flIRiPQogRVTNsL0at2Zs,Danville,VA
Quality Concrete Works,,ChIJd7E6oI5MsokRVfrhmbllMiI,Danville,VA
Garage Outfitters,https://garageoutfittersvt.com/,ChIJFSRBqMh5ykwR-ibfMKo-K2A,Burlington,VT
Vermont Protective Coatings,http://www.vtprotectivecoatings.com/,ChIJRWC60po1tUwRZ3fU484wHtw,Burlington,VT
"Liquid Stone, LLC",http://liquidstone.net/,ChIJq6pmxV8nykwR4DW8JXA4o7k,Burlington,VT
Vermont Eco-Floors,http://vermontecofloors.com/,ChIJkzoM3zSBykwR_VMNY8zDJrs,Burlington,VT
Ecowood Floors Inc.,http://www.ecowoodfloorsinc.com/?utm_source=google&utm_medium=wix_google_business_profile&utm_campaign=11706341515096970894,ChIJpcxwJnd7ykwRRUtcUevh334,Burlington,VT
Able Paint Glass & Flooring,http://www.ablevt.com/,ChIJob-iGal7ykwRV9P9xcux7jI,Burlington,VT
Epoxy Systems Inc.,https://www.epoxy.com/systems.aspx,ChIJHTbQ7lyItUwRzdFOfUJv6Y0,Burlington,VT
Elegant Floors,https://www.elegantfloorsvt.com/,ChIJ0wXoSeB9ykwRlou4l_cgt9k,Burlington,VT
New England Floor Covering Co,http://www.nefcvt.com/,ChIJSS1VLP96ykwRku6OU-_q40g,Burlington,VT
Flooring America - Williston,https://www.flooringamerica-vt.com/?utm_source=google&utm_medium=organic&utm_campaign=gbp-listing&utm_content=Williston-showroom,ChIJb-f1GAN5ykwR9RCP7RxoMgA,Burlington,VT
Flooring Solutions Vermont,,ChIJ87Vcrah7ykwR8P6l5WIMZ8A,Burlington,VT
Specialty Coatings LLC,https://www.speccoatings.com/,ChIJkSpFnN97ykwRPfAAl1lSisM,Burlington,VT
Lackey's Flooring LLC,http://lackeysflooring.com/,ChIJgfZp_1IBtUwRg_9_9c57J2Q,Burlington,VT
#1 Flooring LLC,http://number1flooringvt.com/,ChIJIddejph9ykwRouLc8zJskug,Burlington,VT
Michaels Floor Sanding & Refinishing - Southern Vermont,,ChIJdzCGhE9T4IkRAQ9msa6DX9I,Burlington,VT
turgeons hardwood flooring,http://turgeonshardwoodflooring.com/,ChIJb0o0sEoSykwR-B5SlBHKtAw,Burlington,VT
Greg's Floor Sanding,,ChIJ1Tiu5G9OtEwRFepUb-jELRs,Burlington,VT
Floor Trader of Williston,https://www.floortraderwilliston.com/?utm_source=&utm_medium=organic&utm_campaign=gbp-listing&utm_content=Williston-showroom,ChIJ8ViPgqt5ykwRnvdKjTM8Tp8,Burlington,VT
A & G Seamless Floors,http://vermontepoxy.com/,ChIJNYhOrGd5ykwRcK8J-lUhbQk,Burlington,VT
Flooring 360,https://www.flooring360vermont.com/,ChIJyxwfT4BtykwRt5nwKzWzLCY,Burlington,VT
Wales Floors,,ChIJMzEvSoSdykwRwGPyTtyzrHo,Burlington,VT
Vermont Floor Solutions,,ChIJwUuOmqd7ykwRxLFvYX7tsYY,Burlington,VT
innovativeFlooring,,ChIJ74ZFXcJvykwRyqfnj-BAR7s,Burlington,VT
Best Tile of Vermont,https://besttile.com/find-a-showroom/williston-vt,ChIJMUo2ew95ykwRD_DbhKzgan8,Burlington,VT
802 Flooring & Renovations LLC,https://802flooringandrenovationsllc.godaddysites.com/,ChIJHXo8P7kLykwRY97MXqJaaQ4,Burlington,VT
J & M Concrete Inc,,ChIJd_5daIeEtUwRUzyNBXfgfUM,Burlington,VT
Pro-Tech Contracting,https://protechcontractingvt.com/,ChIJAZmB6q17ykwR6OPCyeozeQ4,Burlington,VT
"Green and Son Concrete, Inc",https://www.greenandsonconcreteinc.com/,ChIJiZ3x3V95tkwRdM_w69iIGx0,Burlington,VT
Cut-Right Concrete,http://cut-right-concrete.com/,ChIJD_PMIfh6ykwRwoX4ZZD5PNs,Burlington,VT
RG Gosselin Inc,http://www.rggosselininc.com/,ChIJa7WVnulvtkwRQ6GbiS3EgVs,Burlington,VT
Vermont Concrete Cutting,http://www.vtconcretecutting.com/,ChIJp9oZzssGtUwROhq7a855gRg,Burlington,VT
Green Mountain Foundation Repair Experts,http://www.foundationrepairvermont.com/,ChIJvfvxN_0xJYcRzG-6UMuKSng,Burlington,VT
Rox Asphalt LLC,http://www.roxasphaltllc.com/,ChIJ6df0oVwNykwRjrOfRLzSC98,Burlington,VT
"Slayton's Sealing, Crack Filling and Paving",http://www.slaytonssealingandpaving.com/,ChIJq9sqhMrttUwR55-A-78A5Fc,Burlington,VT
Black Beauty Driveway Sealing,,ChIJmfp85cRvykwRODaIU-X79iA,Burlington,VT
MBC Flooring and Design,http://www.mbckansas.com/mbcflooring,ChIJlxGOFDa3pIcRBkkPi3RH8R8,Hutchinson,KS
Carpetplus Colortile,http://www.mycolortile.com/,ChIJ_at1Ytu3pIcR7k1RaDRMbFg,Hutchinson,KS
Rock Concrete Coatings,https://rockcoks.com/,ChIJr0BhXUu3pIcRJSBaPsUTOYU,Hutchinson,KS
F & A Flooring,https://faflooringks.com/,ChIJKR9XOuG3pIcRYXaz6-CyBpA,Hutchinson,KS
Color by Design,,ChIJF0IMAB23pIcRhDLs6FM9RU0,Hutchinson,KS
MBC Construction,https://www.markboreckyconstruction.com/,ChIJJeVI97m1pIcRt8EXRmZMHmc,Hutchinson,KS
Jr's Quality Tile & Hardwood,https://www.jrsqualitytileandhardwood.com/,ChIJSxFWSWu6zokRviv5SccteNc,State College,PA
Carpet One Floor & Home,https://www.winnercarpetonestatecollege.com/?utm_source=&utm_medium=organic&utm_campaign=gbp-listing&utm_content=State%20College-showroom,ChIJP0quzLOlzokRCMtZmweCljM,State College,PA
Paint Ninjas Inc.,http://www.paintninjasinc.com/,ChIJZ_RnoxOpzokR_zNEeZiLCmY,State College,PA
Superior Paint and Epoxy,http://www.superiorpaintandepoxy.com/,ChIJh6Bm9SbHr0oR4ccw7a4tPAc,State College,PA
PrimeFix ProLine LLC,https://primefixproline.com/,ChIJvxRUKCVZeCIRSgbRYorc1k0,State College,PA
Elite Decorative Concrete LLC,https://elite-decorative.com/,ChIJNYR8YnJTyYkR374ffhLAPqU,State College,PA
Centre Concrete,http://www.centreconcrete.com/,ChIJvairg8elzokRiU4jk-Vi7lU,State College,PA
Empire Concrete LLC,,ChIJxS5lPO5NyYkRF0Nuf2jino8,State College,PA
Sones Sealcoating LLC,http://www.sonessealcoating.com/,ChIJj552tGADzIkR19hzj4z5OXw,State College,PA
House of Color,https://www.findlayfloors.com/,ChIJB3na01aqPogRh3qLTWbGnTk,Findlay,OH
Enhanced Surfacing,,ChIJOeXxbparPogRFyYrWnvo-xg,Findlay,OH
Flooring By Michael,http://flooringbymichael.com/,ChIJfTYNYC7fO4gRT1hlbbTdYW0,Findlay,OH
Classy Coatings,,ChIJOeXxbparPogR0gYYDPHshHY,Findlay,OH
Findlay Concrete,https://findlayconcretecompany.com/,ChIJAzzYsL2rPogRyWw7SX3TSqI,Findlay,OH
"Gibson Concrete Construction, Inc.",https://www.gibsonconcrete.com/,ChIJVTF8UnBVOYgRc2-blKnlvBw,Findlay,OH
"Black Diamond Concrete Construction, LLC.",https://www.theblackdiamondconcrete.com/,ChIJx1PvIQibPogRYHFaIGnsako,Findlay,OH
Van Sant Concrete,,ChIJV4zNFwarPogRWnfyCm0OlaY,Findlay,OH
"Quality Coatings Epoxy, LLC",https://www.qualitycoatingsllc.com/,ChIJx3ws5Ie9PYgRDb4Vw-ylFN8,Findlay,OH
Continental Concrete Findlay,,ChIJzeo02DmrPogRWvlgI4eYYrI,Findlay,OH
Ohio Concrete Solutions,,ChIJ6aafMnwBPIgR0j5n7shjBfc,Findlay,OH
Elite Contracting,http://www.elitecontractingfindlay.com/,ChIJG5kBOherPogROABCTRyWdXw,Findlay,OH
Cement Tech,,ChIJfSD5U2KsPogRGTwyCPhuNXA,Findlay,OH
EverDry Findlay,https://www.everdrytoledo.com/?utm_source=google&utm_medium=organic&utm_campaign=gbp_profile_findlay,ChIJ_ziy8OCrPogR0uYDE_lz5DA,Findlay,OH
Gleaton Floor Covering Co Inc,,ChIJ2-psGaJv_4gRjLfBtYmin-o,Sumter,SC
Universal Epoxy,http://www.universalepoxyco.com/,ChIJVSH9LWxb6QkRtqIyyZ2XS00,Sumter,SC
Hawkins Floor Covering LLC,,ChIJgx9PhC1v_4gRM9LM07Mlqb8,Sumter,SC
"Carpathian Flooring, LLC",http://carpathian-flooring.business.site/,ChIJ0VfeijFv_4gR3X1YdYqB0QI,Sumter,SC
Floors By Design of Sumter,https://www.floorsbydesignofsumter.com/,ChIJSdK72aZo_4gRmU7BYMSqm4Y,Sumter,SC
"Sumter Coatings, Inc",http://www.sumtercoatings.com/,ChIJy3JMXPdr_4gREVDwRoFPgmw,Sumter,SC
Peerless Coatings SC LLC,https://www.peerlesscoatingssc.com/,ChIJjWpvv9pn_4gRAc37FHgcDOY,Sumter,SC
Burgess Concrete,,ChIJM6JwvyNv_4gRgmAxzaezOMU,Sumter,SC
Pro Construction,https://www.professionalconstructionsc.com/,ChIJBZkw16xp_4gRZGrg9crg-rs,Sumter,SC
Universal Blastco,http://www.isginc.us/,ChIJxWRyRNdu_4gRmL8XO6LlKoI,Sumter,SC
P.R Remodeling & Repairs LLC,,ChIJe818cNFp_4gRBemgcXZSkNM,Sumter,SC
"Concrete Supply Co., LLC",http://www.concretesupplyco.com/locations/sumter-sc/,ChIJj0mCkG1v_4gRjXYGH1LTKIw,Sumter,SC
"Advanced Spray Foam and Coatings, LLC",http://advancedsprayfoamsc.com/,ChIJpx7ycZdo_4gRnIEnbT3U0zk,Sumter,SC
Florence Concrete Products - Sumter Plant,https://www.florenceconcreteproducts.com/,ChIJtYO_yf1u_4gRySyqT9fgBZs,Sumter,SC
C Simmons Construction Inc,https://www.csimmonsconstruction.com/,ChIJg6rittNn_4gRXJd1LcnSOJA,Sumter,SC
Cement Man Inc,,ChIJM7HxjU9v_4gRdUf2PNzSlSQ,Sumter,SC
"MTL Concrete and More, LLC",,ChIJqWuxYAZp_4gRDlxy33FbhCU,Sumter,SC
Cna Construction Inc,,ChIJ_Zh-1AFx_4gRx6RDO_t8jcw,Sumter,SC
Quality Concrete Coatings,https://www.thequalityconcretecoatings.com/?utm_source=google&utm_medium=wix_google_business_profile&utm_campaign=9921321972242149139,ChIJmRlfLm5jVYgReOjUo1rtSxY,Sumter,SC
Palmetto Concrete Designs,http://palmettoconcreteandcompany.com/,ChIJ75nzLQpmVYgRbJUdVKZlVfo,Sumter,SC
Capital Concrete Co,,ChIJJW8HOKpp_4gRWhGF8OpyU0M,Sumter,SC
"Elite Flooring, Inc.",http://eliteflooringms.com/,ChIJCzZdz_Z9hIgR80PUgRTxsgk,Meridian,MS
Bo's Best Epoxy Flooring,http://bosbestepoxyflooring.com/,ChIJOfG2A4dNh4gRXXQkVplXnxI,Meridian,MS
Modern Flooring,,ChIJUbu7UiV8hIgRc44YdOD-Mqg,Meridian,MS
Morgan Tile Carpet One,http://www.morgantilecarpetonemeridian.com/,ChIJ6UBpsJZ9hIgRq7Lw_JXB0u8,Meridian,MS
Primo Powder Coating,http://www.primopowdercoating.com/,ChIJUciIgV1XrlQRXyy3-13lhNs,Meridian,MS
D & E Construction Co Inc,https://www.dandeconstructionco.com/,ChIJw1JpY11_hIgRRtxSH2VYrpU,Meridian,MS
"The Precast Group, LLC",http://www.precastms.com/,ChIJ97nhnsSFhIgRB0yw8bOYTvQ,Meridian,MS
"Art & Design Tech, LLC",http://www.artdesigntech.com/,ChIJ2RW2ENJ7hIgRrfW-axzE97s,Meridian,MS
Construction Services Inc.,https://www.csiusa1.com/,ChIJn5ToGZx9hIgRTu4fbStuf3s,Meridian,MS
Ellingburg Floor Covering,,ChIJ_ZRLb-7SgwYRED00f_lGh_8,Meridian,MS
Basic Construction Company,https://www.basicconstructionms.com/,ChIJdTvfswl_hIgRyvDPRVPCtHo,Meridian,MS
"Moore's Floors, Inc.",https://mooresfloorsil.com/,ChIJFUHuFuj33YcR4SdDal6YqBI,Quincy,IL
Area Home Services,http://area-homeservices.com/,ChIJ86cLOsX33YcRKUsnkRmB7MA,Quincy,IL
Midwest Paints & Home Center,http://www.midwestpaints.com/,ChIJawb450r43YcRYmLBlo7jCZI,Quincy,IL
Savemore Carpets,http://savemorecarpets.com/,ChIJY7gLBKr33YcRgpYp3bB5mNU,Quincy,IL
Tile Pro,http://www.tileproquincy.com/,ChIJteMIcQf33YcRgJfwi9VKuxE,Quincy,IL
Leland's Drywall & Painting,http://lelandsdrywallpainting.wordpress.com/,ChIJ3-Ml0bb33YcRfpSQ0Y2nTuk,Quincy,IL
Wood Mart True Value,https://truevalue.com/?tvstore=16043&utm_source=gbp&utm_medium=organic,ChIJ52sVhsj33YcR9g9eiOKjASI,Quincy,IL
Powder Coat Plus Inc.,http://www.powdercoatplus.info/,ChIJ-ez4LARY54cRXJsZabQr2Y0,Quincy,IL
High Caliber Custom Coatings,https://www.highcalibercustomcoatings.com/,ChIJjQaiHhD33YcRpY8VxbCoimQ,Quincy,IL
Industrial Finishing Services Inc,http://industrialfinishing.com/,ChIJAcbuvML33YcRrnUVqLNzHOg,Quincy,IL
Carpet & Rug Gallery,https://www.carpetandruggallery.com/,ChIJOTOnMar33YcRdv8g2Nh-0W0,Quincy,IL
Quincy Industrial Painting,https://www.quincyindustrial.com/,ChIJMSPJDu333YcR-gu2D-LVZa0,Quincy,IL
J H Concrete Construction Inc,https://jhconcrete.com/,ChIJkU_56c_33YcRVse_giukfHs,Quincy,IL
King Waterproofing & Foundation Solutions,https://kingwpfs.com/,ChIJ2bFgvX353YcRIU-7z8LIqfs,Quincy,IL
Waterkotte Construction,http://www.waterkotteconstructionincil.com/,ChIJRSuluPP33YcR3MBcK3jqn8M,Quincy,IL
Tenk Brothers Construction Inc,,ChIJrycLf1T23YcRLhmqBAxYurQ,Quincy,IL
Rees Construction Co,http://www.reesconstructionco.com/,ChIJyUXg8P723YcRJ8EBdBzn2nw,Quincy,IL
Huber Custom Coatings,,ChIJJY1r1McH3ocRI-q9PzqMk8M,Quincy,IL
Three L Construction Inc,,ChIJ-7OMZ_RV54cRczlQF37xZdI,Quincy,IL
Coulter Asphalt Services Inc,http://www.coulterasphalt.com/,ChIJRf93m4tY54cRIMoq986PGEE,Quincy,IL
Diamond Construction Company,,ChIJ85Me0sH33YcRt7-TE5fkUKA,Quincy,IL
Curt Thompson Construction,,ChIJOaWzac733YcRZ-XrcjtRz8o,Quincy,IL
Extreme Exteriors Pros Inc,https://www.extremeexteriorpros.com/,ChIJ_____6_33YcR05uj58KeJF0,Quincy,IL
Concrete Coatings Area Home Services,,ChIJ22LSulb23YcRAd1kitOKe9E,Quincy,IL
Better Business Builders LLC.,http://www.betterbusinessbuildersllc.org/,ChIJ6QPqZuH53YcR0jZ08CLEnHU,Quincy,IL
Quincy Sandblasting LLC,http://www.quincysandblasting.com/,ChIJL4h_SnhZ54cR9A_qsawlovk,Quincy,IL
Experience HVAC/DUCT Cleaning,https://www.ductcleaningnetworkusa.com/duct-cleaning-in-quincy/,ChIJ_____6_33YcRstBPm_eggRs,Quincy,IL
Hinds LLC,,ChIJ39tLMhj33YcRQtQiDGt5lJo,Quincy,IL
"Consolidated Fencing, Inc.",http://www.consolidatedfencing.com/,ChIJP5__HAf73YcR31pu9EfTo04,Quincy,IL
The Knapheide Manufacturing Company,http://www.knapheide.com/,ChIJQR-J0v733YcRK0dSanFgLag,Quincy,IL
Quincy Farm & Home Supply,https://www.farmandhomesupply.com/,ChIJM7xFCEz43YcRzNJs4EIZ-0A,Quincy,IL
Mankato Industrial Coatings,http://mankatoindustrialcoatings.com/,ChIJAQh0E2I69IcRNs1v66jXJfw,Mankato,MN
"RD Floors, LLC",https://rdfloors.com/,ChIJn_eXjPobtFIRGj81V5mqIXw,Mankato,MN
Reasor's Floor Center llc,,ChIJRbSylAU59IcRwgyaNxDveHk,Mankato,MN
Twin Cities ICOAT,http://twincitiesicoat.com/,ChIJzTyTY3Ya9ocRwyQxorzRDc4,Mankato,MN
Surface Theory,http://www.surface-theory.net/,ChIJkSls9kRuZm8RKFsjTRGFlm0,Mankato,MN
MCI Carpet One Floor & Home,https://www.mcicarpetonemankato.com/?utm_source=google&utm_medium=organic&utm_campaign=gbp-listing&utm_content=Mankato-showroom,ChIJdW8fsoIw9IcR3EECyN7P7dM,Mankato,MN
Independent Interiors (Formerly Independent Paint & Flooring),http://ipafmankato.com/,ChIJf60pfz469IcRbR0dktdgQL8,Mankato,MN
"Associated Finishing, Inc.",http://www.associatedfinishing.com/,ChIJA0xLek849IcR7QuJFR0Twj8,Mankato,MN
"C & S Supply Co., Inc.",https://www.candssupply.com/,ChIJ9aa0Uqww9IcR-Kj5t00cPKk,Mankato,MN
Barke Lift & Level Concrete LLC | Concrete Lifting,https://concreteliftingandlevel.com/,ChIJQwC_Mxw39IcRcBde3ItvJj0,Mankato,MN
Quality Refinishers Supply,,ChIJVVU27Dc39IcRTbgfwLeGWKw,Mankato,MN
Surface Specialists of South Central MN,https://www.surfacespecialists.com/mankato-mn.html,ChIJZXBYJCM49IcR1yT_Bf7HoTQ,Mankato,MN
"Pro Maintenance, Inc",https://www.promaintenanceinc.com/,ChIJLR89ifaA9YcRNeaeokdI3r0,Mankato,MN
Williams Custom Concrete,http://williamscustomconcrete.net/,ChIJpZs-CZr070ARnEejeIf6HtU,Mankato,MN
Meidl Concrete Services,https://www.meidlconcreteservices.com/contact/,ChIJq6qau6gz9IcRPuQlSiTMdVc,Mankato,MN
Evenson Concrete Systems,https://www.evensonconcrete.com/,ChIJyT1OhfM59IcRENEH6twwAWY,Mankato,MN
APX Construction Group,http://www.apxconstructiongroup.com/,ChIJ02noDeU59IcRAWFjo9yZJ2E,Mankato,MN
A&J Elite Surface Coating,,ChIJqULbChKF9ocRGg0hPYkpNqo,Mankato,MN
Basement Solutions,https://www.basementsolutionsmankato.com/,ChIJL1FQCwU69IcRuWy6EKR0H94,Mankato,MN
Hoffman Concrete Inc,https://minneopaconcrete.com/about.php,ChIJz_SC80449IcRkBEhqDXpqiY,Mankato,MN
Kali Concrete,http://kaliconcrete.com/,ChIJi3eIXVrZ9YcRUmgWRu1k3LY,Mankato,MN
W W Blacktopping Inc,https://www.wwblacktopping.com/,ChIJbwv6NM0w9IcRd6A-OqiXt9U,Mankato,MN
Deichman Construction,http://www.deichmanconstruction.com/,ChIJtYgxtK0w9IcRDoevyO4ZRbA,Mankato,MN
Bellissimo Paint & Coatings,http://www.bellissimopaint.com/,ChIJZQhKwgI69IcRsLT0z-aTZ0g,Mankato,MN
Exceed Floor & Home,http://www.exceedfloorandhome.com/,ChIJhVk-dMxyD4gReXRnguOx99k,Crystal Lake,IL
Crown Polymers Corp.,https://crownpolymers.com/,ChIJTYHVNWwUD4gREAODM8XBP1U,Crystal Lake,IL
Ridgefield Flooring,https://www.ridgefieldindustries.com/,ChIJdzlIWlNsD4gRnvJpRRFCVmg,Crystal Lake,IL
Excel Floors - Hardwood Floor Refinishing,http://www.excelfloors.com/,ChIJ07b_6-9yD4gRQW5_bMeqEm0,Crystal Lake,IL
"Area Flooring & Tile, Inc.",https://www.areaflooringtile.com/,ChIJ1f9vpCUND4gRPOp9aUspcoo,Crystal Lake,IL
Aj Coatings,http://www.ajcoatings.org/,ChIJyzrBgwQTD4gRemacuijnT9E,Crystal Lake,IL
Lake County Flooring,http://www.lakecountyflooring.com/,ChIJlzSqOIqaD4gR9Dz8Ts5z0Wg,Crystal Lake,IL
Ken Pearson Floor Co. Inc.,,ChIJlzpdwXZyD4gREfDm5_6WLoQ,Crystal Lake,IL
Vivanco Concrete Inc.,,ChIJpRyMNZRtD4gRBlxDXB6RFwE,Crystal Lake,IL
Acme Concrete Raising & Repair,https://www.acmeconcreteinc.com/,ChIJAQAAAIQSD4gRO4Aq8XgLe7k,Crystal Lake,IL
Concrete & Marble Polishing and Restoration,https://premiumfloorfinish.com/,ChIJZSTvqQW5D4gRjXnCExTi69w,Crystal Lake,IL
Foxy Epoxies,https://foxyepoxies.com/,ChIJST21EXcXD4gRLM8c7KGcn2U,Crystal Lake,IL
B & B Coatings Co,,ChIJ_WF6DxB4D4gRU2E0899SDd8,Crystal Lake,IL
West River Concrete Inc,http://www.westriverconcrete.com/,ChIJiwB7HaYMD4gRNbatazaCg2Q,Crystal Lake,IL
Sealcoat Masters,http://www.sealcoatmasters.com/,ChIJm4Kr1U41aSgRUJ9hblWv4FY,Crystal Lake,IL
Santore Construction LLC.,https://www.santoreconstruction.com/,ChIJuVrtI5EFD4gROAIXZ4Hgp8E,Crystal Lake,IL
Express Sealcoating - Asphalt Driveway Sealcoating,https://www.expresssealcoating.com/,ChIJdw4rl2mUD4gRjNU0AnIUe5E,Crystal Lake,IL
Dynacoat Inc,http://dynacoatinc.com/,ChIJn42qa_kOD4gRHgE2zqkGiZw,Crystal Lake,IL
VPS Sealcoating & Paving Company,https://sealcoatingcrystallake.com/,ChIJnYfA12oTD4gRUkNFmnyDxIU,Crystal Lake,IL
Modern Builders and Design,https://modernbuildersdesign.com/,ChIJV9-5FX-bD4gRAb80sXo7dv0,Crystal Lake,IL
"Diamond sealcoating.LLC brick,concrete and asphalt",https://www.sealcoatingdiamond.com/home,ChIJ5_MjbezzD4gRwxWlv12uZOg,Crystal Lake,IL
Brasco LLC,https://thepavingexperts.com/about-us/,ChIJAQAQKRgUD4gReHIJ2or6j_c,Crystal Lake,IL
Action Flooring,https://www.actionflooringservices.com/,ChIJXdoxBBgvUYgRRHGGN2xPXWM,Hickory,NC
Stone Bond Construction Co Inc,http://www.stonebondconstruction.com/,ChIJXdviE1gwUYgRwR17ZnwiORQ,Hickory,NC
Southern Garage Floor,http://southerngaragefloor.com/,ChIJswGXsoY5UYgRXp6pXMMaji8,Hickory,NC
Arbor Zen Hardwood Floors,https://www.arborzen.com/,ChIJ8QCxnLw3UYgRJVHZgF8UFS8,Hickory,NC
Affordable Floors,https://affordablefloors1.com/,ChIJzaSAmTk0UYgR95JVAkgI8wU,Hickory,NC
"Eagle Painting & Flooring, Inc.",https://eaglepaintingincnc.com/,ChIJk0sKTG0xUYgRW-4fK6kK4eE,Hickory,NC
Good House Floor Care & Refinishing,https://goodhousefloorcare.com/,ChIJsaeTkz8zUYgRuyiF_tcKd7I,Hickory,NC
Custom Coatings Inc.,https://www.customcoatingsinc.com/,ChIJDfI8ZsoxUYgRA-RnjgytTpY,Hickory,NC
Local Concrete of Hickory,https://localconcreteco.com/,ChIJrYRM5hYxUYgRdGVClIOCIko,Hickory,NC
Concrete Brothers LLC,https://www.concretebrosllc.com/,ChIJcc5ChCxNT20RM1doT9BDI_g,Hickory,NC
Wolphe,https://www.wolpheservices.com/?utm_source=omg-gbp&utm_medium=webclick,ChIJ8e0xmq7JVogRpenHO27FczY,Hickory,NC
High Country Concrete Services,https://www.highcountryconcretenc.com/,ChIJ9RDzV11xACERsM6tEtbxj1k,Hickory,NC
Select Seal Coating & Asphalt Repair,http://selectsealcoatingandasphaltrepair.com/,ChIJT1winJQqUYgRYoZ96uLWtDw,Hickory,NC
Concrete Resurfacing Solutions,,ChIJq6qqqhowUYgRZP-XiDfYDUo,Hickory,NC
Carroll's Concrete Finishing,,ChIJ2Y7xJNQwUYgRMssxIbLiOdk,Hickory,NC
Combs Concrete Construction Co.,http://www.combsconcrete.com/,ChIJmbq9-hFVUYgRZNvaAookoFk,Hickory,NC
The Floor Covering Shop,http://www.floorcoveringshopinc.com/,ChIJlYzy1l9x5okRGuQJL82S9lo,Norwich,CT
TLC Floor Center,http://tlcfloorcenter.pro/,ChIJAQCcJjFx5okRH9UZs34XcJc,Norwich,CT
Bright Epoxy,https://bright-epoxy.ueniweb.com/?utm_campaign=gmb,ChIJjQBi2jFT5okRo41vGrJyU40,Norwich,CT
Renew Epoxy Solutions LLC,https://renewepoxy.com/,ChIJzyvrkN0dGC4RpMU8479DIWQ,Norwich,CT
Sharpe Bespoke Surfaces LTD,https://sharpebespokesurfaces.co.uk/,ChIJ_ftE-Tzj2UcRiFQ16QGsWco,Norwich,CT
Guardian Industrial Inc,https://floorfixer.com/,ChIJx4lJD1F75IkR_DtQ0xnqY8o,Norwich,CT
Grace Resin Flooring Ltd,https://graceresinflooring.co.uk/,ChIJExgk4lPk2UcRBFfsLPRnZRM,Norwich,CT
Serica Floors,https://www.sericaflooring.com/,ChIJ61UV9z775okR6jUTp0Y4mEw,Norwich,CT
The A Team construction llc,http://tatconstructionllc.com/,ChIJKfiUesZYsakRPpsNhGDdAAw,Norwich,CT
"Signature Stamped Concrete, LLC",https://www.signaturestampedconcrete.com/,ChIJL7R7-6YR5okRDIAkFFwsdVE,Norwich,CT
"CustomPro LLC Basement Waterproofing, Septic, and Drainage.",https://www.yourcustompro.com/,ChIJWfycPthx5okRGn_8wLeLS38,Norwich,CT
Asphalt Sealing Company LLC,http://www.asphaltsealingco.com/,ChIJbXlPhoH-b20R30SkaDOBVqk,Norwich,CT
Michalski Concrete LLC,,ChIJ9ziP9Elx5okRbAp1hqRRU04,Norwich,CT
Pink's Concrete Design,http://www.pinksconcretedesignct.com/,ChIJHS9uzkUe6IkRXac3Y64Cn0w,Norwich,CT
Killer Concrete LLC,,ChIJCWI95jrC54kR8J1PwTk3c0c,Norwich,CT
Pros LLC,https://www.prosgc.com/,ChIJzRss6hRIfYgRtZ5VfJzQ8rw,Florence,AL
SolidRock Epoxy LLC,https://www.solidrockepoxy.com/,ChIJuSeKqeCrYogRQ5HkumBFIcI,Florence,AL
CustomCrete,,ChIJDYTyvvg_fYgRYWPlRJz0hQY,Florence,AL
A & H Concrete Finishing,,ChIJicHwH3k3fYgRo6kVW1QFM2M,Florence,AL
Affordable Concrete Contracting LLC,http://www.affordableconcreteshoals.com/,ChIJA83EHJ5HfYgR8aAlp1VPZ54,Florence,AL
Proshot Concrete Inc,https://proshotconcrete.com/proshot-concrete-contact-us/,ChIJawe2Abc3fYgR5EgcoyID7zg,Florence,AL
"G & G, Inc.",,ChIJXZwgUZ44fYgR9QKkwmVKqWI,Florence,AL
Liberty Paving Asphalt & Concrete,https://libertypaving.us/,ChIJ-R9DeEtJfYgRWCUlGSmt8oE,Florence,AL
Flash Epoxy Concrete Coatings,https://www.flashccs.com/,ChIJT5zyrrFf_KIRhor59GpmUZY,Bozeman,MT
Against the Grain Painting & Finishing,http://www.atgpaintingllc.com/,ChIJAzHueUnMo0IREd57Z5ZQRHQ,Bozeman,MT
Top Shop Flooring & Designs,https://topshopmt.com/,ChIJmzCxWhQ5RVMRw0b1vpU145g,Bozeman,MT
All American Garage Floors,http://allamericangaragefloors.com/,ChIJAQBk_Q76WlMRunq4r556L9I,Bozeman,MT
Opus Custom Wood Floors,http://opuscustom.com/,ChIJARb1YuVFRVMR2mwnjluqyUk,Bozeman,MT
Granlie Floor Service,https://granliefloors.com/,ChIJfZwiIBlPRVMRvQ28s3Ol408,Bozeman,MT
CarpetsPlus ColorTile of Bozeman,http://carpetsplusbzn.com/,ChIJIWKwbQRFRVMR2l9qbjc5xjE,Bozeman,MT
Monteriors,http://www.monteriors.net/,ChIJiXZKiytERVMRPOWXn5FEUjc,Bozeman,MT
"Elkhorn Insulation, Waterproofing, & Concrete Epoxy Coatings",https://elkhorninsulation.com/bozeman,ChIJOYTD3-NFRVMRugP6LCoj0kI,Bozeman,MT
Pierce Carpet Mill Outlet,http://www.pierceoutlet.com/,ChIJMztQ5yFPRVMRAhoGbC_tfa0,Bozeman,MT
Harbour Hardwood Floor,https://www.harbourhardwoodfloors.com/,ChIJPYEeUcBORVMRFGBjsUwPwoQ,Bozeman,MT
Yellowstone Concrete Coatings,http://yellowstone-concrete-coatings.com/,ChIJ87YOe2EVLUMRJ8spZ7V4zxE,Bozeman,MT
Eco Concrete,https://www.ecoconcretemt.com/,ChIJHUdDIyAQRygRFdQsJWna5Uo,Bozeman,MT
Bobcat Concrete,http://bobcatconcretemt.com/,ChIJ38pBztt7NIQRbU4xk6TxaYw,Bozeman,MT
Constructive Solutions Inc,http://constructivesolutionsmt.com/,ChIJi0-pbDdERVMR9Ly96_VPnAM,Bozeman,MT
Brothers Concrete Coatings,,ChIJl9A0aAJFRVMRSpoLfOF2Zys,Bozeman,MT
Northwest Concrete Services,https://www.nwconcretemt.com/,ChIJT1uOKQZHRVMRN_1-3HdngB4,Bozeman,MT
Elevated Concrete & Dirtworks LLC.,https://www.elevatedconcrete-dirtworks.com/,ChIJYflQJQo_RVMRwajbAb0z1fo,Bozeman,MT
BARRICK CONCRETE FLOOR POLISHING,http://035a985.netsolhost.com/,ChIJSxi5hSNHRVMRJ3LC-MLade4,Bozeman,MT
LBCI Construction,https://lbcitexas.com/,ChIJyfjzK_PXRoYR5ioM84u6MWc,Huntsville,TX
Alpine Homes & Construction LLC,http://www.alpinehomestx.com/,ChIJ-yCvxIlZRoYRLi_pisXwzgQ,Huntsville,TX
Irv Concrete,,ChIJDzFqCSgJR4YRIlxcv3Za2JE,Huntsville,TX
Extreme Floor Care,http://www.extremefloorcare.com/,ChIJP4LRBvrCwIkRzoYMyko-EDo,Atlantic City,NJ
Floor Action,https://flooractionllc.com/,ChIJry_tQapT8yAR_07yJSmpbHA,Atlantic City,NJ
Flooring Gallery Outlet,http://www.the-flooring-gallery.com/,ChIJZykB5B_pwIkRA_tybU-2deA,Atlantic City,NJ
Atlantic Hardwood,,ChIJJTaNvOC-wIkR0o8KQNKxGWQ,Atlantic City,NJ
BAYSHORE CONCRETE LLC,https://www.bayshoreconcretellc.com/,ChIJn_Va9BzpwIkRTqFfu7bd8aE,Atlantic City,NJ
J&E Concrete LLC,https://jeconcrete.squarespace.com/,ChIJ62epRendwIkRBvjaFyrosk4,Atlantic City,NJ
Spectrum Concrete Coatings,http://www.spectrumconcretecoatings.com/,ChIJl3UBk1Udw4kRhzOb4qjx-8s,Atlantic City,NJ
L. Feriozzi Concrete Co,http://www.lferiozzi.com/,ChIJZxfLYZzuwIkRRTST99fg3Kg,Atlantic City,NJ
Sky Pro Construction,http://www.skyprohome.com/,ChIJg9lYASzvwIkRkRVjjo3q54s,Atlantic City,NJ
Coastal State Coatings,http://coastalstatecoatings.com/,ChIJt6m8oHS_wIkRgOgzfO0_8zM,Atlantic City,NJ
Brandon's Marble & Concrete Restoration Services,,ChIJ_RiBxrT9PwUR-Hj20O9fKsc,Atlantic City,NJ
SJ Hauck Construction,http://www.sjhauckconstruction.com/,ChIJSwl8WR3CwIkRPjeK32WJyKw,Atlantic City,NJ
Asphalt Sealcoating Solutions,,ChIJ__-q3o3uwIkRm_KWVqR2qno,Atlantic City,NJ
Atlantic Cape Ready Mix,http://acrmconcrete.com/,ChIJMXJBvQ-1gCgRR_ob98VyX40,Atlantic City,NJ
The Carpet Shop,,ChIJ1Y4ZjT_eAocRVcM7Mcy7-gc,Clovis,NM
"Carpet Tech of Clovis, NM",https://www.carpettech.com/,ChIJv7wcmvrdAocRVtQcnBKJI3w,Clovis,NM
Burns Do It Center,http://www.burnshardware.com/,ChIJtw_X1RLeAocR8ge68rmni4g,Clovis,NM
Affordable Flooring Installation LLC,,ChIJ5TsDaORR4IYR-uHS4kGat64,Clovis,NM
Nick Griego & Sons Construction Inc,http://ngsons.com/,ChIJpaDeApjdAocRsioLn97uBCY,Clovis,NM
Clovis Concrete Co. Inc.,http://clovisconcreteco.com/,ChIJoQCy-HjdAocRl04F3IOkSPA,Clovis,NM
Mercadal's Construction,https://www.mercadals.com/,ChIJaxPhVIPeAocR7DQqiBTm3A0,Clovis,NM
Edgar Flores Construction Inc.,http://edgarfloresconstruction.com/,ChIJIUzItJfnAocR1Bi_BrgqByo,Clovis,NM
M-Core Construction,https://mcorenewmexico.com/,ChIJz44v1HbeAocRuquv_Oaa55w,Clovis,NM
"EPC, LLC",https://edperalesconstruction.godaddysites.com/,ChIJl_mm0vPfAocRg3FsiwOpuRI,Clovis,NM
K Barnett & Sons Inc,https://kbarnett.com/,ChIJZyh68Z3eAocR5L0qIdwhNnM,Clovis,NM
Arise Construction LLC,http://www.ariseconstruction.net/,ChIJeyMlgvndAocR9wqQ5AduNlQ,Clovis,NM
Sam Sanders Materials Inc,http://sanderspowdercoating.com/,ChIJJbiQWyfcAocRaMhj7-qxLrw,Clovis,NM
Flores concrete,,ChIJwcYWhKLdAocRWlhjnX-8ZXQ,Clovis,NM
Riviera Floor Covering,https://rivierafloorcovering.com/,ChIJew0ljzxBzoARJukEUDjhHVQ,Bullhead City,AZ
Above the rest flooring,https://abovetherestflooring.com/,ChIJw18mj8I_zoARvCel5YnwRbA,Bullhead City,AZ
TK Flooring & More,http://tkhomeimprovement.com/,ChIJY0wPAiBBzoARjHHeff5qhrc,Bullhead City,AZ
Top Notch Concrete Solutions,http://bullheadcityconcretesolution.com/,ChIJb_FeYyFpzoARxHqvF0iIbR0,Bullhead City,AZ
S & S Concrete & Materials LLC,https://www.snsconcrete.com/,ChIJnU4VaydCzoARWjbXGrDfbs0,Bullhead City,AZ
Cobalt Construction,http://bullheadcitycontractor.com/,ChIJ1c7Us2A_zoARFSXYwaniZ5k,Bullhead City,AZ
Mc Cormick Construction Co,https://www.mccormickconstructionarizona.com/,ChIJ_6vS_1xBzoARNHCJyFNcXWM,Bullhead City,AZ
Absolute Concrete & Masonry,,ChIJAQAAABA_zoARGJdrKh7KlkQ,Bullhead City,AZ
Case Concrete,,ChIJm2OUbwZBzoARSMhhSv9CBaY,Bullhead City,AZ
Desert Construction,https://www.desertconstruction.net/,ChIJowEjeyndzYARtWLKY2rJw_0,Bullhead City,AZ
Stewart Concrete & Bobcat,,ChIJUUV7wpI8zoAR-b0MG1SR_yc,Bullhead City,AZ
All Surfaces Flooring,https://allsurfacesflooring.com/,ChIJlzFMg68_zoARLWWskJJm92A,Bullhead City,AZ
Tom's Plastering Inc,,ChIJ-2Je0pg_zoARqW0mWK7QI5I,Bullhead City,AZ
Concrete Polishing,,ChIJAQBQB-dAzoARrfAckOlLnIM,Bullhead City,AZ
Azteca Concrete,,ChIJ0xiKCwA_zoARc91hHYBm5p4,Bullhead City,AZ
Lucky Concrete Sherman,https://luckysconcretesherman.com/,ChIJvT_4suyJTIYRmzMtRUHmVrM,Sherman,TX
INNOVATION GENERAL CONSTRUCTION LLC.,,ChIJd6okkTKJTIYRdtHwefH1XBE,Sherman,TX
JRU Gainesville Construction Services,https://joseconstruction.net/,ChIJn6CsBbvtxkURXcm0Ienz-_Y,Sherman,TX
The Stylish Redneck General Contractor LLC,https://thestylishredneck.com/,ChIJDShEHZWJTIYRpC7kctZFQQI,Sherman,TX
Lowery Fence & Patio,https://loweryfencing.com/,ChIJh-RZ9Kp9TIYRQRxGj2Wmsw8,Sherman,TX
GSE Construction,,ChIJ7XupC_jgtYcRzTeDr5CE7yk,Muskogee,OK
Muskogee Ready Mix Inc,https://muskogeeredimix.com/,ChIJtwkP7dnjtYcR5AlvJscLuJQ,Muskogee,OK
Edens Structural Solutions,https://edensstructural.com/?utm_source=GMBlisting&utm_medium=organic,ChIJPTVv4GPstocR_7u6GiJda10,Muskogee,OK
Bulldog Spray Foam,http://bulldogsprayfoam.com/,ChIJM-j-DnHptYcR5zAGczK2J8I,Muskogee,OK
Ergon Asphalt & Emulsions Inc,,ChIJg2BWLxnitYcR0FwmMBupf2s,Muskogee,OK
Graham’s Custom Floors LLC,http://www.grahamscustomfloors.com/,ChIJu8QyauOHd4gR7KbMXO_Jdys,Cape Girardeau,MO
Townsend Custom Floors,https://www.townsendcustomfloors.com/,ChIJ1TsfqrOJd4gRBR_A7_4Wqn4,Cape Girardeau,MO
Ultimate Flooring & Finishes,http://www.ultimateflooringinc.com/,ChIJqd2X6AOId4gR-L-ou2NoUZc,Cape Girardeau,MO
LH Surfaces,http://www.lhsurfaces.com/,ChIJt6A1S-sneIgRah8JZnrUkTk,Cape Girardeau,MO
Holloway Carpet One Floor & Home,https://www.hollowaycarpetonecapegirardeau.com/?utm_source=google&utm_medium=organic&utm_campaign=gbp,ChIJb-KsLfsneIgRtWFwPV4pYnw,Cape Girardeau,MO
Girardeau Distributors Inc,http://girardeaudistributors.com/,ChIJ9bYb44WHd4gRdhg0mbCczEE,Cape Girardeau,MO
Quality Wood Flooring,http://www.qualitywoodfloorsbystan.com/,ChIJ47dIwYSHd4gRKeCCFb626k4,Cape Girardeau,MO
Cape Carpet & Supply Co,http://capecarpetstore.com/,ChIJA6Kky1AneIgRkOv9SQw3gKc,Cape Girardeau,MO
Stone Mountain Flooring Outlet,https://stonemountaincarpet.biz/,ChIJbaJNhYgneIgRPGPcFI7ituk,Cape Girardeau,MO
Moore Floor Covering,http://www.moorefloorcovering.com/,ChIJCyUsCpUneIgRfM7DQxCUE-4,Cape Girardeau,MO
Duke Concrete Finishing,http://dukeconcretecape.com/,ChIJI0NNaMaHd4gRHQYKDQa0Tak,Cape Girardeau,MO
Roost,https://www.roostcape.com/,ChIJdTO4w4qJd4gRiH6pI3eeabI,Cape Girardeau,MO
Cory's Ace Hardware,http://www.corysacehardware.com/?utm_source=google&utm_medium=local&utm_campaign=localmaps&utm_content=17964,ChIJbUYEjluId4gRnEosqOqCPnM,Cape Girardeau,MO
Welch J R Waterproofing Concrete Contractors,https://www.jrwelchconcrete.net/,ChIJ-1JhJfgneIgRgB2I75bF4zU,Cape Girardeau,MO
Gerdan Slipforming Inc,https://gerdanslipforming.com/,ChIJyb5IyI4neIgRdKwFcWJIPwk,Cape Girardeau,MO
Marco Construction Products,http://www.marcocp.com/,ChIJiXSxQPsneIgRnBDuhsDqNSw,Cape Girardeau,MO
"McDonald Concrete (McDonald Company, Inc)",http://www.mcdonaldcompany.com/,ChIJtWwiFA-Id4gRTHYyVQ7mG2M,Cape Girardeau,MO
Standley Batch Systems Inc,https://standleybatch.com/,ChIJc-HCGSgoeIgRYpWjx-Xv22g,Cape Girardeau,MO
Mac Con Company,http://www.macconco.com/,ChIJeSYVQ0OId4gRmSb11GZ6au4,Cape Girardeau,MO
Premier General Contracting,http://pgcbuilt.com/,ChIJ5SGCBEqLd4gRpqaOJqCfH_E,Cape Girardeau,MO
Old Town Roofing and Paint,http://www.oldtownroofingandpaint.com/,ChIJ_bzT6G_TaGYREbWjtjkSmAI,Cape Girardeau,MO
Aramsco (formerly EZ-Concrete Supply),http://www.ez-concretesupply.com/,ChIJFzn3lpHtPogRdxO-XSx7ieI,Lima,OH
Simplified Flooring,https://www.simplifiedflooring.com/,ChIJQzc9y-vxPogRf2rU77G30xk,Lima,OH
Northwest Flooring Gallery,http://www.northwestflooringgallery.com/,ChIJ9bLMlcrzPogRpnhpGhBDmbw,Lima,OH
"Buckeye Floor & Ceiling, LLC",http://www.buckeyefloorandceiling.com/,ChIJ0SFQb-3zPogR5R6xwh-fbJ4,Lima,OH
Re-Deck of Northwest Ohio,,ChIJM_6tLOPtPogRw7FhXp0ci5c,Lima,OH
Lima Floor Covering,https://www.limafloorcovering.com/,ChIJSewL8UzwPogRyHmLVgetQkg,Lima,OH
B D Floor Care,,ChIJa7Y8uNLzPogRorHsSOB6KSI,Lima,OH
Paramount Industrial Services,https://paramountindustrialservices.com/,ChIJW8ob9AvpPogRnGf7oIhB7qU,Lima,OH
Adhesives Lab USA North,https://www.adhesiveslabusanorth.com/,ChIJ8S4ok3XtPogRczZ3x5U-OBs,Lima,OH
Rhino Concrete Coatings,https://rhinoconcretecoatings.biz/contact-us/,ChIJmW0XS-jtPogROcbwMFg9ER0,Lima,OH
Forever Foundation Repair,https://www.foreverfoundationrepair.com/,ChIJwbcAWLzsPogRTDZpYfPt1Gs,Lima,OH
Sani-Tred,https://sanitred.com/,ChIJq6p60FL5PogRfLzkU4GJ1y8,Lima,OH
Artistic Concrete Coatings,,ChIJfWAvrKf9PogRub9W2ka0LDg,Lima,OH
Northwest Custom Concrete,https://northwestcustomconcrete.com/,ChIJKXgulGv0PogRZ1rqNcxZknw,Lima,OH
Elite Paving & Seal Coatings,,ChIJq6ra7pHtPogRvEAeTD2y6Ww,Lima,OH
Poured Perfection Concrete LLC,https://www.pouredperfection.com/,ChIJfy5S1Bf9PogRQUpHEpHl76U,Lima,OH
United Concrete Doctor,https://unitedconcretedoctor.com/,ChIJsTMNejRZPogRc2iuC-IM_sg,Lima,OH
The Floor Store of Florence,https://floorstoreflorence.com/,ChIJTSuOmI9nVYgRiGl5-P_4N6k,Florence,SC
Ellis Flooring & Cabinetry LLC,,ChIJfbOFdJFhVYgR19JuLPZfCKQ,Florence,SC
Hometown Floor Coverings,https://hometownfloorcoverings.com/,ChIJdzr9Rl5nVYgRtv5TTbZmjyI,Florence,SC
Neal's Flooring,https://www.nealsfloors.com/,ChIJaQ7clotjVYgRgr-x2PnN9Ag,Florence,SC
Rug Shop of Florence Inc,https://www.therugshopofflorence.com/,ChIJ48cuFulgVYgRb_a1-jpG3GQ,Florence,SC
Robinson & Jones Concrete,https://robinsonandjones.com/,ChIJe4axuhn3_4gRXZ1H9Lco8do,Florence,SC
"Coastal Surface Solutions, LLC",https://www.coastalsurfacesolutionsllc.com/,ChIJB-5ouhNqAIkRphyt5apDnj0,Florence,SC
RCS Concrete Solutions LLC,https://rcsconcretesolutionsllc.com/contact/,ChIJGZoPyoqxqokRmis7r0JfrkI,Florence,SC
Plastic Navy Concrete Artist,,ChIJuRytoVX5VYgR20hFUN1rglo,Florence,SC
Gilbert Construction,https://gilbertconstruction.com/contact/,ChIJVVXlXDxnVYgRaKuyQD0taPg,Florence,SC
Young's Concrete,https://www.youngsconcrete.net/,ChIJ1Z_4B3YB-IgRFzkPqeWIkxw,Florence,SC
Palmetto Concrete,,ChIJ__-vkrhmVYgRxyljzPYByfI,Florence,SC
Deco-Crete Designs LLC,https://deco-cretedesigns.com/,ChIJHWktfK5tNIYRcHYX3YafHIM,Texarkana,TX
Epoxy Outlaw,,ChIJVVXJuVpqNIYR_j0eHwhzPlo,Texarkana,TX
JR's Building Supplies,https://jrbuildingsupplies.com/,ChIJ7b3Ouw9BNIYRmfa1VFZPM84,Texarkana,TX
Contract Flooring,http://www.contractflooringllp.com/,ChIJtfiPNXRqNIYRrFIa0-np-pY,Texarkana,TX
"Texarkana Concrete Construction, INC",http://texarkanaconcrete.com/,ChIJi4wmnM5rNIYRXGcPbzRrQv0,Texarkana,TX
Phase 1 Concrete Inc,http://www.phase1concreteinc.com/contact,ChIJVVW5q2hqNIYRB9K9-0pR2OU,Texarkana,TX
DK Concrete Inc,https://kirklandconcretetxk.com/contact-us,ChIJv9dOBSRqNIYRk5ppaaBobCE,Texarkana,TX
"H & H Concrete Company, LLC",https://www.handhconcretecompanyllc.com/?utm_source=google&utm_medium=business_profile&utm_campaign=website,ChIJ79bqZuhrNIYRznvTXO0thJ8,Texarkana,TX
Thatcher Concrete LLC,http://www.thatchertx.com/,ChIJBUeWCRZBNIYRI2-rlUVyJBY,Texarkana,TX
FloCo Epoxy,https://flocoepoxy.com/,ChIJs-DbEh0Hx4kREzh4WadlpTQ,Dover,DE
East Coast Epoxy,https://get-epoxy.com/,ChIJw5kXmm-px4kRsgmrIc545ws,Dover,DE
Delaware Concrete Coatings,http://delawareconcretecoatings.com/,ChIJi0bxIbO5uIkRgWVQcpNcf0A,Dover,DE
Tri-County Coatings,https://www.concretecoatingrehobothbeachde.com/,ChIJAQDE-7CUuIkRqNJ2AKWEyNg,Dover,DE
Floor Coatings Etc Inc,http://www.floorcoatingsetc.com/,ChIJ7XmvKmEBx4kRGhsE4sp1Ga4,Dover,DE
In & Out Concrete Coating,https://www.inoutconcretecoating.com/,ChIJA9V_4dPzuIkR7QhN7uyvEfg,Dover,DE
Coker Concrete LLC,,ChIJsZ-hMH5jx4kRELJHLhSnAvM,Dover,DE
Aztec Concrete Coatings,https://www.aztecepoxy.com/?utm_source=google&utm_medium=wix_google_business_profile&utm_campaign=15520380515021323306,ChIJm-qsQWoaNgsR63W9iJKqQxc,Dover,DE
Apex Concrete Coating Solutions,https://www.apexconcretecoatingsolutions.com/,ChIJEYJ7x9B8j0URLsRl-chAmh0,Dover,DE
Custom Coatings & Designs LLC,http://www.customcoatingsanddesigns.com/,ChIJCweKbZSpx4kRSQgqyetMYwY,Dover,DE
Affordable Asphalt LLC,http://affordableasphaltde.com/,ChIJL3Nd2Xp6x4kR8zwfhVU__xU,Dover,DE
Coastal Coatings,,ChIJk6m29lZ7x4kRcfkXAQG8aFI,Dover,DE
Mitten Construction Co,http://www.mittenconstruction.net/,ChIJfxc_WRhjx4kRkHYMsVJuzJw,Dover,DE
Delaware Decorative Concrete Stamped concrete,http://www.delawaredecorative.com/,ChIJa4w_yP6ZuIkRnoJWYTcjb_M,Dover,DE
One On One Flooring,http://oneonone-flooring.com/,ChIJKbuaV7dosY0R3ENHkWASOW4,Muskegon,MI
Lange Flooring Center,https://www.langeflooringcenter.com/,ChIJrR3aASnWG4gRObneQwG7Alk,Muskegon,MI
Freedom Flooring & Design,https://freedomflooringmi.com/,ChIJgfA47cVElqgRptItT4SDMi4,Muskegon,MI
Mi Epoxy Floors,http://miepoxyfloors.com/,ChIJp-zk8BsDIIgR-eHjNWEvq18,Muskegon,MI
"Mitten Handyman & Flooring Services, LLC",https://www.mittenhandymanservice.com/,ChIJRbH7jhPuq4YRcVDA8LWnZaM,Muskegon,MI
MCKINLEY CONCRETE LLC,http://mckinleyconcretes.com/,ChIJ743-ztMMmiMRokbIxJwrinM,Muskegon,MI
B&C concrete & construction LLC.,https://www.bandcconcrete.com/,ChIJy77796iKoo4Re7HkFcJ6HnQ,Muskegon,MI
Brown Concrete Construction,https://www.brownconcreteconstruction.com/,ChIJjUkoViB-GYgR2I2QAFmO3Pg,Muskegon,MI
MZH Concrete,https://www.mzhconcrete.com/,ChIJ0wBFcUm3pq8Ri6OXeBccSoM,Muskegon,MI
Arizona Wholesale Floors,https://www.arizonawholesalefloors.com/,ChIJ4TnVRym3K4cRGEMNLgy5KVk,Apache Junction,AZ
Eagle Epoxy Floors,http://eaglefloors.com/,ChIJvTofXZKlK4cRtNNHAXtd9Jw,Apache Junction,AZ
Thacker Enterprises,http://thackercoatings.com/,ChIJE0HBfcyvK4cRgxsYXEf7FKE,Apache Junction,AZ
"Gorilla Garage Concrete Coatings, LLC",,ChIJ86Fj-FXxNA0R-XsRBjAjZHk,Apache Junction,AZ
Century Stone Concrete Coatings,http://centurystone.com/century_stone_portfolio.htm,ChIJ4SltkWGmK4cRPv41JTExz50,Apache Junction,AZ
Cool Concrete Creations LLC,http://www.coolconcretecreations.com/,ChIJ0Y5q84ipK4cRYIITcqOx0vQ,Apache Junction,AZ
Canyon Valley Concrete LLC,http://www.canyonvalleyconcrete.co/,ChIJT53o7VK3K4cR5hqIaFkPqmY,Apache Junction,AZ
Section 8 LLC,https://section8powdercoatingllc.com/,ChIJ8S_B9VaxK4cRqm2Dt7l2vdM,Apache Junction,AZ
KNOCKOUT EPOXY SERVICES LLC.,https://knockoutepoxy.com/,ChIJO4hRyOZ_k4gRPAC8ND0x73g,Panama City,FL
Flooring Depot of Panama City,https://www.flooringdepotofpanama.com/?utm_source=google&utm_medium=organic&utm_campaign=GMB,ChIJWfm3E-qBk4gRAeg1xtySOTM,Panama City,FL
Decorative Concrete Designer,https://decorativeconcretedesigner.com/,ChIJy-DN_kaN6W0RHEZwwHKw8s8,Panama City,FL
Habitat Hardwood Flooring,http://habitatfloors.com/,ChIJg40FUUKJk4gRkm8uFKGT1M4,Panama City,FL
"Quality Epoxy Floors and More, Inc.",,ChIJVW1uij6Ck4gRtoDPNQS6zAg,Panama City,FL
Pro Floors Plus,http://www.profloorsplus.com/,ChIJLyq-MaKDk4gR_-Il6cxd_jM,Panama City,FL
Carpet One Floor & Home,https://www.carpetonepanamacity.com/?utm_source=google&utm_medium=organic&utm_campaign=gbp-listing&utm_content=Panama%20City-showroom,ChIJ7dLhNRqEk4gRxI2_ANEB9QI,Panama City,FL
Shell Finish,http://www.shellfinish.com/,ChIJPcQpY9wrCQoRUrv8P2Y8yDQ,Panama City,FL
Panhandle Exterior Painting & Concrete Floor Coatings,https://www.panhandlepaintanddesign.com/,ChIJK9ld0PzRk4gRJJRoASQ5TrY,Panama City,FL
Sikes Ready Mix,http://sikesconcrete.com/,ChIJxfLqCo-dk4gRLnbzZMv-_JQ,Panama City,FL
Pettibone Concrete,http://pettiboneconcrete.design/,ChIJI-3bSw-Ck4gRIdXwF0v8Bsg,Panama City,FL
RCM Interiors Construction,,ChIJiV4UWtaIk4gRH7GREoPrmcE,Panama City,FL
Pettibone Construction,,ChIJV6HlUEGBk4gRC3fmVDtxWGw,Panama City,FL
"Panama City Concrete, Inc",,ChIJq6qG5vuDk4gRga5miM7Qy2M,Panama City,FL
Concrete Advantage Inc.,,ChIJR_FuLjONk4gRAr47hN7nOhc,Panama City,FL
Precision Asphalt,https://precisionasphaltpanamacity.com/,ChIJ9eoAfo6Bk4gRahdDumnc4-o,Panama City,FL
Rivers Maintenance Company LLC,,ChIJX64kQBl_k4gRAQkYEOPIqVM,Panama City,FL
