name,website,place_id,city,state
"Epoxy Flooring New York City","https://www.epoxyflooringnewyorkcity.com/","ChIJQSfhvsNFwokRntMUiHU5PiY","New York","NY"
"EPOXYFI NEW YORK HOME IMPROVEMENT LLC","https://www.epoxyfi.com/","ChIJZ3kDUfVxaQoRmJrMBw959PA","New York","NY"
"Manhattan Epoxy Co.","https://manhattanepoxyco.com/","ChIJ52qLCRhawokRWwEdmj_NC6U","New York","NY"
"DUOMIT Flooring Inc","https://duomit.com/","ChIJQ0CcCoqzw4kRLg0JUgr5NG4","New York","NY"
"XPS Xpress - NYC Epoxy Floor Store","https://www.xpsnewyorkcity.com/?utm_campaign=gmb","ChIJS8KoCpv5wokRLnovRWqjQts","New York","NY"
"Upstate Epoxy Floor Coatings","https://www.upstateepoxyfloorcoatings.com/","ChIJq1GhyC8P3okRDGoh4tR8Olg","New York","NY"
"Buffalo Concrete Coatings","http://buffaloconcretecoatingswny.com/","ChIJWWYpTvkL04kRCCo4OoOLq38","New York","NY"
"Apollo Concrete Coatings","https://www.apolloconcretecoatings.com/","ChIJyxwAiOFz3okRkDcnDJn0T9Q","New York","NY"
"Incredible Concrete Coatings, LLC","https://incredibleconcretecoatings.com/","ChIJz66RtlRR3YkR7vHs1UnYEjE","New York","NY"
"Stardust Concrete Coatings Inc.","http://stardustcoating.com/","ChIJQ21S9Cc36IkRXgX807QxdDA","New York","NY"
"Southside Concrete Polishing","https://ssconcretepolishing.com/?utm_source=gmb","ChIJuxAcxhZawokRiSmKOnoFj3o","New York","NY"
"Concrete Makeover","https://www.theconcretemakeover.com/","ChIJpabb7sKzw4kRxHIHfEwtVXc","New York","NY"
"Concrete Polishing New York","http://concretepolishingny.com/","ChIJPWn_f9R6wokRZo8k8lkIb0Y","New York","NY"
"Top Epoxy Flooring","https://topepoxyflooring.com/","ChIJrTFrh2SZwoARxDq4dx3-jh0","Los Angeles","CA"
"Top Epoxy Floors","http://topepoxyfloors.com/","ChIJ2xVrwfDBEI0Rf7MR1nOOWVo","Los Angeles","CA"
"SunPro Epoxy Flooring Concrete & Garage Floors Painting, Coating & Polishing","http://sunproepoxyflooring.com/","ChIJ_yGBYXrbwoARn-mB6480cYk","Los Angeles","CA"
"Epoxy Floor Pros","http://www.epoxyfloorpros.us/","ChIJkfSVF79q1ikRKLgN-Oej_7s","Los Angeles","CA"
"All Star Epoxy And Paint","https://allstarepoxyandpaint.com/","ChIJz5g0vmYTuKMRkc52OZuzoug","Los Angeles","CA"
"Pearl Epoxy Flooring","https://www.pearlepoxyflooring.com/","ChIJ64UFRBHZwoAR3RJg06yUz90","Los Angeles","CA"
"Epoxy Spot - a Chromology Calofornia USA","https://www.epoxyspot.com/","ChIJ0RLuHVPZwoARLovkkQ3Tf_o","Los Angeles","CA"
"Garage Floors 1 Day","http://www.garagefloors1day.com/","ChIJ2Z7m17Lp3IARiTCeNHqz1ew","Los Angeles","CA"
"Aaron's Pro Flooring","https://aaronsproflooring.com/","ChIJJ3GuKkm5woARQlRmruAkF-E","Los Angeles","CA"
"Expert Surfacing","https://expert-surfacing.com/","ChIJF0DjDxW-woARw51X32BiMzI","Los Angeles","CA"
"Concrete Coating Specialists, Inc.","https://www.orangecountydecorativeconcrete.com/","ChIJyd-4acjW3IARCxswgG4NAVE","Los Angeles","CA"
"LA Concrete Works","https://www.laconcreteworks.com/","ChIJnXcKmMadwoARSRBiiu1Bh_I","Los Angeles","CA"
"Floor Epoxy in Chicago","http://www.epoxyman.com/","ChIJS4PD1F9SDogRdoj8Q8-MdYU","Chicago","IL"
"Creative Coatings","https://www.creativecoatings.us/","ChIJR80ZAyqLDogRev3iLxAMM6Y","Chicago","IL"
"Epoxy Floor Solutions","http://epoxyfloorsolutions.com/","ChIJf_Iey0zQD4gRw_VkIYUrGPc","Chicago","IL"
"American Floor Coatings","https://americanfloorcoatingsfl.com/","ChIJu29oen5XDogRFNLWG6UeqWw","Chicago","IL"
"Encore Concrete Coatings","http://www.encoreconcretecoatings.com/","ChIJt1SQrS4JD4gRLkm4YOd2otc","Chicago","IL"
"XPS Xpress Chicago","https://xtremepolishingsystems.com/pages/chicago-il","ChIJ5ad761_9DogRmMeDwyYAI6g","Chicago","IL"
"TORQ Coatings","https://www.torqcoatings.com/","ChIJwaeHpwenD6sRtMlejkNTUp0","Chicago","IL"
"Industrious Garage LLC","http://www.industrious-garage.com/","ChIJd11VxkKxD4gR475F7mZWi90","Chicago","IL"
"GarageExperts of Chicagoland","https://www.garageexperts.com/chicagoland/","ChIJWUqv27VTDogRmmCBsIHL_gs","Chicago","IL"
"Garage Flooring Experts","https://garagesolver.com/","ChIJ8ePPxC0JD4gRWf280O6_3Ro","Chicago","IL"
"Matrix Coating Solutions","http://www.matrixcoating.com/index.php","ChIJXwMS2lT-DogR_8lIV8wAZyE","Chicago","IL"
"American Garage Floor Systems","http://www.agschicago.com/","ChIJa_i494gKD4gR3cCCRH3z1bk","Chicago","IL"
"Concrete Hero - Leveling & Coatings","https://theconcretehero.com/?utm_source=google&utm_medium=organic&utm_campaign=gbp","ChIJLdRmZ6riDogRURMthtOQk-E","Chicago","IL"
"TSR Concrete Coatings","https://www.tsrconcretecoatings.com/","ChIJi1sv1_eND4gRjNRAobk7b5U","Chicago","IL"
"Two Brothers Coatings, LLC","http://www.2bcflooring.com/","ChIJ36h7v7f9DogRYA_-l5M7vPw","Chicago","IL"
"Alpha Concrete Restoration, Inc","http://www.concretepolishers.us/","ChIJY2yC6F2jD4gR6LJS4oAjYmk","Chicago","IL"
"Midland Concrete Co","http://chicagoconcretesolutions.com/","ChIJwV-kfhUpDogRwNAYBoYFqDM","Chicago","IL"
"XPS Xpress - Dallas Epoxy Floor Store","http://xpsxpressdallas.com/","ChIJTR6pvxQXTIYRqT-89dyTNX0","Dallas","TX"
"Guardian Garage Floors","https://www.guardiangarage.com/","ChIJ79fuqBIpTIYRAufTg0Psn_w","Dallas","TX"
"Diamond Cut Garage Floors","http://www.diamondcutgaragefloors.com/","ChIJtfVcjyM6TIYRyIhehgjc_h0","Dallas","TX"
"Classic Concrete Coatings","https://www.dfwclassiccoatings.com/","ChIJHdxwxJkZTIYRPRiINk6aJyY","Dallas","TX"
"Dallas Epoxy Pros","http://www.dallasepoxypros.com/","ChIJuwRPHmQPTIYRy0_LYMAazxQ","Dallas","TX"
"Epoxy Floors Texas","https://www.epoxyfloorstexas.com/contact-us/","ChIJAQAwqrYsR4YRel8Gslm8p3A","Dallas","TX"
"Greathouse Custom Epoxy","https://greathousecustomepoxy.com/","ChIJWcy-N3jLTYYRc0UganyrbRA","Dallas","TX"
"FDC Coatings","https://www.fdccoatings.com/","ChIJgTUFEX8tTIYReo2H4cNszvw","Dallas","TX"
"The Garage Floor Company Arizona","https://www.thegaragefloorco.com/phoenix-az/#/","ChIJ5WRF_2KxK4cR3E1B4tYcIho","Phoenix","AZ"
"Quick Response Floor Coatings","https://www.quickresponsefloorcoatings.com/?utm_source=google&utm_medium=organic&utm_campaign=gmb","ChIJP0G30AJvK4cRONR9vy5qd0I","Phoenix","AZ"
"Galaxy Concrete Coatings of Phoenix","https://www.galaxyconcretecoatings.com/arizona/phoenix/?utm_source=GMB-Phoenix&utm_medium=organic","ChIJ2RBDeQUJK4cRLfxLdYx0cbY","Phoenix","AZ"
"East Valley Floor Coatings LLC","http://eastvalleyfloorcoatings.com/","ChIJRXTakjqvK4cRUuPDz0XZIcI","Phoenix","AZ"
"Armor-Kote Garage Floors","https://envymygarage.com/?utm_source=google&utm_medium=organic&utm_campaign=gbp","ChIJXeqCntgOK4cRNnZhYvogkvM","Phoenix","AZ"
"Your Garage Cave LLC","https://www.yourgaragecave.com/","ChIJ2-l_OCNdK4cRwS47SoMVFws","Phoenix","AZ"
"E2U Store Phoenix","https://phoenix.e2u.com/","ChIJm8-ZdUEPK4cRRlkDD0zRTyA","Phoenix","AZ"
"Valley Concrete Coatings and Polishing","https://www.thevalleycoatings.com/","ChIJYVUBT2NPWK8Rec6ioXgezxM","Phoenix","AZ"
"E2U Corporate & Manufacturing","http://e2u.com/","ChIJnVEQz3PW3IARutBnWwn8nnM","Phoenix","AZ"
"PolyXtreme Coatings","https://polyxtremecoatings.com/","ChIJBbDJbkivny4ROBhuUrxgi-k","Phoenix","AZ"
"Garage Flooring 2Day","https://www.garageflooring2day.com/","ChIJPYCEIFp5EmYRCCjG1GxEv7M","Phoenix","AZ"
"Atlantic Concrete Coatings Inc","https://www.atlanticconcretecoatings.com/","ChIJUSac3CRvK4cRwlYvhUQ5ekA","Phoenix","AZ"
"Viking Concrete Coating","https://www.vikingconcretecoating.com/","ChIJlzHDVvl1K4cRuUBjEkAYW0k","Phoenix","AZ"
"Prestige Protective Coatings","https://prestigeprotectivecoatings.com/","ChIJE-ja9VVvK4cRW9mobPiX4qM","Phoenix","AZ"
"Casper's Concrete Contractors","https://phoenixconcreting.com/","ChIJ9cGZ6p1zK4cRqqn3i1YRNuQ","Phoenix","AZ"
"Iron Seal Coatings","https://ironsealcoatings.com/?utm_campaign=gmb&utm_medium=gmb&utm_source=google","ChIJvRQXtpN6E0YRHaN0tW3Vseo","Phoenix","AZ"
"Epoxy Floors Houston","https://www.epoxyfloorshouston.com/","ChIJfbe6GiMoR4YRafoggURjZqo","Houston","TX"
"Epoxy Technology Coatings E-TECH","https://epoxytechhouston.com/","ChIJny2rZlAhQYYR8Ln_sFYNMzY","Houston","TX"
"Epoxy Garage Floors Montgomery","https://epoxy-garage-floor.com/","ChIJE7e0auQjR4YRCI8aoS_J8yc","Houston","TX"
"GS Epoxy","https://gsepoxy.com/","ChIJZ1aEVd4nQYYRIQXA8gOtlbI","Houston","TX"
"Xpedite Coatings Since 2008","https://xpeditecoatings.com/","ChIJp3jQzkjEQIYRMmBzOWqHxnI","Houston","TX"
"Floortek Concrete Coatings","https://floortekcoatings.com/","ChIJYRPVwwfRQIYRdnj8XQb6FD0","Houston","TX"
"Resilient Concrete Coatings","https://www.resconcretecoatings.com/?utm_source=google&utm_medium=organic&utm_campaign=listing","ChIJgyQoHOQQw2cR6jT-V_Rl87Y","Houston","TX"
"Specialty Concrete Coatings of Texas","http://www.sccot.net/","ChIJQ4DrhRjRQIYRek-N4r5UUH0","Houston","TX"
"SUNDEK of Houston","https://www.sundekhouston.com/","ChIJ6YAN7XfXQIYRlXuuUByqxS4","Houston","TX"
"Suncoat of Texas LLC","https://suncoatoftexas.com/","ChIJH1pGKtDERIYRyuhHTf9hV8A","Houston","TX"
"Superior Epoxy Coatings","https://epoxyall.com/","ChIJ_S9C2jJlhYARxz_I4E3rjJ8","San Francisco","CA"
"Bay Area Epoxy, Waterproofing & Roofing Supplies","https://bayareaepoxywholesale.com/","ChIJpzZxbeSRj4AR88GOtGn-Vdw","San Francisco","CA"
"Epoxy Plus","https://epoxy.plus/","ChIJ2XxuLBzzj4ARVGTKXZPfygk","San Francisco","CA"
"San Jose Epoxy","https://www.sanjoseepoxy.com/","ChIJR1vaNsWck4URt778vD_XKpY","San Francisco","CA"
"Property Channel Flooring","https://www.propertychannelflooring.com/","ChIJGREUUzOD-SERtSVT7kc6dvg","San Francisco","CA"
"Ross Concrete Coatings, a division of Ross Painting","https://www.rossconcretecoatings.com/","ChIJ9x-w4gVx7w0Rl-TofYS3aX0","San Francisco","CA"
"West Coast Epoxy","https://westcoastepoxy.com/","ChIJoVqnEOffmoAR3EIlPJrr22k","San Francisco","CA"
"California Custom Coatings","https://californiacustomcoatings.com/","ChIJZwWy7HXdmoARo2LzwPLAoO8","San Francisco","CA"
"Kingdom Concrete San Francisco","https://www.kingdomconcretesf.com/","ChIJZyMy3fJ_j4ARBeD_QWv56W4","San Francisco","CA"
"The Crew Concrete & Masonry","http://www.thecrewservices.com/The-Crew-Concrete-Masonry-San-Francisco.html","ChIJIzqk4_d9j4ARnUaXVuZxqAU","San Francisco","CA"
"Liquid Coating Designs, Inc.","http://www.liquidcoatingdesigns.com/","ChIJwYQFkwfpj4AR6Ft0d9_TACQ","San Francisco","CA"
"Ultra Construction","https://ultraconstructionsf.com/","ChIJFVokz1N5j4ARxt7hiedao7g","San Francisco","CA"
"Decorative Concrete Restoration","https://decorativeconcreterestorations.com/","ChIJG6YhbZ-Vj4AR5AHASk3Hctg","San Francisco","CA"
"Concrete Polishing & Epoxy Flooring-Stellar Surfaces","http://www.stelr.com/?utm_source=google&utm_medium=organic&utm_campaign=gbp-listing","ChIJMdctaBQh3YAR1vl5AdfkoKk","Santa Ana","CA"
"ASTC POLYMERS","https://astcpolymers.com/?utm_source=google&utm_medium=gbp&utm_campaign=gbp","ChIJsfLz3bzY3IARuaiSfd39wNw","Santa Ana","CA"
"Good Construction Services","http://www.goodconstructionservices.com/","ChIJcVd6phff3IAR_IiR_lmQ6R4","Santa Ana","CA"
"Bulldog Garage Products","http://www.bulldoggarageproducts.com/","ChIJi_yMLpPp3IAR-nAGnn7RvGk","Santa Ana","CA"
"Floor & Decor","https://www.flooranddecor.com/store/santa_ana/CA/92705/129?utm_source=gmb&utm_medium=organic&utm_campaign=dsg_santa_ana","ChIJ8en-jbPe3IARRcMYQOJfSc4","Santa Ana","CA"
"U.S. Resin Supply - Anaheim, California","https://usresinsupply.com/","ChIJO5hf06PX3IARfEyPbpo4UW0","Santa Ana","CA"
"Only Wood Floors / Refinish Wood Floors","http://www.onlywoodfloors.net/","ChIJPfhp66fX3IAR-NpFYLtTuBM","Santa Ana","CA"
"EverLine Coatings and Services - Irvine and Orange County","https://everlinecoatings.com/us/ca/irvine/?utm_source=GMBlisting&utm_medium=organic","ChIJmRB9X9wnYYIRx3_rarpkeDM","Santa Ana","CA"
"Concrete Coating Specialists, Inc.","http://www.sandiegodecorativeconcrete.com/","ChIJMWoAvpn_24AR3DGprz5KZL4","Santa Ana","CA"
"Concrete Placement Inc.","https://concreteplacementinc.com/","ChIJC_qV2QzZ3IARUSMlVnBeJHI","Santa Ana","CA"
"Coatings Hub NorCal","https://coatingshubnorcal.com/","ChIJVVWVLHzMj4AR0WG00MKYHWQ","San Jose","CA"
"Heavenly Touch Stone Care","https://heavenlytouchstonecare.com/","ChIJHZ-BzbQvjoARg4UXDyN6gHA","San Jose","CA"
"Exclusive Resins - Epoxy Supply and Installation","https://exclusiveresins.com/","ChIJk-B8yv88e4oRgkD9FXBiUpk","San Jose","CA"
"VM FLOORING","https://vmflooringandmore.com/","ChIJ05qtQurKj4ARPMjjKgH2oJo","San Jose","CA"
"Garage Lions","https://www.garagelions.com/","ChIJlVf_wtTLj4ARAzGTV4m7_W8","San Jose","CA"
"Nor-Cal Industrial Floors Inc","http://norcalfloors.com/","ChIJ9eMxRnrMj4AR5gNLw5TyYak","San Jose","CA"
"Floor Depot","https://www.floordepot.us/","ChIJ0-H4N_TLj4ARpNqmeuCTwWI","San Jose","CA"
"Garage Force of Modesto","https://modesto.garageforce.com/","ChIJXWtZcy5RkIAR1QGBt5pisXg","San Jose","CA"
"S & S Renovations","http://www.ssrenovations.com/","ChIJnyrfUfYwjoARBk6Lao01924","San Jose","CA"
"San Jose Concrete Contractor Pros","https://www.sanjoseconcretecontractorpros.com/","ChIJ6VGH1A0zjoARGmsvRQU1VMw","San Jose","CA"
"Concrete Builders of San Jose","https://concretebuilderssanjose.com/","ChIJfcPBeJHNj4AR0Xw0k1oRsDQ","San Jose","CA"
"Specialty Performance Flooring","http://spfepoxy.com/","ChIJ6WeCRxyr2YgRPgEz-IfjHbE","Miami","FL"
"Exclusive Epoxy Coatings","https://exclusiveepoxycoatings.com/?utm_source=google&utm_medium=organic&utm_campaign=gmb-listing","ChIJz08JHJcApUARAEph1d1sqrA","Miami","FL"
"XPS Xpress - Miami Epoxy Floor Store","https://xpsxpressmiami.com/?utm_campaign=gmb","ChIJSbvsRGa52YgRIjWCddVCVqc","Miami","FL"
"Ascent Epoxy Fort Myers","https://www.precisionepoxyfortmyers.com/","ChIJ22nNtjdB24gRbCGby2KEODg","Miami","FL"
"Dura Bond Co","http://www.durafloor.com/","ChIJsSJrUK222YgR3rH_y3NxrHM","Miami","FL"
"Garage Floors of South Florida","http://garagefloorsofsouthflorida.com/","ChIJI0luK4JByWAR11CkvfQlw-o","Miami","FL"
"Lugo Painting & Restoration","http://www.lugopainting.com/","ChIJ35luZqO32YgREBcvKYGYiL4","Miami","FL"
"Boston Garage","http://www.bostongarage.com/","ChIJ61cm6dGf5IkRnVewSdn_dx0","Boston","MA"
"Epoxy Floors Boston","http://epoxyfloorsboston.com/","ChIJ_3w0Ich744kRyGnlrRLb2_U","Boston","MA"
"USA Epoxy of New England LLC","https://usaepoxyne.com/","ChIJi2VKEjeN5IkRBkqVU_RiSbY","Boston","MA"
"Cape Epoxy-Boston","https://capeepoxy.com/locations/boston/","ChIJ8WPpkzAT44kRfnv2Y4DpXU4","Boston","MA"
"Alto Boston Epoxy Floors","https://altoboston.com/","ChIJT3CEOtcX44kRjQZOFuRCEE8","Boston","MA"
"XPS XPRESS BOSTON","https://www.xpsxpressboston.com/","ChIJ-RFnZRAL5IkRRDzDM4KJgts","Boston","MA"
"LionStone Concrete Coatings","https://www.lionstonefloors.com/","ChIJ_VZflNvB5okRVcEzcfIYYOE","Boston","MA"
"Next Level Concrete Coatings","http://onedayfloor.com/","ChIJ3046cg2h5IkRzldwSAk9Q6Q","Boston","MA"
"Black Bear Seamless Flooring","https://www.blackbearconcrete.com/?utm_medium=search&utm_source=google&utm_campaign=googleprofile&utm_content=local","ChIJR7slr-vm44kRTT3RZZ7_VUk","Boston","MA"
"Iconic Epoxy Flooring","https://www.iconicepoxyflooringma.com/","ChIJVUq9oMup44kRPc8VnzchNoM","Boston","MA"
"Donlon Coatings, Inc.","http://donloncoatings.com/","ChIJRTQIwdd044kR9c3cUhBcSLw","Boston","MA"
"Boston Stamped Concrete Experts","https://bostonstampedconcreteexperts.com/","ChIJQzNfjst744kRUPlWXxf2ycQ","Boston","MA"
"Topcoat Services USA","https://topcoatservices.com/","ChIJ3aM05Jo0-4kR5KKsILD9tFw","Boston","MA"
"La Mesa Flooring Company","https://lamesaflooring.com/","ChIJARhuBkBX2YARVU_XpdZ5Crw","San Diego","CA"
"Innovative Concrete Surfaces","https://www.icsurfaces.com/","ChIJs01D3aT19QQR-hEEbuJQyW8","San Diego","CA"
"Beach Cities Coatings","https://beachcitiescoatings.com/","ChIJN0sQ6Y0B3IARGgciabU-az8","San Diego","CA"
"True Champions Construction, Inc.","http://www.championcoatings.net/","ChIJZ5-66ZSq3oARqxo7CZdbgFo","San Diego","CA"
"PCS - Preferred Coating Supplies","http://www.preferredcoatingsupplies.com/","ChIJYwpu4wt13IAR0bFM5yehuiY","San Diego","CA"
"Concrete Driveway San Diego","https://www.concretedrivewaysandiego.com/","ChIJXSuyl67-gGkRMmsWjzabbKc","San Diego","CA"
"Epoxy Colorado","https://epoxycolorado.com/?utm_source=gmb&utm_medium=organic-traffic&utm_campaign=loveland-gmb","ChIJ7W7EDhNTaYcRHPHofB18e9Q","Denver","CO"
"Denver Floor Coatings & Out Of Sight Cabinets","https://globalgarageinc.com/","ChIJdx1MEgCGbIcRGS75IpQhAqA","Denver","CO"
"Denver Floor Coatings, Inc.","http://www.denverfloorcoatings.com/","ChIJExamNDaGa4cRj49rKi-6BUI","Denver","CO"
"Concrete Floor Systems","http://www.concretepolished.com/?utm_source=GMB&utm_medium=Website&utm_campaign=CFS","ChIJM286f-p_bIcRs2xNDgBv940","Denver","CO"
"Troyer Concrete Coatings","https://www.troyerconcretecoatings.com/","ChIJp6l-YhLBomARrcFbXc26y2Y","Denver","CO"
"Colorado Diamond Contracting","https://coloradodiamondcontracting.com/","ChIJR61sBwwaiCkRx5IZcspdpIA","Denver","CO"
"Word of Mouth Epoxy & Metallic Flooring","https://wordofmouthepoxy.com/","ChIJAxTpRArdJIgRyksaUYw8VIc","Detroit","MI"
"Diamond Coatings Epoxy floors","http://michiganepoxy.com/","ChIJKWN8qBHhJIgRug8FiY3sIzM","Detroit","MI"
"Mi Floor Coatings","https://www.mifloorcoatings.com/","ChIJkRrrQNt2NYsRNaH0qVvOQWA","Detroit","MI"
"NSI Epoxy","http://www.nsipaintingepoxy.com/","ChIJH8W28Re9JIgR_I2IIYP1LHI","Detroit","MI"
"ProTech Concrete Coatings","https://www.protechconcretecoatings.com/","ChIJ0YAToUjmJIgRWMbVZytQZOc","Detroit","MI"
"PolyPro Concrete Coatings - Detroit","https://www.polyprofloors.com/","ChIJ03712fRJO4gR2JNsYhVeu1A","Detroit","MI"
"Cutting Edge Concrete Coatings LLC","https://cuttingedgecoats.com/","ChIJo248n7RcfwQRNuGkZYpWP5o","Detroit","MI"
"Onyx Floor Coatings","https://www.onyxfloorcoatings.com/","ChIJGdNaO2ezJIgRzrzUxiccVMs","Detroit","MI"
"Garage Floor Shield Northwest","http://www.garagefloorshieldnw.com/","ChIJsT40736pmlQRcTiY6oyRToI","Seattle","WA"
"Northwest Concrete Resurfacing","http://www.nwconcreteresurfacing.com/","ChIJdUL57dJBkFQRvMK7LaSeNyg","Seattle","WA"
"5 Star Floor Coatings","https://5starfloorcoatings.com/","ChIJOde7BzBVhVQRS1p3Kt94pmM","Seattle","WA"
"Garage Living","https://www.garageliving.com/seattle/?utm_source=google&utm_medium=organic&utm_campaign=gbp","ChIJVbgMx_EPkFQRffJhRfH-36U","Seattle","WA"
"CAP Concrete Coatings","https://capconcretecoatings.com/locations/concrete-floor-coatings-olympia-tacoma/?utm_source=gbp","ChIJEdWjWk4LkVQR0uhtW8J2rQ4","Seattle","WA"
"Graypaw Concrete Contractors","https://graypawconcretecontractors.com/","ChIJ82prkcdVhVQRvUWaCL5-XX8","Seattle","WA"
"Concrete Restoration, Inc","http://concreterestorationinc.com/","ChIJb7n5xUtAkFQRmLlRee7Mn70","Seattle","WA"
"GP Concrete Contractors","https://gpconcretecontractorsseattle.com/","ChIJRfDV2Z1rkFQRkzOxUUqHIBo","Seattle","WA"
"Norco Epoxy Concrete Coating","http://norcocoatings.com/","ChIJh5eBmIfJ3IAR4YKzhirHo_w","Riverside","CA"
"Epoxy-Rite","https://epoxy-rite.ca/","ChIJH1JDnF0rO4gRc1siWlPnWOQ","Riverside","CA"
"Garage Innovations","https://www.garageinnovations.net/","ChIJ_WrRqjGx3IAR-sOwBrPL_f8","Riverside","CA"
"The Coating Crew","http://www.coatingcrew.com/","ChIJjStiQ4rH94cRlQRouNqrKts","Minneapolis","MN"
"Garage Floors Unlimited LLC","http://gfunlimited.com/","ChIJ__-vKHcW9ocRwTRNhp9Fhbg","Minneapolis","MN"
"Midwest Flooring LLC","https://www.midwestflooringmn.com/","ChIJjyQkCrVIi6ARql4COOJs4gU","Minneapolis","MN"
"Sota Coating, LLC","https://sotacoatingllc.com/","ChIJA6s8LwAzs1IRI5c4jLFijww","Minneapolis","MN"
"Garage Floor Outfitters of Minnesota","https://garageflooroutfitters.com/","ChIJjd_3-Rw99ocRsJFU7Vzd6oA","Minneapolis","MN"
"South Metro Garage Coatings","https://www.southmetrogaragecoating.com/","ChIJcb74yAct9ocRiYkFmzso6nQ","Minneapolis","MN"
"Garage Force of NYA","https://nya.garageforce.com/","ChIJRYgp0Bvt9YcRuN6EWyNQUeg","Minneapolis","MN"
"Superior Garage Floor","https://superiorgaragefloor.com/","ChIJCb5STKnl94cRzQcj867Jt9c","Minneapolis","MN"
"Endless Poxybilities","https://endlesspoxybilities.com/","ChIJkxvMp4pps1IRZ6Bz15lAujo","Minneapolis","MN"
"Concrete Science LLC","https://www.concrete-science.com/","ChIJTUQkF2NPs1IRrsz7JWSE4bc","Minneapolis","MN"
"Xtreme Coatings","https://xtremecoatingsmn.com/","ChIJmdQ_InwlwWURDH2Mgaanlhg","Minneapolis","MN"
"Legacy Concrete Coatings","https://www.legacyconcretecoating.com/","ChIJRW6YGCJf94cR7zOI2x5Ser4","Minneapolis","MN"
"Decorative Concrete Coatings LLC","http://decorativeconcretecoatings.co/","ChIJB_dCzZq8yGwRozqkLjYC9gg","Minneapolis","MN"
"Md Concrete + Epoxy","https://mdconcrete.net/","ChIJ9bgIKCRI9ocRx5fMUFYvX64","Minneapolis","MN"
"ACT Restoration Inc.","https://www.actrestoration.com/","ChIJvzhACMU5s1IR2t1rRx-EEFI","Minneapolis","MN"
"Advantage Coating","https://www.advantagecoating.com/","ChIJXXvGaE0F9ocRumfzEKw6h5c","Minneapolis","MN"
"Dani Mar Concrete & Epoxy","http://www.danimarconcrete.com/","ChIJFepmJfnLslIRRaSY9EHzJJ4","Minneapolis","MN"
"Philadelphia Epoxy Flooring","https://epoxyflooringphiladelphia.com/?utm_campaign=gmb","ChIJv0Vs--DFxokRgSWVZBsFfOM","Philadelphia","PA"
"Epoxy Floor Experts","https://epoxyfloorexperts.com/","ChIJk_RZw4HlxYkR6V6BFdXxmrM","Philadelphia","PA"
"Bull Custom Coatings","https://bullcustomcoatings.com/","ChIJHwYQmnFNwYkRkkGdxUfV9TA","Philadelphia","PA"
"East Coast Floor Coatings - Epoxy Flooring","https://eastcoastfloorcoatings.com/","ChIJdbd-OEYswYkR2v6iaEn510E","Philadelphia","PA"
"A & B Epoxy LLC","http://aandbepoxy.com/","ChIJVVVBXcjlxokRJ6jeMYtmf2M","Philadelphia","PA"
"Concept In Concrete Inc","https://www.philadelphiaconcretefloor.com/","ChIJr8TUUhROwYkR7UnIgOMYT-E","Philadelphia","PA"
"Grasso Services","https://grassoservices.net/","ChIJBSFENC-pxokRWz07VpHFaIY","Philadelphia","PA"
"Prestige Concrete Contractors","https://prestigeconcreteservices.com/","ChIJr5XS7ZC3xokRGzOijqM8x_s","Philadelphia","PA"
"The Concrete Protector of Philadelphia","http://www.theconcreteprotectorofphiladelphia.com/","ChIJf3u9hgfBxokRvogg-4ijtp4","Philadelphia","PA"
"Marcello Family Cement Work","http://allcementwork.com/?utm_source=gbp","ChIJ5wmNeKe2xokR5YfAw9y_txo","Philadelphia","PA"
"Epoxy Co.","https://www.epoxyco.us/","ChIJxXKdmsNnXIYRdMy3A-nTo6A","San Antonio","TX"
"Diamond Topcoat Polished Concrete & Epoxy","http://www.diamondtopcoat.com/","ChIJYaV5kgyyF48R5TSsdZ6LSWA","San Antonio","TX"
"CTF Luxury Coatings","https://ctfluxurycoatings.com/","ChIJha_0NABfXIYR5luw_wJ5Lzs","San Antonio","TX"
"Deluxe Garages","https://deluxegarages.com/","ChIJj7qEtRalXIYR0EJNzQzyYeA","San Antonio","TX"
"Stain Tech","https://staintech.com/?utm_source=google&utm_medium=gbp&utm_campaign=gbp_listing&utm_content=website_button","ChIJRa2KCGmJXIYR-zIQHvlCvJo","San Antonio","TX"
"Sundek of San Antonio","https://www.sundeksanantonio.com/","ChIJHZo3tYeJXIYR1IpzDTf67vk","San Antonio","TX"
"Custom Concrete Solutions","https://www.customconcretesolutionssa.com/","ChIJc1izwkCSXIYRe8SWfEj-ti4","San Antonio","TX"
"Stain Concepts","https://www.stainconcepts.com/","ChIJb1db5U9fXIYRXi0Z8y60r9E","San Antonio","TX"
"ED Concrete Contractors of San Antonio","http://edconcretecontractors.com/","ChIJWRv0eoiJXIYRTlTQfqUmdmQ","San Antonio","TX"
"Amazing Garage Floors Kansas City","https://amazinggaragefloors.net/","ChIJ-_dDjoC-wIcRxyIcIKFerZo","Kansas City","MO"
"Treadwell Epoxy Flooring + Polished Concrete Kansas City","https://wetreadwell.com/","ChIJFXqCZ07rwIcRN5SI6EJeh2U","Kansas City","MO"
"Onyx Luxury Epoxy","https://www.onyxluxuryepoxy.com/","ChIJt2gA8KnrwIcR4cuISAEthrE","Kansas City","MO"
"Speedy Concrete Coatings","https://www.speedyconcretecoatingskc.com/","ChIJEaGKv4O_wIcRwKCa-BLVvm4","Kansas City","MO"
"Artistic Flooring Solutions, LLC","http://artisticflooringsolutions.com/","ChIJGZuEMoLbwIcRd5-tlw5iPds","Kansas City","MO"
"Garage Force of Kansas City & Lawrence","https://kansascity.garageforce.com/","ChIJLZXx9Qdvv4cRcutQyMmAi5s","Kansas City","MO"
"PolyMagic","https://www.polymagic.com/","ChIJPSpbce3dwIcRO7-lfkP3Urw","Kansas City","MO"
"Pro Concrete Design","https://proconcretedesign.com/","ChIJY9qunJvjwIcRl1DjfmwUvnE","Kansas City","MO"
"Mix-Rite Concrete Coatings","http://www.mixriteconcretecoatings.com/","ChIJF6mSiQEhwYcRg2G-YKlQKvc","Kansas City","MO"
"EverLevel Concrete Repair","https://www.everlevelconcrete.com/","ChIJ__9vevnvk4cRuldskMp1mPw","Kansas City","MO"
"Sacramento Epoxy Floors Co","https://sacramentoepoxyfloorsco.com/","ChIJjUk5q83ZmoARFJjs08JHG50","Sacramento","CA"
"Platinum Epoxy Designs LLC","https://www.platinumepoxydesignsca.net/","ChIJtXRlqD4Zm4AR9fIbnjwd9GM","Sacramento","CA"
"Garage Force of Sacramento","https://sacramento.garageforce.com/","ChIJSRGmUInnmoARHDcd-YZw4Ng","Sacramento","CA"
"What It Takes Coating Supplies","http://www.whatittakessacramento.com/","ChIJD0DYaH3XmoAR7UYRhgcGY4M","Sacramento","CA"
"Renova Concrete Designs","http://www.renovaconcrete.com/","ChIJ2VZZidbbmoARVcWrQPW3SsU","Sacramento","CA"
"Sacramento Concrete Contractors","https://sacramentoconcretecontractors.com/?utm_source=google&utm_medium=gmb&utm_campaign=organic+gmb+click&utm_id=ads","ChIJHSKMt2nRmoARtVi3n-8W8FU","Sacramento","CA"
"Innovative Concrete Solutions","https://www.sacramentoconcretesolutions.com/","ChIJP3bCG6vlmoARvwIkpOiZay0","Sacramento","CA"
"CA Pro Concrete","https://www.caproconcrete.com/","ChIJfUjavsvamoARqZP4X08swEs","Sacramento","CA"
"Concrete Contractors Sacramento","http://concretecontractorsacramento.com/","ChIJDVXu_57ZmoARjWcgSlxiwuQ","Sacramento","CA"
"Otto Concrete","http://www.ottoconcrete.com/","ChIJhUv245DgmoARezYOqHjOkEI","Sacramento","CA"
"Spray Tech Systems Inc.","http://www.stscorp.biz/","ChIJ6bAnQvnnmoAR6mSgRoux54o","Sacramento","CA"
"Dynasty Epoxy Indianapolis","http://www.dynastyepoxy.com/","ChIJdzWoEPHAGwURg1HAtRqgspQ","Indianapolis","IN"
"ARQ Floor Coatings","https://www.indianapolis.arqcoatings.com/","ChIJucUL5rivFIgRfG11rK1xsos","Indianapolis","IN"
"Hoosier Industrial Coatings","http://hoosieric.com/","ChIJPwaKPTlva4gReYhcbJZMP68","Indianapolis","IN"
"Surface Solutions, Inc.","http://www.surfacesolutionsusa.com/","ChIJcQfQroaqbIgRL08EKS8h14U","Indianapolis","IN"
"Sullivan's Concrete Coating","https://www.sullivansconcretecoating.com/","ChIJVfxplGT7a4gR-zg9vdpLvlg","Indianapolis","IN"
"Quality Concrete Construction","https://qualityconcreteconstructionllc.com/","ChIJq3S_YqupbIgRR5HNBXI1qKQ","Indianapolis","IN"
"Complete Coatings NW","http://www.completecoatingsnw.com/","ChIJe7OuPSYlQkwRhM0FILrzepU","Portland","OR"
"Palmer's Concrete Coatings","https://www.palmersconcretecoatings.com/","ChIJr55Rk2mblVQRcgvgo_Q0ZNI","Portland","OR"
"Colonial Service","https://www.colonialservice.net/","ChIJyf6EyJColVQRONyccW_vsGc","Portland","OR"
"Austin Epoxy Floor Coating","https://www.austinepoxyfloorcoating.com/","ChIJ33_8Rg9LW4YRW2JcvdR_lL4","Austin","TX"
"Epoxy Floors Austin","https://westech4epoxyfloorsaustin.com/","ChIJlVK7Bg9NW4YRFeblhivdPTA","Austin","TX"
"Texas Tough Tops Austin Epoxy","http://www.texastoughtops.com/","ChIJtzobgGFJW4YRxJem-nK7R9M","Austin","TX"
"Formula Concrete Coating Austin","https://concretecoatingaustin.com/","ChIJ45uNs7lLW4YR0qnGxyb_s7Y","Austin","TX"
"Artcrete Designs - Epoxy Floors, Polished & Stained Concrete | Austin","http://www.artcretedesigns.com/","ChIJ7-eVm_fLRIYR9D_c30nDnHY","Austin","TX"
"Heritage Floor Coatings","https://www.heritagefloorcoatings.com/","ChIJ7YORUYlR12sRgsP0wSNWjPg","Austin","TX"
"Capital City Flooring Austin","http://www.ccfloorsaustin.com/","ChIJY2c0McjLRIYR6aVJ5F1xngs","Austin","TX"
"MD Concrete Creations","https://mdconcretecreations.com/","ChIJyXNiXSUMrwgR7CQMZGraFb8","Austin","TX"
"Sundek of Austin","https://www.sundekaustin.com/","ChIJAQtZ7fLLRIYR42gnF1ntNNA","Austin","TX"
"King Kong Coatings","https://kingkongcoatings.com/areas-we-serve/concrete-coating-temple/","ChIJ9RNyYlRtRYYRKFbVOiskm4o","Austin","TX"
"Sanchez Coatings","https://www.sanchezcoatings.com/","ChIJe4jatefFRIYRZFxNy4tt2FY","Austin","TX"
"Prime Concrete & Concepts","http://www.pccatx.com/","ChIJFeuqXJZXW4YRkZxarqkwdNc","Austin","TX"
"Dominion Coatings","http://www.dominioncoatings.com/","ChIJPe_BOe69uokRxNeXXbL4d-E","Virginia Beach","VA"
"Creative Epoxy Concepts","https://creativeepoxyconcepts.com/","ChIJ_2BQNwN1sYkRPSzcnQFqN7s","Virginia Beach","VA"
"Distinguished Designs","https://ddconcrete.net/","ChIJfQODX4W8uokR3-qNjfKRFOo","Virginia Beach","VA"
"Epoxy Systems","http://www.epoxysystems.net/","ChIJ5bmprYoSsYkRYtZdvNN-AAk","Virginia Beach","VA"
"Dominion Coating Tools & Equipment","http://dominioncoatingtools.com/","ChIJa5mseUGpuokRL60tVMwSdXw","Virginia Beach","VA"
"Top Floors","https://www.mytopfloors.com/","ChIJx4v5ReuVuokR89HGzrh990I","Virginia Beach","VA"
"PRO FLOORS","https://profloorsva.com/","ChIJZTujU_yMbEgRykRyZm24SWQ","Virginia Beach","VA"
"The Floor Trader","https://www.floortraderofvirginia.com/","ChIJt7MA-QjAuokRO7UuPa0FxAU","Virginia Beach","VA"
"Reap Industries Floor covering","http://www.reapindustries.com/?page_id=9","ChIJNapzuTHquokRYYMPOHNOtPI","Virginia Beach","VA"
"Ultimate Garage Floors","https://www.ultimategaragefloorsva.net/","ChIJbfQ9IZzptYkRp_dEVcxzF0g","Virginia Beach","VA"
"Garage Force of Richmond West","https://richmondwest.garageforce.com/","ChIJSQX0QszZQ6gRHMc5lVIQR1U","Virginia Beach","VA"
"Williams Stamped Concrete & Resurfacing","http://virginiabeachvaconcrete.com/","ChIJvZhhh8GVuokRbTr3dCX5S2w","Virginia Beach","VA"
"Concrete Virginia Beach | Stamped Concrete Virginia","https://www.concretevb.com/","ChIJ_3BX3d-ZuokRj-MYlpOX95I","Virginia Beach","VA"
"AHV Contractor, LLC","https://www.ahvcontractorllc.com/","ChIJQZ0XGEyVuokRkW614WNV3kA","Virginia Beach","VA"
"Sundek of Tidewater","https://www.sundekoftidewater.com/","ChIJye90bFKFuokR4BPxAY43K3Q","Virginia Beach","VA"
"United Floor Coatings","https://www.unitedfloorcoatings.com/?utm_source=google&utm_medium=organic&utm_campaign=gbp","ChIJtZtWPJqfVogRQwH7V_mKEGs","Charlotte","NC"
"V&V Epoxy Solutions LLC","https://vvepoxysolution.com/?utm_source=omg-gbp&utm_medium=webclick","ChIJlYEIPdU7VIgR67AtRwlVleg","Charlotte","NC"
"Garage Force of Greater Charlotte","https://greatercharlotte.garageforce.com/","ChIJJZ00TzmDVogRhNwb4vVZ_Bw","Charlotte","NC"
"Renuity","https://renuityhome.com/north-carolina//?utm_source=gmb&utm_medium=Yext&y_source=1_NjY1MDE5MjMtNzE1LWxvY2F0aW9uLndlYnNpdGU%3D","ChIJjW4CgRgFVIgRdahYCTQxOOM","Charlotte","NC"
"Spartan Concrete Coatings","http://www.spartanconcretecoatings.com/","ChIJf88lhCoFVIgRDJclW5a5I_A","Charlotte","NC"
"Carolina Custom Garages","http://www.carolinacustomgarages.com/","ChIJc-iPmA4gVIgRsn5yyDWyU2Y","Charlotte","NC"
"Bullseye Concrete Coatings","https://www.bullseyeconcretecoatings.com/","ChIJy4IMOFaNVogRgtSiWucsTMQ","Charlotte","NC"
"Rhino Concrete","https://rhinoconcretenc.com/","ChIJ0Z9lya4dVIgRbPlu9lM6DLA","Charlotte","NC"
"Fastlane Coatings","http://fastlanecoatings.com/","ChIJYbO1QozByIARPWsBaKluOhk","Las Vegas","NV"
"The Concrete Protector","https://theconcreteprotector.com/","ChIJz7IISlDnyIARvJO-km680VM","Las Vegas","NV"
"Desert Polymer Flooring - Las Vegas","https://desertpolymerflooring.com/?utm_source=google&utm_medium=gbp&utm_campaign=lasvegas","ChIJ17qVLRHJyIARxt49UYiYYwM","Las Vegas","NV"
"Concrete Texturing","https://ctvegas.com/","ChIJGXvAVtCSyIARb8YY5Aq8zh8","Las Vegas","NV"
"WESTDECK CONCRETE COATING","http://westdecklv.com/","ChIJCxqVNfXCyIARj9039GRjEKM","Las Vegas","NV"
"Premier Coatings","https://www.premiercoatingsnv.com/","ChIJY2JFA0HByIARpylnS4ecR9o","Las Vegas","NV"
"Centurion Concrete Contractors - Las Vegas","https://centurionconcretelasvegas.com/?utm_source=googlebusinessprofile&utm_medium=organic&utm_campaign=Google+Business+Profile","ChIJg4jc8tfFyIARyQP9BYle88s","Las Vegas","NV"
"Concrete Diamond Polishing Innovations","https://cdpilv.com/","ChIJn5TuFoTGyIARQaQCY_WXysA","Las Vegas","NV"
"Decorative Concrete Supply (South)","https://dcslv.net/","ChIJExV6YxPGyIAR2wN-P_DP9nA","Las Vegas","NV"
"Titan Garage Flooring Solutions","https://titanflooringapplications.com/georgia?utm_source=Organic%20Search&utm_medium=GBP&utm_campaign=GBP","ChIJLY77QHd19YgRMNyZvqkJ2-U","Atlanta","GA"
"1080 Floor Coating","https://www.1080floorcoating.com/","ChIJ6WGrExXr9IgRoHXzc19xsXA","Atlanta","GA"
"Khays Services","https://www.khaysservices.com/","ChIJK4RnNawR9YgRzohIuXfFoY8","Atlanta","GA"
"Rejuvenate Flooring","http://www.rejuvenateflooring.com/","ChIJA6OByRID9YgR4FdLdkZHx5A","Atlanta","GA"
"Garage Expressions","https://garageexpressions.com/","ChIJHb-Eqp-w9YgRnZIRux_aTn4","Atlanta","GA"
"Garage Force of North ATL Metro","http://northatl.garageforce.com/","ChIJteETNZd3sg4RoGXGrgdEyFw","Atlanta","GA"
"Valen Concrete Coatings","https://valenconcretecoatings.com/","ChIJxxRrGcNd9IgRkOkipB2NaZM","Atlanta","GA"
"Ninja Concrete Coatings","https://www.ninjacoatings.com/","ChIJl-YDursV9YgRaQRfoLTLDUI","Atlanta","GA"
"Concrete Resurfacing Products, Inc.","https://www.concreteupgrades.com/","ChIJvYDxUpKX9YgRVBCs2ZlKsfs","Atlanta","GA"
"Robles Concrete Services","https://roblesconcreteservices.com/","ChIJGZNL1yKR9YgRJGc1EpAe0YE","Atlanta","GA"
"Shark Coatings","https://sharkfloorcoatings.com/","ChIJ7UwOpcLL5YgRoUOcJ4KostI","Atlanta","GA"
"Epoxy Floor Coating DMV","https://www.epoxyfloorcoatingdmv.com/","ChIJ_e2nLTnJt4kRD4XxS3S-3bA","Washington","DC"
"Artistic Hardwood Floors","http://artistichardwoodfloors.com/","ChIJXdrC0_nHt4kR1i9lHHqOiZc","Washington","DC"
"Elegant Floor Services","https://www.elegantfloorservices.com/","ChIJBeb-hNPIt4kRef84A-uSyXI","Washington","DC"
"Scott Decorative Concrete, LLC","http://www.washingtonstampedconcrete.com/","ChIJyZ-62_63t4kRphaKMQjy1ME","Washington","DC"
"Collins Concrete Coatings","https://collinsconcretecoatings.com/?utm_source=google&utm_medium=gbp&utm_campaign=local_seo","ChIJgedvLPVqtokROQ3xfJIUFrA","Washington","DC"
"Sundek of Washington","https://www.sundekofwashington.com/","ChIJ9W0KL4NGtokRTkfSz_-x-OY","Washington","DC"
"Creative Concrete Corp.","http://www.creativeconcrete.com/","ChIJjTEO1tbIt4kRVBEKEwTmraY","Washington","DC"
"EpoxysWorld-Cape Coral","http://www.epoxysworld.com/","ChIJp0sBcl1B24gRa-Vu5G-_sKw","Coral Springs","FL"
"Americas Industrial Coatings | Epoxy Floors","https://americasindustrialcoatings.com/","ChIJSVTyjusB2YgRfyUQVeoPaoE","Coral Springs","FL"
"Boca Raton Epoxy Flooring","http://epoxybocaraton.com/","ChIJDSK1k30e2YgRhYOx0DyQaWI","Coral Springs","FL"
"Floor Coating Source","https://floorcoatingsource.com/","ChIJZXBgDj9D24gRiqKUFnslPXM","Coral Springs","FL"
"Specialty Flooring","https://www.specialtyflooringstore.com/","ChIJf-nQYEoF2YgRmDuMf_wuw9c","Coral Springs","FL"
"Gator Epoxy Solutions","https://gatorepoxy.com/","ChIJH3D1mYLf2IgRqR_0Jyc9g50","Coral Springs","FL"
"Deese Elite Concrete Coatings - Capital City","https://deeseelitecc.com/","ChIJdy0bcMDz7IgR4q5e_NChE2Q","Coral Springs","FL"
"Concrete Restoration Team","http://concreterestorationteam.com/","ChIJ5yUGvSrj2IgRAbJIvx2Klak","Coral Springs","FL"
"Columbus Epoxy Flooring","http://columbusepoxyflooring.com/?utm_campaign=gmb","ChIJfWNicBmTOIgR6WBFZqazRH8","Columbus","OH"
"Your1DayFloor.com","https://your1dayfloor.com/","ChIJHay2wifrOIgRkiAVAGAcKMI","Columbus","OH"
"Black Swamp Epoxy Floors","https://www.blackswampepoxyfloors.com/","ChIJtSQaAcZdIgERlM8x1MaplAE","Columbus","OH"
"Garage Floor Coating - The Great Lakes","https://www.garagefloorcoatingofgl.com/","ChIJ_2S_4HN8PIgRUYy7eL2BAwQ","Columbus","OH"
"Ohio Garage Interiors","https://ohiogarageinteriors.com/","ChIJGbcdhpzqMIgRmDmqyvf_dro","Columbus","OH"
"Garage Force of Dayton","https://dayton.garageforce.com/","ChIJ84roKLiPQIgR8HowPLtqWlw","Columbus","OH"
"Garage Finisher","http://garagefinisher.com/","ChIJlRhYdTQdMYgR7pAXjq2KsH8","Columbus","OH"
"Polypro concrete coatings Columbus","http://www.polyproconcretecoatings.com/","ChIJVwtuawCdOIgRKNX1MWRfzac","Columbus","OH"
"Concrete Contracting Solutions, Inc.","http://www.concretecontractingsolutions.com/","ChIJlWVpe06POIgRGkGVy9Jfz8E","Columbus","OH"
"Deco-Crete Supply","https://www.columbusohiodecorativeconcrete.com/","ChIJCVKUSgWJOIgRXS0uw5l4_Ag","Columbus","OH"
"Concrete Contracting of Columbus","http://ohio-concrete.us/","ChIJZdyqvJSJOIgRZXWRHA7h-BU","Columbus","OH"
"SealMaxx of Columbus","https://sealmaxxofcolumbus.com/","ChIJ8akCL26KR4gRVpelIYcZXEE","Columbus","OH"
"Superior Concrete Columbus","https://superiorconcretecolumbus.com/","ChIJk6CJscWPOIgRPxXBFlKMeNE","Columbus","OH"
"Bonded Resurfacing","https://bondedresurfacing.com/?utm_source=gbp","ChIJWQAuTDycn4oRxAjpDGnv9f8","Columbus","OH"
"Epoxy Flooring Done Right","https://epoxyflooringdoneright.com/","ChIJlUhvKT-yBYgRJGzuSL8_qC8","Milwaukee","WI"
"Twisted Floors","https://twistedfloors.com/?utm_source=google&utm_medium=organic&utm_campaign=gbp","ChIJfdVL4BKDBYgRIlJASjwDFfg","Milwaukee","WI"
"Garage Force of Madison","https://madison.garageforce.com/","ChIJsb7IG3GpB4gRVVM7fIs6NFM","Milwaukee","WI"
"W.M Creative Concrete","http://www.wmcreativeconcrete.net/","ChIJIRxKVRAXBYgRirv_4EyJ6dw","Milwaukee","WI"
"Kevco, Inc.","https://kevcoinc.net/","ChIJhyk7SpkWBYgRV3yeBdjW65E","Milwaukee","WI"
"Victory Outdoor Services","http://victoryoutdoorservices.com/","ChIJWTTveb0BBYgRaI73v76L17s","Milwaukee","WI"
"Midwest Concrete Technologies","https://midwestconcretetech.com/","ChIJU9zow--6BYgR6PGFkKsBh5c","Milwaukee","WI"
"Dornbrook Construction Inc.","https://www.dornbrookconstruction.com/?=GBP","ChIJjzvNIUIbBYgRKjvdNZygd6U","Milwaukee","WI"
"Wyatt's Epoxy Supply Store (XPS Xpress Draper)","https://www.wyattsepoxy.com/","ChIJzco4Gg-HUocRjtRx-UYgOTk","Salt Lake City","UT"
"Hamilton Flooring and Tile SLC","https://hamiltonfloor.com/","ChIJj2CC2UJJiygRhDlBIN6nRgI","Salt Lake City","UT"
"Snaplock Industries","https://www.snaplock.com/","ChIJ26tQ4l_zUocRDGzRRz4YItc","Salt Lake City","UT"
"BigFloors","http://bigfloors.com/","ChIJ_XrEA2DzUocRAR2S5vpi04c","Salt Lake City","UT"
"Unlimited Coatings","https://ultdcoatings.com/","ChIJ_-nCTcyLUocRNW_xO3YvNr0","Salt Lake City","UT"
"Intermountain Coatings","http://www.intermountaincoatings.com/","ChIJX8kSEDKKUocRBigr0vLeZeg","Salt Lake City","UT"
"CDC Restoration & Construction LC","https://cdcrestoration.com/","ChIJLzmryEaKUocR3ZfPDuCCaZs","Salt Lake City","UT"
"KM and Sons Concrete Contractors","https://kmandsonsconcretecontractors.com/","ChIJgXrCmZn1UocR7oZt-tijTKc","Salt Lake City","UT"
"Garage Force of OKC","https://okc.garageforce.com/","ChIJhUr-sa0fsocRJtjGF54nnZc","Oklahoma City","OK"
"XPS Xpress - Oklahoma City Epoxy Floor Store","http://www.xpsxpressoklahomacity.com/?utm_campaign=gmb","ChIJXao6e-gZsocRJv-DsndEpMU","Oklahoma City","OK"
"MT Custom Coatings","http://mtcustomcoatings.com/","ChIJrz58OwX3sYcRatnjjNC8OFo","Oklahoma City","OK"
"ICS Concrete Coatings (OKC)","https://www.icsconcretecoatings.com/","ChIJaVNthz8XsocReB-hhZ6uaqY","Oklahoma City","OK"
"Garage Innovations","https://garageinnovation.com/","ChIJnwY8_6obsocRhxI4vZRxzwY","Oklahoma City","OK"
"Werm Flooring","http://www.wermflooring.com/","ChIJsWOloSwQsocR22Sa3yQ2W_A","Oklahoma City","OK"
"Accurate Concrete Coatings","http://accuratecoatings.net/","ChIJ-2bmXwnttocRxpD-6Nkw9i0","Oklahoma City","OK"
"MODERN COATINGS, LLC.","http://moderncoatingsok.com/","ChIJgx4XwooUsocR-Og_5LJRWjA","Oklahoma City","OK"
"OKCrete OKC Concrete Contractor","https://www.okcretesolutions.com/locations/oklahoma-city/","ChIJBX7dtij0giQRdeZYuNsj2NU","Oklahoma City","OK"
"Owens Concrete Staining LLC","https://www.owensconcretestaining.com/","ChIJWVn7iQE_socRh_6aqI19AII","Oklahoma City","OK"
"JK Industries","http://www.jkirestoration.com/","ChIJBQAlCOiKsYcR_mxky0NqGAo","Oklahoma City","OK"
"OKC Discount Concrete","https://concrete-okc.com/","ChIJI1psdhQbsocRx9talyQVQ_A","Oklahoma City","OK"
"Concrete Conversions","https://myconcreteconversions.com/","ChIJKzwQeoVZrIkR1w2QldpHqoU","Raleigh","NC"
"Summit Industrial Flooring","https://sumind.com/raleigh-nc/","ChIJfa1L_alQrIkRBx88krtFFPk","Raleigh","NC"
"Cransten","https://cransten.com/raleighhandymanandremodeling","ChIJ0xNnYZJfrIkRo2TC0wYnA5s","Raleigh","NC"
"Parral Concrete LLC","https://parralconcretenc.com/","ChIJC4xVvQiLrIkR8YSEaXvstfU","Raleigh","NC"
"RGPACK CONCRETE","http://rgpackconcrete.com/","ChIJxxoUBrxXrIkRmsHCZtc6ax8","Raleigh","NC"
"That Epoxy Guy","https://www.thatepoxyguy.com/","ChIJW82Ne_mpS4MROllPaSuO8ro","Cleveland","OH"
"Professional Choice Floor, Tile & Epoxy Services of Lorain","https://loraincountyflooring.com/","ChIJEbDKt_WZMIgRUkshHXZp2no","Cleveland","OH"
"Savage Surfaces","https://www.savagesurfaces.net/","ChIJHbsjPLpFkmURK_8CYKzazPE","Cleveland","OH"
"Cheetah Floor Systems, Inc.","https://www.cheetahfloorsystems.com/","ChIJVxcMHqbpMIgR8UhO5Ygodfk","Cleveland","OH"
"Encore Garage Ohio - Akron","http://encoregarageohio.com/","ChIJ7Qsici_YMIgRACnhPdw7V1Y","Cleveland","OH"
"J&P Coatings","https://www.jandpcoatings.com/about-us/","ChIJBwhleXl0MYgRxl_8396GicE","Cleveland","OH"
"Memphis Coatings Company","https://memphiscoatingscompany.com/","ChIJbZ1UnwGbf4gRDZn76iIhCEk","Memphis","TN"
"Deas Garage Floors","https://www.deasgaragefloors.com/?utm_source=gmb","ChIJBxHOBjILf4gRKTeD-vjpe40","Memphis","TN"
"MSEPOXY Epoxy Flooring","http://www.msepoxy.com/","ChIJrSax8OjJKYYR1BJPDHxhXTA","Memphis","TN"
"Max Floor Specialists","https://maxfloorspecialist.net/","ChIJZ7EXvmhj1YcRC58944RToz8","Memphis","TN"
"Thermal Corrosion Solutions LLC","https://thermalcorrosionsolutions.com/","ChIJ054HQNGPf4gRk8ODElu0w4w","Memphis","TN"
"901 Castor Concrete Services","https://castorconcrete.com/","ChIJRdxu2UDPPiMRhyPprqdSiLQ","Memphis","TN"
"DFX Foundation & Waterproofing Experts","https://dfxrepair.com/memphis-tn/?utm_source=google_maps&utm_medium=organic&utm_campaign=memphis_gbp","ChIJ53Gcj9u_f4gRbMY3qM8rXZ0","Memphis","TN"
"Elite Epoxy Flooring","https://eliteepoxyflooring.com/","ChIJvzHYLOD574gR6Ryzy9DMhU4","Jacksonville","FL"
"AI Coating | Advance Industrial Coatings","https://www.aicoat.com/?utm_source=google&utm_medium=gmb&utm_term=website","ChIJR6BsRzu25YgRNe2IXLMY1sI","Jacksonville","FL"
"Bullard Garage Coatings","https://bullardcoatings.com/","ChIJXwG88p235YgRcrY8mRK79go","Jacksonville","FL"
"Creative Epoxy and Concrete Coating","https://creativeepoxyandconcretecoatingllc.com/","ChIJV0vU1JIl74gR9UhykeZ5d84","Jacksonville","FL"
"LCE Concrete Contractor Jacksonville","https://lceconcretecontractorjacksonville.com/","ChIJaWVoWx4tW4YRRmJfyp1hHoo","Jacksonville","FL"
"XPS Xpress - Tampa Epoxy Floor Store","https://xpsxpresstampa.com/?utm_campaign=gmb","ChIJMVTddQLBwogR8rIv_4DZTKE","Tampa","FL"
"Ox Floors","http://www.oxfloors.com/","ChIJ9zVsbwvPwogRyjILUVPhghY","Tampa","FL"
"Shoreline Shine Epoxy","https://shorelineshineepoxy.com/","ChIJ_QRxfk_pwogRgUomVZ9egns","Tampa","FL"
"Trademark Garage Floors","https://www.trademarkgaragefloors.com/","ChIJAAAAAAAAAAARky5SkrUk6mc","Tampa","FL"
"Paradise Garage Floors","http://www.paradisegaragefloors.com/","ChIJ558wHNkOuicR_39rt6Tc-4g","Tampa","FL"
"Clearwater Epoxy Flooring, Concrete Pool Deck Coatings & Resurfacing","https://www.palmharborepoxyflooring.com/clearwater.html","ChIJB4Wviaj7wogR5Pfb25qYJVE","Tampa","FL"
"Best Tech Coatings","https://besttechcoatings.com/","ChIJeS__vfpwZIgRtqbK3HKWCd8","Nashville","TN"
"XPS Xpress - Nashville Epoxy Floor Store","http://www.xpsxpressnashville.com/?utm_campaign=gmb","ChIJG2w9J01vZIgRmwsmpWGp7gw","Nashville","TN"
"TKO Concrete Coatings","https://tkoconcrete.com/","ChIJmbioentmZIgRJOsx8WkeO5Y","Nashville","TN"
"JBA Concrete Solutions","https://www.jbaconcretesolutions.com/","ChIJHY_6ritpZIgRDXA5Kw9cfZg","Nashville","TN"
"Maverick Concrete Coatings","https://maverickcctn.com/","ChIJ93U-2q48eG8RYZaIRwXZRr4","Nashville","TN"
"Garage Floor Masters of Knoxville","https://www.tennesseegaragefloorcoatings.com/","ChIJoVXkq1M7XIgRwE-1btD7xx4","Nashville","TN"
"Sundek of Nashville","https://www.sundeknashville.com/","ChIJrW5RNc9BZIgRrbGHpd0izx8","Nashville","TN"
"Clemons Concrete Coatings","http://www.ccc-usa.com/","ChIJFTs8yZJoZIgRkCG1cFNi5S4","Nashville","TN"
"Custom Epoxy Surfacing","http://www.customepoxysurfacing.com/","ChIJdyiaAJTrToYRZD2IkqqGROo","Fort Worth","TX"
"Titan Garage Floors DFW","http://titangaragefloorsdfw.com/","ChIJJwqy1T5xToYROHAAqrHk2EU","Fort Worth","TX"
"Concrete Pro Supply - Decorative Concrete Supply","http://www.concreteprosupply.com/","ChIJAWZrBPNvToYRkpSl6bgYu_U","Fort Worth","TX"
"American Poly Concrete Floor Refinishing","http://americanpolyfloor.com/?utm_source=google&utm_medium=gmb&utm_campaign=seo","ChIJo0FRK0Fv5okRECbj39TefuU","Bridgeport","CT"
"AB Flooring Services","http://abflooringct.com/","ChIJswDvGk0P6IkRA8YowGz6Eek","Bridgeport","CT"
"HGT Painting & Floors","https://hgtpaintingfloors.com/","ChIJo0wHFSkP6IkRBeEYwfZzU0Y","Bridgeport","CT"
"Diamond Kote Concrete Resurfacing and Epoxy Flooring","https://diamondkote.net/","ChIJ4ZT6_JJM5okRkLdXVYImwgA","Bridgeport","CT"
"Custom Concrete Solutions","http://www.customconcretesolutionsct.com/","ChIJzVIpTrKt54kRvcZKDcaAtF0","Bridgeport","CT"
"Elegant Concrete Polishing Inc.","http://www.elegantpolishing.com/","ChIJ1TGIAIjX54kRklrqWCEa05c","Bridgeport","CT"
"5 Star Concrete Coatings LLC","https://www.5starconcretecoatingsllc.com/contact-us","ChIJmdMakFRV5okRdvfx0FQfj9Y","Bridgeport","CT"
"Precision Concrete Stratford","https://concretecontractorfairfieldcounty.com/","ChIJqz1ED1AN6IkRzYOgr_3mguI","Bridgeport","CT"
"Oceanview Concrete","http://oceanviewconcrete.com/","ChIJRzQGhJFx3IARcqYIeAFX6XE","Oceanside","CA"
"BES Concrete Contracting Solutions","https://powayconcrete.com/?utm_source=googlebusinessprofile&utm_medium=organic&utm_campaign=Google+Business+Profile","ChIJE6fyUGn724ARTYYiILVBJek","Oceanside","CA"
"Stockton Concrete Contractors","https://www.stocktonconcretepros.com/","ChIJKxxEhCQNkIAR2WyOa2apIIw","Stockton","CA"
"Drago inc.","http://dragoincconstruction.com/","ChIJ5bmfWpdamU4ReZnhymMiLcQ","Stockton","CA"
"Kenabast Epoxy Designs LLC","https://www.kenabastepoxy.com/","ChIJQTsk7v4ztU4ROO93VHuKX0w","Providence","RI"
"Rhode Island Floor Planing Company Inc","https://rifloor.com/","ChIJq6pPOFNP5IkRFJ0O4RKYQxw","Providence","RI"
"Rhode Island Repair","https://ri-repair.com/","ChIJUYkSRRdP5IkR95WSukHX-n0","Providence","RI"
"RBC Industries Inc","http://www.rbcepoxy.com/","ChIJG29suPNO5IkRwsmBRhGmYuM","Providence","RI"
"The Crack Tech","https://www.thecracktech.com/contactus/","ChIJyaelb5hc5IkRnIf1ju5EXJ8","Providence","RI"
"Floor Coverings International of Coastal Rhode Island","https://floorcoveringsinternational.com/locations/us/ri/cranston/?utm_source=google&utm_medium=local&utm_campaign=localmaps&utm_content=554542","ChIJR2Zj1EtP5IkRrIY7MR0IuWk","Providence","RI"
"Rhode Island Garage","https://www.rhodeislandgarage.com/","ChIJrZqWh8tN5IkRgPpJjrJ7rd8","Providence","RI"
"Precision Concrete Providence","https://providenceconcretepaving.com/","ChIJtRTgISFF5IkRiZPqtGJnX_A","Providence","RI"
"Synergy Concrete & Masonry","https://www.cranstonconcrete.com/","ChIJBTAkEOdP5IkRiVXTbRB4YwA","Providence","RI"
"TH Concrete Co.","http://cranstonriconcrete.com/","ChIJf-qSD09P5IkRK15DBPXHW74","Providence","RI"
"Pawtucket Concrete & Masonry","https://www.pawtucketconcrete.com/","ChIJpVdUmWhd5IkRSiaG_3bQZqw","Providence","RI"
"Asheboro Quality Concrete Coatings","https://asheboroqualitycoatings.com/","ChIJE9Z_7YRvU4gR3DwP3StuhW0","Greensboro","NC"
"Preferred Concrete Polishing","http://www.preferredconcretepolishing.com/","ChIJI4eaZ8UAU4gRxfd-XAXKps8","Greensboro","NC"
"Infinity Hardwood Flooring Llc","https://infinityhardwoodfloor.com/","ChIJZ7cTuDat4IYRkKgKT2jVuBI","El Paso","TX"
"El Paso Concrete Masters","https://www.elpasoconcrete.co/","ChIJE_z9cAFb54YR7XSjWGDXaqI","El Paso","TX"
"Elias Concrete Construction LLC","http://www.eliasccllc.com/","ChIJkSLv_nZD54YRLCZO4xe7Gmw","El Paso","TX"
"Innovative Industrial Coatings","http://www.ii-coatings.com/","ChIJO8xb7zlclIARAVH6nAQDcm8","Fresno","CA"
"MARBLELIFE® of Fresno","https://marblelife-fresno.com/","ChIJcSJkqFFvlIARtXpNwAPY8FI","Fresno","CA"
"Universal Coatings Inc","https://www.universalcoatings.net/","ChIJcZ_RCYT1lIAR62Koa899FRE","Fresno","CA"
"Solid Surface Tech, Inc.","http://solidsurfacetech.us/","ChIJZXV7KRtmlIARHHOpm5mNoZM","Fresno","CA"
"SLG Concrete Coatings","https://slgconcretecoatings.com/","ChIJ___vpgls7IARhxG5Kt9aoW4","Fresno","CA"
"Insul-Flow, Inc.","http://www.insul-flow.com/","ChIJQ-QfrbJelIARln_Cg-Gq7zY","Fresno","CA"
"JC's Painting and Coating, Inc","http://jcspaintingandcoatingsca.com/","ChIJPxg-kIlplIARG-9sSVjDalQ","Fresno","CA"
"Orlando Lake Nona Tile, Vinyl, Hardwood, Epoxy Flooring & Concrete Coatings Installation & Replacement","https://kissimmeevinyltileepoxyflooring.com/orlando-lake-nona","ChIJeamvH4Nh54gRaqx8O3067Yc","Orlando","FL"
"DreamCrete Custom Creations","https://www.dreamcretecc.com/?utm_source=gmb","ChIJOzekvX9v54gRTjH-I2v0g_0","Orlando","FL"
"Master Coatings","http://www.mastercoatingsepoxy.com/","ChIJHYWC8k1x54gRTwOvN4A2qMk","Orlando","FL"
"Innovative Concrete Coatings FL","https://innovativeconcretefl.com/","ChIJkaPRPuTF54gR5ywbZTrKIc4","Orlando","FL"
"Stronghold Floors","https://www.strongholdfloors.com/?utm_source=google&utm_medium=GBP&utm_campaign=md-epoxy-garage-flooring-company&utm_id=2025-GBP","ChIJRT0zSQQdyIkRrqDGjUYlmdU","Baltimore","MD"
"Top Tier Coatings LLC","http://www.toptiercoatings.com/","ChIJIy3tUygRyIkR0JNfoVbqbYI","Baltimore","MD"
"Prestige Floor Coating","https://www.prestigefloorcoating.com/?utm_source=google&utm_medium=Edgewood_gmb&utm_campaign=gmb_website_button","ChIJf75jEd0IyIkRtyjuDx0t_v0","Baltimore","MD"
"Armor Prep Coatings","https://truepoxystore.com/","ChIJh0oV5inlt4kRxnx8WQplgto","Baltimore","MD"
"Maryland Garage Concepts","https://www.marylandgarage.com/?utm_source=gmb&utm_medium=gmb","ChIJIyYlXDjtt4kRoJnRzpg7G8w","Baltimore","MD"
"95 Concrete & Home Improvement Marketing LLC","https://95improvements.net/","ChIJP_wR-F9MrwARog2fdKPXhA4","Baltimore","MD"
"CS Louisville Epoxy Flooring","https://epoxylouisvilleky.com/","ChIJj7WfEhVzaYgRPJz9cJJboao","Louisville","KY"
"ArmourFlo Flooring","http://armourflo.com/","ChIJmYIhi5i3aYgRMN4iUbe_GJ8","Louisville","KY"
"ICON Concrete Coatings","https://www.iconconcretecoatings.com/","ChIJr9H6y32haYgRdlXPusXGkSo","Louisville","KY"
"Unique Flooring Solutions","https://www.uniqueflooringlouisville.com/","ChIJadkVbqyhaYgRBBjVFOCFMRw","Louisville","KY"
"Highland Hardwood Flooring","http://www.hardwoodfloorslouisville.com/","ChIJmZIp-HcNaYgR2j2fffsbdEg","Louisville","KY"
"FloorPro Inc","http://www.floorproinc.com/","ChIJGZO1byxtaYgRrE7hAh3zP_s","Louisville","KY"
"Korfhage Floor Covering","http://www.korfhagefloor.com/","ChIJVQpLGBUNaYgRv-xfstWE1VE","Louisville","KY"
"Xtreme Coating Solutions","https://www.xtreme-coat.com/","ChIJb-Aj4DGaaYgRvtFjm5Ztjkk","Louisville","KY"
"Unique Concrete Epoxy","http://www.uniqueconcreteepoxy.com/","ChIJk7Abt_5vQogRL_Cax2OwRyQ","Louisville","KY"
"S & S Concrete, Inc.","http://www.ssconcrete777.com/","ChIJ_____48RaYgRqMlbFAZxMgQ","Louisville","KY"
"Custom Concrete Finishes","https://www.customconcretelou.com/","ChIJT8R0BeeZaYgRntBur2k0pbc","Louisville","KY"
"Land Shark Concrete Coating LLC","http://londonconcretecoatings.com/","ChIJp1R90VbJXIgRIXbTTWT3Qco","Louisville","KY"
"All American Concrete & Construction LLC","https://allamericanky.com/","ChIJC5_Kw7fdZKsRQ264rwTs_ZM","Louisville","KY"
"XPS Xpress - Albuquerque Epoxy Products and Contractor Supply Company","https://xpsxpressalbuquerque.com/?utm_campaign=gmb","ChIJvQvdSRx1IocRHiIhsA0UiIA","Albuquerque","NM"
"Artistic Concepts, LLC","https://www.flooringalbuquerquenm.com/","ChIJ5cVwkh8LIocRubn7xSffCGg","Albuquerque","NM"
"Floorscapes","https://www.floorscapesfa.com/?utm_source=google&utm_medium=organic&utm_campaign=gbp-listing&utm_content=Albuquerque-showroom","ChIJDZwzWRd0IocRs5jH4_jhVEc","Albuquerque","NM"
"Mike's Quality Painting","https://www.mikesqualitypainting.com/?utm_campaign=gmb","ChIJC7JrTHNzIocR_nvaB4DDMvY","Albuquerque","NM"
"Concrete Contractors Albuquerque","https://concretecontractorsalbuquerquenm.com/","ChIJgzlzHCZzIocRAQTQJZOLL5E","Albuquerque","NM"
"The Flooring Factory - Oxnard","https://flooringfactory.myshopify.com/","ChIJHRPUkhFM6IARmWh9nWoZvdY","Oxnard","CA"
"Ruiz Concrete and Pavers","https://ruizconcreteandpavers.com/home","ChIJH633UzFP6IAR3K7bq38ndr4","Oxnard","CA"
"Cri Concrete","https://criconcrete.com/","ChIJQ9Wsn15L6IARflU9cXC5adQ","Oxnard","CA"
"Luxe Stone","http://www.luxestoneco.com/","ChIJSzbU-zRN6IARjtYJBgKGzqQ","Oxnard","CA"
"Precision Concrete Ventura","https://www.precisionconcreteventura.com/","ChIJGd7UB69N6IAR6KysTxrGpPI","Oxnard","CA"
"Hastings Coatings LLC","https://www.hastingscoatings.com/?utm_source=google&utm_medium=business_profile&utm_campaign=website","ChIJMQHV6Wpt1oYR1DhprtaFVQo","Tucson","AZ"
"Optimum Concrete LLC","http://optimumconcrete.com/","ChIJk_7-cg101oYR8MumMqHbw1k","Tucson","AZ"
"Garage Designs of St. Louis","https://garage-designs.com/?utm_source=GBP&utm_medium=Organic&utm_campaign=GBP-Website","ChIJ_ycOSHTT2IcR7FSRITftUQk","St. Louis","MO"
"Desco Coatings, Inc.","https://www.descocoatings.com/locations/st-louis/","ChIJAQAAAGQz34cRJp2MdlKrbRc","St. Louis","MO"
"Refloor","http://www.refloor.com/","ChIJi4Pz-ygC2KwRqH2ZlTCe91k","St. Louis","MO"
"Decorative Concrete Resurfacing","http://www.decorativeconcreteresurfacing.com/","ChIJHbcjfEnU2IcRVePQ4HJxtwM","St. Louis","MO"
"Customcrete, Inc.","http://www.customcretestl.com/","ChIJzw_fOpfX3ocRSmQGiidSfWE","St. Louis","MO"
"Flooring Rehab Company","http://flooringrehab.com/","ChIJCwIuVgi12IcRRGNiQb8HvfY","St. Louis","MO"
"All Surface Flooring","https://www.allsurfaceflooringstl.com/","ChIJOXuM6EvU2IcRbS3YfqBlaZk","St. Louis","MO"
"Just Around The Corner Flooring","https://www.jatcwoodfloors.com/","ChIJBT9nO0HI2IcRdNuA8Cz4Q4o","St. Louis","MO"
"Missouri Floor Company","https://www.mofloor.com/","ChIJCfVyQEIy34cRgTJGIVZos5A","St. Louis","MO"
"KT Coatings LLC","https://flooringcontractorsaintcharlesmo.com/","ChIJf6NtOTIl34cRdrBHqbVJ2dg","St. Louis","MO"
"Shamrock Concrete, LLC","https://www.shamrockconcretellc.com/","ChIJ79HjkyfJ3ocRDn06XPABl9k","St. Louis","MO"
"FCON Concrete - Saint Louis","https://www.fconconstruction.com/","ChIJT7dZ33o134cRx_cWzRbG8oA","St. Louis","MO"
"ACR Advanced Concrete Repair","https://acrconcreterepair.com/","ChIJVydn9WXR3ocRHolLyPnB7TE","St. Louis","MO"
"Garage Revolution, LLC","https://garage-revolution.com/","ChIJtVfuAb2Mk4cRbrkK3TW278E","Omaha","NE"
"Carter Kelly Floors","https://www.carterkellyfloors.com/","ChIJufjHfFbzk4cRsGMQ8E72fzo","Omaha","NE"
"Nebraska Concrete Caulking & Restoration","http://nebraskaconcretecaulking.com/","ChIJXaXRgsTtk4cRQVfurImbuq4","Omaha","NE"
"Titan Concrete Restoration","https://titanconcrete.net/","ChIJQ-794Lvzk4cRFitxI0fQp2w","Omaha","NE"
"WMG Caulking","https://www.wmgcaulking.com/","ChIJVZv9PPF-XSwRoCIJ2Kh84RM","Omaha","NE"
"Aksarben Concrete","https://www.aksarbenconcrete.com/","ChIJ2cnu95nzk4cRiv_4LP5Tho4","Omaha","NE"
"WM Concrete LLC","http://wmconcrete.com/","ChIJVVUJwQWIk4cR5Viz-V33Gro","Omaha","NE"
"Pro Polymer Source Tulsa","https://rfsflooringsupply.com/?utm_source=google&utm_medium=gmb-tulsa&utm_campaign=maps","ChIJf0QOz5LttocRN2-FZnD3rlg","Tulsa","OK"
"Tulsa Wood Floors and More","https://tulsawoodfloorsandmore.com/","ChIJ32AvyWOTtocRDrUkRucmofE","Tulsa","OK"
"American Industrial Inc","http://www.aiflooring.com/","ChIJ3ZO1RsiUtocR7dVcqTPf1QE","Tulsa","OK"
"Wood Guys","https://www.woodguys.com/","ChIJaazu3-SMtocRv2ty9z9gzEY","Tulsa","OK"
"Grand View Concrete","http://grandviewconcreteok.com/","ChIJxRg5rZF45Q4R2UBIZEmZZUA","Tulsa","OK"
"Tulsa Concrete","https://foundationconcretecontractor.com/tulsa-concrete-contractor/","ChIJ9-7hYSiLtocRvOH9VsLPnYA","Tulsa","OK"
"Surface Systems Inc","http://www.surfaceinc.com/","ChIJJd1JdimkIIYRP4fDudBH9j0","New Orleans","LA"
"New Orleans Concreters","https://www.neworleansconcreters.com/","ChIJeyFHmdmnIIYRi6vC6LZBq-s","New Orleans","LA"
"Big Easy Concrete","https://www.bigeasyconcrete.com/?utm_source=google&utm_medium=gmbhome&utm_campaign=neworleans&utm_term=concretecontractor&utm_content=idgmb","ChIJtctBR0WnIIYRJ0-PbiyBdr4","New Orleans","LA"
"Southern Coating & Waterproofing LLC","http://www.southerncoating-wp.com/contact-us","ChIJl5hBC9wcnogRKEUcnxhjqUM","New Orleans","LA"
"Epoxy Systems International","https://epoxy-systems.com/","ChIJ5093wh8zQIgRTKq35_bOp54","Cincinnati","OH"
"Cutting Edge Flooring Services LLC","https://www.ceflooringservices.com/","ChIJsYV--mapQYgRYJtU15SQV_4","Cincinnati","OH"
"Concrete Floor Solutions","https://concretefloorsolution.us/contact.php","ChIJAQBEftq3QYgRJUquS1GakQs","Cincinnati","OH"
"A-Tri State Flooring","https://www.atsflooring.net/","ChIJF-Rk6RZLQIgR920VvWjG5cQ","Cincinnati","OH"
"Ram Concrete Coatings","http://ramconcretecoatings.com/","ChIJMX3rgXPnQIgR_O7RYZsbvwY","Cincinnati","OH"
"Cincinnati Custom Concrete","https://www.cincinnaticustomconcrete.com/","ChIJe3xGz89TIK8RAfZ4MVteNko","Cincinnati","OH"
"Superior Concrete Cincinnati","https://superiorconcretecoh.com/","ChIJb30V1hyxQYgR8kO4UeYz0R4","Cincinnati","OH"
"Go Custom Concrete","http://www.gocustomconcrete.net/","ChIJvVfzVPRIE4cR57RZN3WEqc8","Colorado Springs","CO"
"Armor Flooring Idaho Epoxy LLC","http://armorflooringidaho.com/","ChIJFbSUjm1XrlQRkyZJWxpDY0Y","Boise City","ID"
"Snake River Epoxy & Trade","https://www.boiseepoxyflooring.com/","ChIJdZ8J-S3I3Q0Rta91bHXsYxQ","Boise City","ID"
"Patriot Epoxy and More","https://patriot-epoxy.com/","ChIJA97GV4DMnS4RPo3yFi9wfnI","Boise City","ID"
"White Cloud Concrete Coatings","https://www.whitecloudcoatings.com/","ChIJQ1lwZRFVrlQRnDv2M8_ivb4","Boise City","ID"
"DaVinci Concrete Coatings","http://www.davinciconcretecoatings.com/","ChIJCYGK9ZOjGmIR7vgosNJmkVY","Boise City","ID"
"Mr. Mudd Concrete","https://www.mrmuddconcrete.com/","ChIJv43SSpb_rlQRuQQBy7yzAv8","Boise City","ID"
"Modern Concrete and Design","http://www.modernconcreteidaho.com/","ChIJASUOwHZXrlQRqtK3_C5OI6Q","Boise City","ID"
"C&G Epoxy Resin Coatings","https://cgepoxyresincoatings.com/?utm_source=Google&utm_medium=GMB&utm_campaign=Clicks","ChIJ22Ep8pWVb4YRVOmDuGCArAU","McAllen","TX"
"McAllen Concrete Contractor","https://www.mcallenconcretecontractor.com/","ChIJ_RxvbTGnZYYR4RBL20xWY_M","McAllen","TX"
"XPS Xpress Charleston","https://epoxyfloorsofcharleston.com/","ChIJL81pju97_ogRwtPTGgaiLqY","Charleston","SC"
"Carolina epoxy plus","https://carolinaepoxyplusllc.com/","ChIJh-uk6-MHOIQRiTjGVcJ3mRU","Charleston","SC"
"Tripp Garage Floor Coatings","http://trippgaragefloors.com/","ChIJ8Wqiy47AVaoR689BOg8GVTU","Charleston","SC"
"Innovative Concrete Coatings","https://innovativeconcretecoatings.com/","ChIJvUQUm3KR-4gRLSwRDwwoylc","Charleston","SC"
"Signature Surfaces","https://signaturesurfacesllc.com/","ChIJOWWCn09l_ogRcp03DezooYg","Charleston","SC"
"Brown Epoxy Flooring","https://brownepoxyfloors.com/","ChIJS4TGwFrGO4gRZw5rShYXXIs","Dayton","OH"
"Garage & Home Transformations","http://www.garagetransformations.net/","ChIJhd3v8GlhQIgRJGunOSu2LhY","Dayton","OH"
"Elevated Concrete Lifting","https://www.elevatedlifting.com/","ChIJnX89IOIBMYMRfbzClr2GZew","Dayton","OH"
"Great American Flooring","https://www.greatamericanflooring.com/","ChIJz2jTT5TjuocR4WhL69RM9-o","Wichita","KS"
"Arise Concrete Leveling","https://ariseconcreteleveling.com/?utm_source=google&utm_medium=gbp&utm_campaign=profile","ChIJKSLtiyThuocR8yz2ZsgoIDo","Wichita","KS"
"Opp Concrete Inc","http://oppconcretewichita.com/","ChIJp3xT1dbguocRUE2eRidjoZU","Wichita","KS"
"Battleborn Concrete Coatings","https://www.battlebornconcretecoatings.com/","ChIJ_Y7j-OJHmYARxUnSmoMo7PA","Reno","NV"
"The Floor Store & More","http://thefloorstorereno.com/","ChIJ3XZmiFQ_mYARvv1uYLuEFnI","Reno","NV"
"Battle Born Painting","https://www.battlebornpainting.com/","ChIJB4FVMXMVmYARjzt4BDAUCfY","Reno","NV"
"Sierra Design Concrete","https://www.sierradesignconcrete.com/","ChIJOYoQe9c2mYARhGUke1MS-Xs","Reno","NV"
"Green Lands Pro Concrete Contractors","https://greenlandsproconcretecontractors.com/","ChIJZ2LcaFdHmYARK_k1FHw1hy0","Reno","NV"
"Anchor Concrete","https://www.anchorconcretenv.com/","ChIJG12SZRo_mYARhvqjqbF0THA","Reno","NV"
"Concrete Sparks NV","http://concretesparksnv.com/","ChIJi63SBkg_mYARfsjAPftjR8o","Reno","NV"
"Prestige Construction, LLC","https://prestigebuildingreno.com/","ChIJVVWl37tImYARJ1RjR7hlg2A","Reno","NV"
"Rasmusen Painting & Concrete Coating","https://www.rasmusenpainting.com/","ChIJ_SC-8IkGhYART1o_OkgLHNU","Fairfield","CA"
"Concrete & Synthetic Turf","https://www.concretesyntheticturf.com/","ChIJ5awYPazcyGIRlmuqsg5W1UQ","Fairfield","CA"
"Walnut Creek Concrete Pros","https://concretewalnutcreek.com/contact/","ChIJLZ2LQMBhhYARas9JbPsoNP8","Fairfield","CA"
"A & A Concrete Supply Inc","http://aaconcretesupply.com/","ChIJf7EwJQlHhYARjrHWROYXyMI","Fairfield","CA"
"Visual Flooring & Moulding","https://visual-flooring-moulding.com/","ChIJG8JuUdBr6oARX3W56yNeuco","Bakersfield","CA"
"Bakersfield Concrete Contractors","http://bakersfieldconcretecontractor.com/","ChIJc2DFqktD6oAReP5IZjOEYXk","Bakersfield","CA"
"Garage Force of Des Moines","https://desmoines.garageforce.com/","ChIJmwBpg80ScQIRqKot67WAp4o","Des Moines","IA"
"Mr. Seal Garage Floors","https://mrsealfloors.com/","ChIJVTS81kYl7IcRhIwi7RRO3cw","Des Moines","IA"
"DCD Garage Floors","http://www.notjustgaragefloors.com/","ChIJqcWYwzX_7YcRMThLPbYvzsE","Des Moines","IA"
"515 Concrete Floor Polishing","http://515concretefloorpolishing.com/","ChIJh01CuL-7uCoRz0g2tP3E-b4","Des Moines","IA"
"Architectural Concrete Supply","https://www.go2acs.com/","ChIJAQBw4umf7ocR2gkHMHqnBvo","Des Moines","IA"
"Sherwin-Williams Floorcovering Store","https://www.sherwin-williams.com/store-locator/commercial-floorcovering-store/des-moines/ia/701251?utm_source=google&utm_medium=local_listing&utm_campaign=tag_local_listing","ChIJ8UAOxGea7ocRMtZ0QJnAczs","Des Moines","IA"
"CMC Solutions, LLC","https://www.cmcsolutionsia.com/","ChIJSR80_LeF7ocRjt_bQDgG_EY","Des Moines","IA"
"Corridor Concrete Polishing & Epoxy","http://corridorconcretepolishing.com/","ChIJszorH7pb5IcR0yW6OhyPy44","Des Moines","IA"
"HS Concrete Inc.","https://www.hsconcrete.net/","ChIJCXkslQBKD2IRV6NM766b_Fo","Des Moines","IA"
"Kelly Designs In Concrete","https://designsinconcrete.com/","ChIJhWwUeVvK44cRQFAC1H73dl0","Des Moines","IA"
"All Pro Floors","https://www.all-profloors.com/","ChIJAZy1iF84hIARMAjFoIACdiI","Santa Rosa","CA"
"Emser Tile","http://www.emser.com/","ChIJQ1Y5USY2hIARpARWlNmITIQ","Santa Rosa","CA"
"Empire Floors","http://www.empirefloorsca.com/","ChIJ35NA_vQ4hIARIVMWefPjslI","Santa Rosa","CA"
"Garage Force of Northern California","https://northernca.garageforce.com/","ChIJweMYQ1KT0lQRjxIHyvKaSIM","Santa Rosa","CA"
"San Carlos Concrete Inc.","https://www.sancarlosconcrete.com/","ChIJN6ObpgKi_aIRu3oxD8CWmd8","Santa Rosa","CA"
"Paradise Flooring","https://www.paradiseflooringhawaii.com/","ChIJQ_ng-WNuAHwRwagZZxtOOtU","Honolulu","HI"
"Abbey Carpet & Floor of Hawaii","http://honolulu.abbeycarpet.com/","ChIJ_Qd83QFmAHwRq1Ipe25mn74","Honolulu","HI"
"HC&D LLC","http://www.hcdhawaii.com/","ChIJL8KVmVpuAHwRVueHacY0vy4","Honolulu","HI"
"Santa Clarita Epoxy Floor Coatings","http://santaclaritaepoxyfloorcoatings.com/","ChIJPdtCJymHwoARm7FCNPSr7Ms","Santa Clarita","CA"
"Santa Clarita Concrete","https://www.santaclaritaconcrete.com/","ChIJf7kzlcGJwoARF065mQhco90","Santa Clarita","CA"
"Royal Concrete Works","https://royalconcreteworks.com/","ChIJlYdWXZ-RwoARL5C7uEmORf0","Santa Clarita","CA"
"ALLBRiGHT PAINTING","https://www.allbrightpainting.com/","ChIJifciEAR9woAR_BzmQ3_eLjE","Santa Clarita","CA"
"Custom Deck Creations","https://customdeckcreations.homes/","ChIJF-mr2HCPwoARSLaAbcS_MtA","Santa Clarita","CA"
"Randal G. Winter Construction Inc.","http://rgwinter.com/","ChIJjccMluB9woARdnuZPzwaQH0","Santa Clarita","CA"
"Ikon Concrete Design","http://www.ikonconcrete.com/","ChIJhyKj4BqOwoARqedpMwpKIIQ","Santa Clarita","CA"
"Magic Maintenance, Inc.","https://www.magicmaintenanceinc.com/","ChIJGdrNd1qHwoAR97KNTKrJ0Gs","Santa Clarita","CA"
"R.C. Becker","https://www.rcbecker.com/","ChIJ_ayg2wp-woAR4qbS3kjf_Uo","Santa Clarita","CA"
"Floor Shield of Michigan","https://www.floorshieldofmichigan.com/?utm_source=google&utm_medium=organic&utm_campaign=gbp","ChIJ120HNWgnckwRDy78KnNQNAk","Little Rock","AR"
"Little Rock Concrete Contractor","https://www.littlerockconcretecontractors.com/","ChIJH-6_j2Wv0ocRAA0I4_V0ouQ","Little Rock","AR"
"Performance Concrete Coatings","https://performanceconcretecoatings.com/","ChIJ3zVXLWbkRAoRE2OLcucB1YQ","Little Rock","AR"
"Arkansas Powder Coating & Industrial Blasting","https://www.arpaint.com/","ChIJuyO_ipC70ocRPC4p5NTBqL8","Little Rock","AR"
"Rock Structure Repair, LLC","https://www.rockstructurerepair.com/","ChIJIzxqVnel0ocRvTP9cBm2NYM","Little Rock","AR"
"MS Polish and Epoxy","https://mspolishandepoxyllc.com/","ChIJ8y_sqDGzbocRMCq5IlwgJ8w","Fort Collins","CO"
"Above and Below Concrete","http://aboveandbelowco.com/","ChIJmWvcd1dLaYcReonl89PQ7AY","Fort Collins","CO"
"Concrete Polishing Of Northern Colorado","https://northernconcretepolishing.com/?utm_source=GoogleMyBusiness","ChIJvT_4WMO1bocR7JvhlaIHzNw","Fort Collins","CO"
"Elite Custom Painting & Remodel","https://www.elitecustompaintingcolorado.com/","ChIJjTEsfNPvbYcRMFasF4PqDf4","Fort Collins","CO"
"Valencia Construction Inc.","http://www.valenciaconstructioninc.net/","ChIJqy81XS-3bocRJijPnzZx2_g","Fort Collins","CO"
"Vanguard Concrete Coating, Inc","https://vanguardconcretecoating.com/","ChIJGwukMDCyGYgR9Z4i9Z-6sxM","Grand Rapids","MI"
"Xtreme Engineered Floor Systems","http://www.xtremefloorsystems.com/","ChIJhXmRvMC-GYgRVqJuLX6nXfI","Grand Rapids","MI"
"V8 High Performance Floors","http://v8floorcoatings.com/","ChIJhXmRvMC-GYgRKCET70WvHvc","Grand Rapids","MI"
"Bull Epoxy Solutions LLC","https://bullepoxy.com/","ChIJyRzqrAg7zSARh8X5oPaTV38","Grand Rapids","MI"
"One Coat Technologies","https://www.epoxyflooringjenisonmi.com/","ChIJL6OwdJDBIogRUu9Evi1976I","Grand Rapids","MI"
"The Epoxy Guys","https://www.miepoxyguys.com/","ChIJ_bUCAI95I4gRHk37F1N8mlU","Grand Rapids","MI"
"Ameri-FLOORS","http://www.ameri-floors.com/","ChIJKaKOpx4FaRQRE6Q0SPzb4qc","Corpus Christi","TX"
"Alexanders Carpet One Floor & Home","https://www.carpetonecorpuschristi.com/?utm_source=&utm_medium=organic&utm_campaign=gbp-listing&utm_content=Corpus%20Christi-showroom","ChIJb8eeq-r1aIYRSWKjqzMHQMw","Corpus Christi","TX"
"MG Building Materials","https://www.mgbuildingmaterials.com/","ChIJL2d3qakRaRQRLTuBstwz1oU","Corpus Christi","TX"
"Allison Flooring America","https://www.allison-flooring.com/?utm_source=&utm_medium=organic&utm_campaign=gbp-listing&utm_content=Corpus%20Christi-showroom","ChIJY93mC4P1aIYRUrF_yK9BY7Q","Corpus Christi","TX"
"Garage Force of League City","https://leaguecity.garageforce.com/","ChIJI43SBUp9P4YR0OuR4NaAl8k","Corpus Christi","TX"
"Artisan Design Concepts","https://www.artisandesignconcepts.com/","ChIJAWk1kWr32oARDy6L03kkMZY","Indio","CA"
"Innovative Concrete Design","http://innovativeconcretedesign.net/","ChIJrcr3x-T52oARWZF8F8EnX1w","Indio","CA"
"Advanced Concrete Innovations","https://advancedconcreteinnovations.com/contact-us/","ChIJGwE0GA0c24AR1aYv3XbhTmw","Indio","CA"
"America's Floor Source - Lexington","https://www.americasfloorsource.com/pages/lexington-ky?utm_source=google&utm_medium=organic&utm_campaign=business_listing","ChIJRV-mjd9PQogR21jh_uGhT9I","Lexington-Fayette","KY"
"The Floor Guy","https://the-floor-guy-ky.com/","ChIJn90JM4dAQogR6I3_ksONEcw","Lexington-Fayette","KY"
"Lexington Concrete Repair","http://lexingtonconcreterepair.com/","ChIJhbjXBCJFQogRF9xwzE1dma8","Lexington-Fayette","KY"
"Romero Construction Concrete LLC","https://romeroconstructionconcreteky.com/","ChIJmcdtKH5bQogR3Gm5VflNoCI","Lexington-Fayette","KY"
"HEMENWAY CONCRETE CONTRACTING INC","http://hemenway-concrete.com/","ChIJIT1H2iFcQogRFxiYnDbyNio","Lexington-Fayette","KY"
"B-Level Concrete Lifting LLC","https://www.blevelconcretelifting.com/","ChIJwZTJsh5NQogRD1a05mU25KQ","Lexington-Fayette","KY"
"Modern Flooring and Renovations WNY","https://modernflooringandrenovations.com/","ChIJGWsq_obKXKoRWlGYGWum67c","Buffalo","NY"
"Executive Concrete Coatings","https://www.excoatings.com/","ChIJOxn5_oqa04kRyg0XHaxVMow","Buffalo","NY"
"Construction Artisan Enterprises","http://constructionartisanenterprises.com/","ChIJAQAz905x04kRwu5dwiZe5KU","Buffalo","NY"
"Heritage Contract Flooring","http://heritagefloor.com/","ChIJoxnZv40N04kR8DHDiTpFYzk","Buffalo","NY"
"Millennium Construction","http://www.millenniumconstructioninc.net/","ChIJqd7aZZxv04kRqz4LqumZSDU","Buffalo","NY"
"CIT Concrete Contractor Services - Buffalo","https://buffaloconcretecontractors.com/?utm_source=googlebusinessprofile&utm_medium=organic&utm_campaign=Google+Business+Profile","ChIJV53UxIEYkwkRpk4NbPrWIU4","Buffalo","NY"
"Superior Concrete Buffalo","https://superiorconcretebuffalo.com/","ChIJwaLQfhcH04kR1b1uJJOCz3c","Buffalo","NY"
"Buffalo Niagara Concrete","https://www.buffaloniagaraconcrete.com/","ChIJfTbii-pt04kR3CPWy6bF4L4","Buffalo","NY"
"Pittsburgh Garage","http://www.pittsburghgarage.com/","ChIJVeD2UdPFNIgR1ft7ETgAkY4","Pittsburgh","PA"
"Crytzers Epoxy Floors & More, LLC","http://www.crytzersepoxyfloors.com/","ChIJwVV5XKuy3q8RNd_lfZPWqo4","Pittsburgh","PA"
"Garage Force of Pittsburgh North","https://pittsburghnorth.garageforce.com/","ChIJMUVkJPS9NIgRTns2NWloZJU","Pittsburgh","PA"
"Penn Ohio Concrete Coatings and Power Washing","http://www.pennohiocc.com/","ChIJwacCBVzBM4gR2wVD0bbE9KI","Pittsburgh","PA"
"Herrmann Construction Company","https://hccpgh.net/?utm_source=GoogleBusinessProfile&utm_medium=organic","ChIJVVXpNh76NIgRGsdnMZ334po","Pittsburgh","PA"
"JB Concrete Enterprises LLC","https://www.jbconcreteenterprises.com/","ChIJKw5Xo9A1NEgRhc0AW0geljM","Pittsburgh","PA"
"Advanced Prep-Coat, Inc.","https://www.advancedprepcoat.com/","ChIJQVBB9joE5IkRCZ0mV34-xUY","Worcester","MA"
"Kaloutas","http://www.kaloutas.com/","ChIJ6dWU730G5IkRvRWXMN9wXEI","Worcester","MA"
"Concrete Evolutions Co.","http://worcesterconcretesolutions.com/","ChIJ0RcHWcoH5IkR3EzfZAWNVo4","Worcester","MA"
"Granite State Epoxy","http://www.granitestateepoxy.com/","ChIJ_VhzOtRN4okRfArEmMUinZA","Manchester","NH"
"Minuteman Floors","https://www.minutemanfloors.com/","ChIJ816gD2RP4okRFa16BZER130","Manchester","NH"
"Northern Floor and Epoxy","https://northernfloorandepoxy.com/","ChIJjyhjPAiR4okRppRhnatOua8","Manchester","NH"
"Northern Peaks Epoxy LLC","https://www.northernpeaksepoxy.com/home","ChIJx1yW0HNMQagRje2KI_AW9Ig","Manchester","NH"
"Lakes Region Epoxy","http://www.lakesregionepoxy.com/","ChIJH66p9VYL4okRBXswh-RPyB0","Manchester","NH"
"Spokane Surfacing Innovations","http://spokanesurfacing.com/","ChIJUyp8vhkhnlQRSweffAChDFE","Spokane","WA"
"AG Floor Covering","https://agfloorcovering.com/","ChIJl8_gtjf_YVMRhQm4Y2C8J-k","Spokane","WA"
"Concrete Coatings Repair & Restoration LLC","https://concretecoatingsrr.com/about-us/meet-the-team/","ChIJVVX5dB1lmFQRHvL4rULPJzw","Spokane","WA"
"Spokane Concrete Cutting Inc","http://www.spokaneconcretecutting.com/","ChIJC94TxOEenlQRvC0qKg5kdgs","Spokane","WA"
"GH Alaska LLC","https://www.ghalaska.com/","ChIJJ83i7sDfyFYRSVIWX47byfM","Anchorage","AK"
"Ceramic Pro Anchorage Elite Dealer","https://anchorageceramicpro.com/","ChIJFZDA1GWXyFYRwHqteUYatNo","Anchorage","AK"
"Alpine Concrete Cutting & Coring Inc","http://www.alpineconcretecutting.com/","ChIJa6eDx4iXyFYRU4M_C7qGHN0","Anchorage","AK"
"Revelation Coatings LLC","http://revelationcoating.com/","ChIJoWvzOTeXyFYR0lWP7BTKupI","Anchorage","AK"
"Creative Floor Covering","http://creativefloorcovering.com/","ChIJjfqyGHcvlYARapBexcu6uPk","Visalia","CA"
"Oliver Concrete Construction, Inc.","http://www.oliverconcreteco.com/","ChIJSZVkJWkolYARyb0idDRUevA","Visalia","CA"
"Star Spangled Epoxy","https://www.starspangledepoxy.com/","ChIJrYGPo7-rCSQRRoE4U7SzUIc","Birmingham","AL"
"In and Out Flooring","https://inandoutflooring.com/","ChIJWXjfiyzniIgRBzxigx83IA0","Birmingham","AL"
"Birmingham Concreters","https://birminghamconcreters.com/","ChIJeyLBFjsbiYgRMO_Wah73DWM","Birmingham","AL"
"GAE Concrete Co.","http://birminghamconcretesolution.com/","ChIJ-XsydroNiYgRZcc8QrmqbnY","Birmingham","AL"
"Birmingham Paving & Sealcoating","https://birminghampaving.com/","ChIJ67IWy6HXua4Ri4HdsXY7xzU","Birmingham","AL"
"Ken's Concrete Designs","http://kensconcrete.com/","ChIJ_____48UYogRCIT2ICHvs18","Huntsville","AL"
"MARBLELIFE® of Huntsville","https://marblelife-huntsville.com/","ChIJkUH6w-hpYogRFBS0utMdkfM","Huntsville","AL"
"Valley Contracting & Concrete","https://valleycontractingconcrete.com/","ChIJR7Ckh40VYogRWpC-bJB93L4","Huntsville","AL"
"Prime Concrete Co.","http://madisonconcretecontractor.com/","ChIJryJNSY5lYogRXPJii7T0f0s","Huntsville","AL"
"Azusa Epoxy Flooring","https://azusaepoxyflooring.com/","ChIJSWs2J68nw4ARNzVa4-jBYSo","Victorville","CA"
"Nexgen Concrete Coatings","http://www.nexgenconcretecoatingsllc.com/","ChIJecVZ6v-HO4gRfyRzrWcq624","Toledo","OH"
"Hoover & Wells Inc.","https://www.hooverwells.com/","ChIJ3Vq5WAGEO4gRC1nov1ZpRhM","Toledo","OH"
"Toledo Concrete Professionals","https://toledoconcrete.net/","ChIJe4WWbg2HO4gR6PYUAskVIuE","Toledo","OH"
"FoamWorks Concrete Leveling","http://www.foamworksconcreteleveling.com/?utm_source=google&utm_medium=organic&utm_campaign=gmb-perrysburg&utm_content=website&y_source=1_OTg2OTkxNjMtNzE1LWxvY2F0aW9uLndlYnNpdGU%3D","ChIJlQ7-3SV3PIgR32odSolMkK4","Toledo","OH"
"Paul Turner Concrete & Excavating","https://pturnerconcrete.com/","ChIJnWhd_bxpPIgR0_PUZ3vKWkY","Toledo","OH"
"Paradigm Concrete Finishes","https://paradigmconcretefl.com/florida/epoxy-floors-sarasota-fl/","ChIJbQLPjnJHw4gRHMkyFN13xN0","Cape Coral","FL"
"Ridgeback Concrete Contractors of Fort Myers","https://ridgebackconcretecontractors.com/","ChIJKyLX05Y_24gR1OnEvAc7KOk","Cape Coral","FL"
"Advanced Floor Coatings","https://www.afcpros.com/","ChIJV9C7WZurNogRR7EodHRV7pA","Akron","OH"
"Erickson Epoxy Floors","http://ericksonepoxyfloors.com/","ChIJPbjILI-8DowRwRzjoHaiTQY","Lincoln","NE"
"Midwest Floor Covering, Inc.","http://www.mwfloor.com/","ChIJu2h55Yq7locRltXTUkKe5SQ","Lincoln","NE"
"Millennium Decorative Concrete","https://www.millenniumdecorativeconcrete.com/","ChIJG4miR82-locRsKuO4EYKLyc","Lincoln","NE"
"Stephens & Smith Construction Co., Inc.","https://www.stephensandsmith.com/","ChIJiUIQMqS_locRxQYj-tCb1hg","Lincoln","NE"
"Lincoln Elite Concrete and Paving","https://www.lincolnconcretenpaving.com/","ChIJORIF4_2_locRphpm5wEJ0Mo","Lincoln","NE"
"Tillotson Enterprises","https://trusttillotson.com/lincoln-ne-commercial-roofing-contractor/?utm_source=gmb&utm_medium=organic&utm_campaign=profile","ChIJQySmjOW7locRu59Q0_7ZKqk","Lincoln","NE"
"CrossLinc Custom Coatings, LLC","http://www.crosslinc.biz/","ChIJL2clY527locRiuTmxAAdYRg","Lincoln","NE"
"Leifert Concrete Construction LLC","http://leifertconstruction.com/","ChIJ3TBu5LO_locRTm9Fm7CcZ6Y","Lincoln","NE"
"Haywood Floor Covering Inc","http://www.haywoodfloorcovering.com/","ChIJ-8AubXaEsIkRYdQ0K2PhWGs","Newport News","VA"
"Eastern Floor Covering","https://www.easternfloorcovering.com/","ChIJy51u7bl-sIkRUdx3LxtV4Y8","Newport News","VA"
"Adams Flooring LLC","http://www.adamshardwoodflooring.com/","ChIJ39p7EZmBsIkRMd2OgTponrg","Newport News","VA"
"Just Floored","https://www.justflooredinc.com/","ChIJASUzbM6cuokRJ4mMZcjAKy4","Newport News","VA"
"Commercial Concrete","https://www.commercialconcreteva.com/","ChIJFQsh3EKEuokRBcMfvw_650o","Newport News","VA"
"GC Commercial, Inc.","http://gc-commercial.com/","ChIJKYpcx5d4sIkR_qlauSkOSVY","Newport News","VA"
"Ark-La-Tex Concrete Coatings","https://ark-la-texconcretecoatings.com/","ChIJWaYePoUxMYYR2-5cCqPq7wM","Shreveport","LA"
"Dixie Floors, Inc.","http://dixiefloors.net/","ChIJ27iLKe7MNoYRbVLHAaUl6Tc","Shreveport","LA"
"SC Steel and Concrete Professionals","https://www.steelandconcretepros.com/","ChIJmbCyPBgG3QgRUhexSlctXKw","Shreveport","LA"
"BCL Concrete Constructions","https://bossiercitiesconcretecontractor.com/","ChIJ7_snI_MzMYYRHL3XBkpFUmc","Shreveport","LA"
"JC Concrete","https://www.jcconcrete-ca.com/","ChIJb-87tMgxUWQRiBUzo1wiTj0","Salinas","CA"
"Wagoner's Polyaspartic Floor Systems & Polished Concrete","https://wagonersepoxy.com/","ChIJVVVVVVHjFYgRcW-tvYM3OME","Fort Wayne","IN"
"BOS Garage Floors","https://bosgaragefloors.com/","ChIJTavIW6XhFYgRHyGlJNez6gM","Fort Wayne","IN"
"SupremeCrete","http://www.supremecrete.com/","ChIJORWEFVW_PYgRxegwWA3vho0","Fort Wayne","IN"
"DANCER","https://dancer.design/?utm_source=Business-Listings","ChIJ8eDrHvDkFYgRkY5piJ9WlHA","Fort Wayne","IN"
"Ace Concrete Coatings","https://aceconcretecoatings.com/?utm_campaign=gmb&utm_medium=organic&utm_source=google","ChIJOzhLTICS5yoRnVRknC5vVj4","Fort Wayne","IN"
"Supreme Coatings, LLC","https://supreme-coatings.com/","ChIJEenznTHzFogRcRFrtanNCbA","Fort Wayne","IN"
"Shannon Concrete Construction","http://www.shannonconcrete.com/","ChIJx-mxU4DjFYgRf-lXCeDNvS8","Fort Wayne","IN"
"PROCOAT COATINGS","http://www.procoatcoatings.com/","ChIJk50NAimAdiARS0uIWGyFDJU","Fayetteville","AR"
"S&Z Concrete Contractors LLC","https://szconcretecontractors.com/","ChIJzTb5RT5VlVQRXCV7BHlY3JA","Salem","OR"
"Henderson Concrete Construction Inc","https://www.hendersonconcreteinc.com/","ChIJz5Diyf7_v1QRFC_rnAMuNKw","Salem","OR"
"San Angelo Epoxy Flooring","https://sanangeloepoxyflooring.com/","ChIJf9q6bqvlV4YROJcQkHT1CWI","Laredo","TX"
"VIVA Floors & More","https://www.viva-floors.com/","ChIJiz6-j9WWb4YR_DVuXjy7zpc","Brownsville","TX"
"LUXE ELITE","https://www.luxeeliteutah.com/?utm_source=google&utm_medium=wix_google_business_profile&utm_campaign=10267385777809649182","ChIJI8HpviYjdaERe4JFn3E7cmU","Provo","UT"
"Avid Epoxy","https://avid-epoxy.com/","ChIJhUr2AtB9VIcR3sPYDn_DaTw","Provo","UT"
"MAC Concrete Coatings","http://www.macconcretecoatings.com/contact","ChIJL4Ilv-FiUocRH3oG9uhBDa8","Provo","UT"
"Floor Coatings Pro","http://floorcoatingspro.com/","ChIJlarsGlr2BogR-PsA_4DFa9U","Madison","WI"
"Sergenian's Floor Coverings - Residential Showroom","https://www.sergenians.com/?utm_source=google&utm_medium=googlemybusiness","ChIJS6vLpW2tB4gRevZyjeaK7xA","Madison","WI"
"Coyle Carpet One Floor & Home","http://www.coylecarpetonemadison.com/","ChIJmwLPuMFSBogRORP6o0QEpEM","Madison","WI"
"The Concrete Company","http://www.theconcretecompanyonline.com/","ChIJFTZCYVKtB4gRZWVAk57mC14","Madison","WI"
"D & M Concrete Co Inc","http://www.dmconcrete.biz/","ChIJo86jcbWoB4gR5wT-60CMdKE","Madison","WI"
"TLC Concrete Coatings","https://tlccoatings91.com/","ChIJUXgB8kDR_IcRPmoUCd23VRc","Madison","WI"
"Superior Concrete Madison","https://superiorconcretemadison.com/","ChIJsQsGP-OtB4gRtpcneIssGoE","Madison","WI"
"Eco Concrete","https://ecoconcretecompany.com/?utm_campaign=gmb-listing&utm_medium=organic&utm_source=google","ChIJw-ZzPjzF5UQRQukSUdJ_HMM","Madison","WI"
"Heavy Duty Floors, LLC","https://www.heavydutyfloors.com/","ChIJn1mbiQ6z54kR3B1x27rapyc","New Britain","CT"
"Frontline Waterproofing And Masonry","https://frontlinewaterproofingmasonry.com/","ChIJk38m47-z54kRLTyagx-sfyY","New Britain","CT"
"Edison Coatings Inc.","http://www.edisoncoatings.com/","ChIJhYEWcK2x54kRjtyU50lSeEs","New Britain","CT"
"StampItCrete","https://stampitcrete.com/columbus-ga/?utm_source=localfx&utm_medium=organic&utm_campaign=localfx","ChIJwVXCmQ7LjIgRDoWMhr-59Yc","Columbus","GA"
"Jabali Concrete Construction LLC","https://www.jabaliconcrete.com/","ChIJ12jzLM1S84gRFRMPiMSKHV8","Columbus","GA"
"Concrete Finishes Inc","http://concretefinishesinc.com/","ChIJrT5nYmsT9YgRkz85HGhb-jw","Columbus","GA"
"Yates Flooring Center","http://www.yatesflooring.com/","ChIJ50BHn9MM_oYRVUgQ6s_AVM8","Lubbock","TX"
"Custom Trim Design & Flooring","https://customtrimdesign.com/","ChIJS6QkVBhz_oYRdciRWgIc18Y","Lubbock","TX"
"Winder Flooring","https://winderflooring.com/","ChIJ_R4lIINz_oYRpRmkGVFYGak","Lubbock","TX"
"Home Run Concrete Coatings","https://homerunconcretecoatings.com/","ChIJI2XPHxfZ-4YREBI82w5CONg","Midland","TX"
"Decorative Concrete Permian Basin","https://decorativeconcretepb.com/","ChIJx7QVbO_Z-4YR_zM874CR8sI","Midland","TX"
"Stupp Coatings","https://www.stuppcorp.com/","ChIJ7X-_trGfJoYRS9FTVrbUgJk","Baton Rouge","LA"
"Baton Rouge Concreters","https://batonrougeconcreters.com/","ChIJHQP_6xWhJoYRl-qabmaRhfI","Baton Rouge","LA"
"Resurface-It, Inc","https://www.resurfaceitinc.com/","ChIJzaa4QNEdwVQRFqJrv7-9oAk","Eugene","OR"
"Dynasty Concrete Co","http://www.dynastyconcrete.com/contact/","ChIJEWXc0Q4cwVQRtRujWzPPcbU","Eugene","OR"
"The Floor Project - Brands for Less Topeka","http://www.thefloorproject.com/","ChIJ90-CRD39vocR8peRE4i2fEM","Topeka","KS"
"Kaw Valley Hardwood Inc","http://www.kawvalleyhardwoodinc.com/","ChIJ3ybYLnr_vocRtNZXFrFiZHE","Topeka","KS"
"Unique Design","https://www.uniquedesignks.com/","ChIJ96h6Cj79vocRPBIiQJNU2oA","Topeka","KS"
"Rossi Decorative Concrete & Epoxy","https://rossidce.com/","ChIJlXt4hoxp34gRUM2AXuEGZpM","Chattanooga","TN"
"Concrete Repair Specialist, LLC","http://www.concreterepairspecialist.com/","ChIJvyZh0PldYIgRQ8czjdXH6Io","Chattanooga","TN"
"Chattanooga Concrete Contractors","https://chattanoogaconcretecontractors.com/","ChIJgz61awZdYIgRTuydShjGKts","Chattanooga","TN"
"Team Red Coatings","https://www.teamredcoatings.com/","ChIJrR4nqyhNWogRVoxNuexSr2E","Chattanooga","TN"
"Cox Concrete & Excavation","http://coxconcrete.us/","ChIJlR3H9kSLYIgRpYQ3GGlhlH8","Chattanooga","TN"
"Cleveland Elite Concrete","https://www.clevelandeliteconcrete.com/","ChIJA_I5mAcrXogRholsx1egh7U","Chattanooga","TN"
"CROM","https://www.cromcorp.com/chattanooga-tennessee/","ChIJ64MxaCZfYIgRDgtSR8Halh8","Chattanooga","TN"
"Capital Region Epoxy Coating","http://www.capitalregionepoxycoating.com/","ChIJjwxBL0EL3okRPkVMPCEHkdY","Albany","NY"
"George Brothers Inc, Increte of Albany","http://www.georgebrothersofalbany.com/","ChIJUUZWPAsL3okRme1vp230wu0","Albany","NY"
"Hansen's Wood Flooring","https://www.hansenswoodflooring.com/","ChIJRSl6IykL3okReRIMygD8sL4","Albany","NY"
"American Design & Contracting, LLC","http://adcmason.com/","ChIJPY74Elxz3okRWZ0rWKkpuOE","Albany","NY"
"Leading Concrete Solutions","http://www.leadingconcretesolutions.com/","ChIJaa5SGOoF3okRs5zVqKJjUw0","Albany","NY"
"Denali Construction Services","http://www.denaliconstructionservices.net/","ChIJ2Sij0HgL3okRrjRbyMnEOjU","Albany","NY"
"Prestige Sealcoating & Striping LLC","http://www.prestige-sealcoating.com/","ChIJl3xKA3bi3YkR9HgA2Vz-2Jo","Albany","NY"
"Flooring Contractor Richmond","http://flooringcontractorrichmond.live/","ChIJee_C0IYRsYkRni945MaaGkg","Richmond","VA"
"All Sealed Up","https://www.allsealed.com/","ChIJF1Mcd5fNsokRPC0oZSrWHzI","Richmond","VA"
"DMA Floors","https://dmafloors.com/","ChIJCzPJ02AasYkR4tULKjC_XrQ","Richmond","VA"
"Buff & Coat Hardwood Floor Refinishing","https://buffandcoatvirginia.com/","ChIJdTLphtA_sYkRzEoRDRcuMQ4","Richmond","VA"
"RVA Classic","http://richmondvaconcretesolution.com/","ChIJg6zEBzIRsYkRncX0GAw5RbI","Richmond","VA"
"EPAcoat, Inc.","https://www.epacoat.com/","ChIJD4HM6jAasYkRvxna_NAN9Xk","Richmond","VA"
"W. J. Rapp Company, Inc.","https://wjrapp.com/?utm_source=GBP&utm_medium=organic","ChIJX32QwQcRsYkR0CjFcEhPX0s","Richmond","VA"
"Superior Floor Coatings, LLC","https://superiorfloorcoating.com/","ChIJubRlYq3r3ogRqwleiUDOC-E","Port St. Lucie","FL"
"Floor Kings Epoxy, Polishing & Resurfacing Inc.","http://www.floor-kings.com/","ChIJecuEL5rp3ogRk2dULBrD7qg","Port St. Lucie","FL"
"All Bright Floor Restoration & Epoxy Coatings","https://allbrightfloorrestoration.com/","ChIJ2Q_O1oLp3ogRdXRgP9HPS7o","Port St. Lucie","FL"
"Port St Lucie Concrete Pros","https://www.stlucieconcretecontractors.com/port-st-lucie","ChIJ4Qbs4pUqC6URJGj92bzUjEA","Port St. Lucie","FL"
"Palm Beach Epoxy Pros","https://palmbeachepoxypros.com/","ChIJ1yIVyWTV3ogRC-KZvFZ2YMM","West Palm Beach","FL"
"Select Coatings, Inc.","http://www.selectcoatings.com/","ChIJyQDvp4Pf2IgRLPyJT2qYbZM","West Palm Beach","FL"
"Complete Concrete, LLC","https://completeconcretefla.com/","ChIJD-9Q3DYt2YgRgMD2u-qk1ao","West Palm Beach","FL"
"585 Epoxy Solutions LLC","https://www.585epoxy.com/","ChIJIeaoNsUvS4IRmsbh5MvwQ_Q","Rochester","NY"
"Monroe Floor Resurfacing","https://monroefloorresurfacing.com/","ChIJf_Xv_Zyv1okRQqDq24f9yI8","Rochester","NY"
"Aldric Concrete Contractors","https://www.aldricconcreterochester.com/","ChIJZWeTY5RMZ6sRpwc-_Q5SiSQ","Rochester","NY"
"Upstate Increte","http://www.upstateincrete.com/","ChIJL4KGgJuz1okRvpvfRd7xe2k","Rochester","NY"
"Concrete Solutions","http://www.rochesterconcrete.com/","ChIJ2YhvAzix1okRO19A1T0CcxY","Rochester","NY"
"Palermo Concrete Inc","http://www.palermoconcreteinc.com/","ChIJew70l-ey1okRAdwiKKzOURQ","Rochester","NY"
"FloorCo. Premium Flooring & More","https://floorcopremium.com/","ChIJp0nolV5LRYYRaTdXD_d5y-8","Killeen","TX"
"CMD Concrete Contractors","https://www.masonrykilleentx.com/","ChIJL1xeqPKSRCQRlezHE-1EaVA","Killeen","TX"
"House of Floors","http://house-of-floors.com/","ChIJPzEqAzdKRYYRngfNM0X-Yx0","Killeen","TX"
"Merlan's Flooring LLC","https://www.merlansflooring.com/","ChIJCSVKeQCxWoYRLPVPgdPlGF0","Killeen","TX"
"Carolina Concrete Finishing","http://carolinaconcretefinishing.com/","ChIJp4bketg4q4kR7mQQ8GABTVQ","Fayetteville","NC"
"Garner Concrete","https://www.garnerconcretenc.com/","ChIJ58kE8Q9Yq4kR-a1DHkDFuCk","Fayetteville","NC"
"Fay Block Materials","http://www.fayblock.com/","ChIJHy-nQiFtq4kRmRY9qUNHxQA","Fayetteville","NC"
"Quality Concrete Co","https://www.qualityconcretenc.net/","ChIJ706c8PISq4kR6FXoFQXeO-4","Fayetteville","NC"
"Prodigy Boy Management LLC","https://www.prodigyfloorsandmore.com/","ChIJ51KY1ywrjIgRq-QyoJ_qQXs","Montgomery","AL"
"Precision Floor Care","http://callpfc.com/","ChIJ1zwdPKIojIgRLVbV9SjuBZU","Montgomery","AL"
"PennyEarned, LLC","http://pennyearned.co/","ChIJCY5_-mV4jogRg7Dr6kMRIEE","Montgomery","AL"
"A+ Concrete Designs, LLC","http://aplusconcretecoatings.com/","ChIJz-ID7SpvmogRz2NyNj5EwNc","Montgomery","AL"
"A & C Construction Company","http://www.aandcconstruction.com/","ChIJ23LDtGkujIgRC7kihTnt1bU","Montgomery","AL"
"Alexander Sealcoating & Striping Inc","https://www.alexandersealcoating.com/","ChIJNfbX71wojIgRLTnouwhaRPg","Montgomery","AL"
"The Floor Store of South Bend Inc","https://thefloorstoreofsouthbendinc.com/","ChIJ722hypoxEYgRZc2qqYe9C6Q","South Bend","IN"
"ProSource of South Bend","https://www.prosourcewholesale.com/showrooms/in-prosource-of-south-bend?utm_source=GBP&utm_medium=Organic","ChIJb5zIbgzOFogRO0SSBaqVV24","South Bend","IN"
"Ideal Coatings, LLC","https://idealcoatings.com/","ChIJL7FM1yD6FogR4OJJ1VLSYo8","South Bend","IN"
"Decorative Concrete Surfaces","https://dcsiowa.com/?utm_source=GBP&utm_medium=organic&utm_campaign=Solon","ChIJo1ppzy1d5IcRRdObpz-CSUs","Cedar Rapids","IA"
"Claussen Painting & Blasting","https://claussenpaintingandblasting.com/","ChIJsWmPnatf44cR87f8jvdyx_o","Cedar Rapids","IA"
"Earthworks Concrete","http://www.earthworksconcrete.com/","ChIJ8baueXXw5IcRSCzfQYAsFkI","Cedar Rapids","IA"
"Domer Concrete Solutions","https://www.domerenterprises.com/","ChIJ7cKMFZHz5IcRlA6U2NuXeoY","Cedar Rapids","IA"
"PROCOAT FLOORING SOLUTIONS","http://procoatflooringsolutions.com/","ChIJSdkre7J3O0YRp3C2T-8-S5A","Augusta-Richmond County","GA"
"The Surface Pros Inc.","http://www.yoursurfacepros.com/","ChIJV34yIfAq-IgR5X56If6f6Y8","Augusta-Richmond County","GA"
"Titan Concrete Coatings","http://titanconcretecoatings.com/","ChIJc0RUj4jV-YgRBaFzfAxT18E","Augusta-Richmond County","GA"
"Superior Concrete Augusta","https://superiorconcreteaugusta.com/","ChIJc5x726nT-YgRQrRyej2CRTM","Augusta-Richmond County","GA"
"Cantey Foundation Specialists","https://www.canteycanfixit.com/?utm_source=google&utm_medium=organic&utm_campaign=CFS-Google%20Business%20Profile-Augusta%20GA&utm_content=Website%20Button","ChIJ0arawnLM-YgRG5RamrSKtcw","Augusta-Richmond County","GA"
"Murley's Floor Covering & Abbey Design Center","https://www.murleysfloorcovering.com/","ChIJKSBCHL55mFQRE1Ww4AFN2-U","Kennewick","WA"
"Windsor Plywood","http://www.windsorplywoodkennewick.com/","ChIJw2nYFut5mFQRtEKqXKSXsA0","Kennewick","WA"
"Mount Zion Construction","https://www.mountzionconstruction.com/","ChIJlxJMLVp4mFQRMOXpVWTu0EI","Kennewick","WA"
"Great Floors","http://www.greatfloors.com/","ChIJ8QOVKI15mFQRUF1vl2JW6w4","Kennewick","WA"
"LEGACYCONCRETE22","https://legacyconcrete22.com/","ChIJSQRdHch5mFQRJnGTIckIxEM","Kennewick","WA"
"Concrete Special Ties","http://www.cstsupplies.com/","ChIJW5tNiOp5mFQR3JQBjmdMoVA","Kennewick","WA"
"XPS Xpress - Amarillo","https://xpsxpressama.com/","ChIJNRNuij9PAYcRDBRLLRoHyV4","Amarillo","TX"
"Budget Floors","http://budgetfloorsinctx.com/","ChIJO2lO5TJQAYcR4HXSx_lcye0","Amarillo","TX"
"Apache Concrete Construction LTD","https://apacheconcreteltd.com/","ChIJAXhpb_5EAYcRPfb-Q3V5v2s","Amarillo","TX"
"Legacy Supportworks","https://www.legacysupportworks.com/?utm_source=google&utm_medium=organic&utm_campaign=gmb-website","ChIJCfotaaJaAYcR3aezwDgfBWU","Amarillo","TX"
"CIR Coatings","http://www.circoatings.com/","ChIJnQs_eyU7ZioR4uaT-18mq6o","Amarillo","TX"
"Shepherd Concrete","http://www.shepherdconcrete.net/","ChIJvUwRoaJLAYcReLbK65l_zcs","Amarillo","TX"
"Childers Brothers Inc","https://childersleveling.com/","ChIJEYMoyH9DAYcR96Hgox3BHZU","Amarillo","TX"
"Port City Concrete","http://mobileconcretesolution.com/","ChIJ97mUH6tPmogRNV6dg91ubjg","Mobile","AL"
"Superior Coatings","https://superior-coatings.com/","ChIJqU4aUqgoCAsRFW4hG4AJtaU","Mobile","AL"
"VM Power Kitchen & Bathroom Remodeling | Lehigh Valley","http://www.vmpowerconstruction.com/","ChIJYYQC7Qk5xIkRRgH-4v70c8o","Allentown","PA"
"Lehigh Valley Concrete.","http://www.lehighvalleyconcretecontractors.com/","ChIJCxEcBRI7xIkR6cASYbMlPA0","Allentown","PA"
"Creative Concrete & Masonry LLC","http://pacreativeconcretemasonry.com/","ChIJLX33_0QvxIkRnZAH-WH2w_8","Allentown","PA"
"Lehigh Valley Concrete","https://concretelehighvalley.com/","ChIJlx6Yr9c5xIkR52u8qO90Ri8","Allentown","PA"
"ASRE","https://www.asrellc.com/","ChIJsWRY9vE7xIkR5daJ208XjW8","Allentown","PA"
"Joswick Concrete Contractor","https://www.joswickconcrete.com/","ChIJI-lloJFDxIkRMW4hKg-oNQ0","Allentown","PA"
"Lehigh Concrete Technologies","http://www.lehightech.com/","ChIJLUceKeowxIkRt8cXNdzERBI","Allentown","PA"
"Abbey Carpet of Santa Maria","http://santamaria.abbeycarpet.com/","ChIJsVgOelhr7IARiDW2gZpyduc","Santa Maria","CA"
"Flooring 101 (G & S Carpet Co)","https://flooring101.com/gandsflooring/","ChIJpQmgL3Rs7IARHFWPycott18","Santa Maria","CA"
"Bob Moses Ceramic Coating Santa Maria","https://bobmosescc.com/locations/santa-maria-ca/","ChIJ_fmV1uAV7IARR6qNrnuKikg","Santa Maria","CA"
"R & E Concrete, Inc","http://www.centralcoastconcrete.com/","ChIJwdH5RecT7IAROUu444_6DE8","Santa Maria","CA"
"King Concrete & Construction, Inc.","http://kingconcrete.pro/","ChIJtz_Zb6de7IAR4WKMlFx1Rg8","Santa Maria","CA"
"Czar Wood Floor Company","https://czarwoodfloors.com/","ChIJYRTeLv9jBYgR4NIqLEsyaR0","Kenosha","WI"
"MidNorth Epoxy Flooring","https://midnorthepoxyflooring.com/","ChIJ3VNGjwm3VE0Rv1U1nwEUdvw","Kenosha","WI"
"Epoxy Solutions, Inc.","https://epoxysolutionsinc.com/","ChIJLYagjVi_A4gRbpRSiRAkz7c","Kenosha","WI"
"Carpetland USA Flooring Center Kenosha","https://www.carpetlandusaflooringcenter.com/","ChIJ_wdbF-lgBYgRLhIAW_HiNs8","Kenosha","WI"
"Dickow-Cyzak Tile Carpet One","https://www.dickow-cyzakcarpetone.com/?utm_source=google&utm_medium=organic&utm_campaign=gbp-listing&utm_content=Kenosha-showroom","ChIJ32eDSldgBYgR2_9fH_axXpo","Kenosha","WI"
"Carpet City Flooring Center Kenosha","http://carpetcitywi.com/","ChIJhx9Ot9phBYgRk_CilNkBWII","Kenosha","WI"
"Anderson Floor Covering","https://www.andersonfloorcovering.com/","ChIJX9YfVvuE96URmCQgE_Uyo9g","Kenosha","WI"
"Extreme Decorative Concrete","http://edccbi.com/","ChIJV6r6mWOSD4gRgQZOTpeAtOA","Kenosha","WI"
"L & L Concrete","http://landlkenosha.com/","ChIJ7_favqVgBYgRNyWrhcw3Xso","Kenosha","WI"
"SBRI Epoxy","https://www.sbriepoxy.com/","ChIJHVIU_IS3CIgR7TaRovxxtc8","Rockford","IL"
"Southern Illinois Epoxy","https://southernillinoisepoxy.com/?utm_campaign=gmb","ChIJu1UG8sAPd4gRxaboWZB3NEY","Rockford","IL"
"Flooring America of Davenport","https://www.flooringamericadavenport.com/?utm_source=google&utm_medium=organic&utm_campaign=gbp-listing&utm_content=Davenport-showroom","ChIJAzwkI8E14ocRal3GVf-ohDs","Davenport","IA"
"Behncke Construction Inc.","http://www.1948bc.com/","ChIJz_d4OKc04ocRWBtWau_vWoQ","Davenport","IA"
"PremierGarage of Knoxville","http://premiergarageknoxville.com/","ChIJpdUY_aIvXIgRmA9J34nzjbc","Knoxville","TN"
"FlorLine South, Inc.","https://florlinesouth.com/?utm_campaign=gmb","ChIJ5zdGkLAvXIgR3n7tvgoq-fw","Knoxville","TN"
"Mr. Handyman of West Knoxville","https://www.mrhandyman.com/west-knoxville/?cid=LSTL_MHM000197&utm_source=gmb&utm_campaign=local&utm_medium=organic","ChIJTT8GHW0lXIgRi_YpUb1ugfs","Knoxville","TN"
"Focus Construction TN","http://www.focusconstructiontn.com/","ChIJD2UMkwIlXIgRG3mI7yCB7tw","Knoxville","TN"
"JR Concrete","https://jrconcretetn.com/","ChIJj95RAzk9XIgROhhouwWCuGE","Knoxville","TN"
"Zebra Coatings","https://zebracoatingsfl.com/","ChIJycfE5R1XPg4R4fO9X63K5rQ","Palm Bay","FL"
"Industrial Protective Coatings, Inc.","http://www.anchorbond.com/","ChIJVYpmkk38AogR-K_s9Sgk6AQ","Green Bay","WI"
"Advance Concrete, LLC","https://www.advanceconcretellc.com/?utm_source=google&utm_medium=wix_google_business_profile&utm_campaign=13546267850163875294","ChIJcU3hjvEzL4kR7nq2l6p_2Gw","Green Bay","WI"
"Martell Construction Inc","https://www.martellco.com/","ChIJA21A2hLwAogR32OMgHArBpM","Green Bay","WI"
"Classic Concrete Floor Coatings","https://justplainbusiness.com/classic-concrete-floor-coatings/","ChIJGRLakxftIYgRRqq_b7k-DGw","Kalamazoo","MI"
"Custom Concrete Concepts","http://customconcreteconcept.com/","ChIJseekQ2l3F4gRHIxfQuCNn-U","Kalamazoo","MI"
"Ace Industrial Floor Coatings L.L.C.","http://aceindustrialsolutions.net/","ChIJb1ZBUDazJIgRTU8TLIqJKoM","Kalamazoo","MI"
"One Day Custom Floors","https://onedaycustomfloors.com/","ChIJEWOAL6_NJIgR_1Jhxp3b_bw","Jackson","MS"
"MidSouth Crawlspace Solutions","https://www.mscrawlspace.com/?utm_source=google&utm_medium=organic&utm_campaign=gmb-website","ChIJo_aKDU4vKIYRd8k2gNgo320","Jackson","MS"
"Byrd & Cook Floor Covering and Interiors","http://www.byrdandcook.com/","ChIJqbXCxu4tKIYRX8kDZ4Uci4c","Jackson","MS"
"Superior Foundation Services","https://superior.ms/?utm_source=google&utm_medium=organic&utm_campaign=gbp_listing","ChIJkwdYjnLSKYYRnIU2-juM9Io","Jackson","MS"
"Watkins Construction & Roofing","https://watkinsconstructioninc.com/jackson-mississippi-roofing-contractor/?utm_campaign=gmb&utm_medium=gmb&utm_source=googlejmsgmb","ChIJVVVVVUoyKIYRVmF1B4FFLEg","Jackson","MS"
"Carter & Company","http://www.carterandcompanytexas.com/","ChIJn2TX9KE0OYYRE9gahn7DYww","Beaumont","TX"
"Texas Materials","https://texasmaterials.com/","ChIJddcc483KPoYRl8MhO7qgfHk","Beaumont","TX"
"Premier Coatings Co.","https://sfpremiercoatings.com/","ChIJF20fvVRTiYcR1We3xVP0f-k","Sioux Falls","SD"
"Concrete Experts & Design","https://concreteexpertdesign.com/","ChIJv6nXnkZHvSYR4n0ZiiLo13A","Sioux Falls","SD"
"Scholten Construction - Decks, Concrete, Painting, Siding, and Roofing","https://scholtenconstructionllc.com/?utm_source=GMB&utm_medium=organic","ChIJiRQ6IR_LjocRRHhDyJNdvjo","Sioux Falls","SD"
"Sioux Falls Concrete Contractor","http://www.siouxfallsconcrete.com/","ChIJdeytWCG1jocRz4xybVbgBSo","Sioux Falls","SD"
"Northwest Corp.","https://www.northwestcorporations.com/","ChIJ-67t3yy1jocRxMhXaMivVk0","Sioux Falls","SD"
"Advanced Concrete Construction,LLC","http://www.advancedconcretec.com/","ChIJVVVFQkS0jocRgE1bdGnckgM","Sioux Falls","SD"
"Advanced Concrete Technol/ogy","http://www.advconcrete.com/","ChIJCcDtRIuKxYcRoMqWIdDNtL0","Springfield","MO"
"Applied Flooring, Inc.","http://appliedflooring.com/","ChIJ4dbSqOHPIogRRJ_ekkgIako","Lansing","MI"
"Ace Entities, LLC","http://www.aceentities.com/","ChIJUVpaOYcH9IgRW1BALHFsWZc","Macon","GA"
"Lowcountry Foundation and Crawl Space Repair","https://www.lowcountryfoundationrepair.com/?utm_source=google&utm_medium=organic&utm_campaign=gmbwebsite-macon&utm_content=website","ChIJ5d4AFTJB0EARNX5c-UG8cMg","Macon","GA"
"King's Flooring LLC","https://www.epoxyfloorlancasterpa.com/","ChIJvTF9BZw3xokRdkGYy292A3Y","Lancaster","CA"
"Lancaster Flooring","http://www.lancasterflooring.com/","ChIJ_7G957dawoARtRwB487ikBc","Lancaster","CA"
"DGS Flooring","https://www.dgsflooring.com/","ChIJKV39FzZawoARZTd2h-Koj4A","Lancaster","CA"
"Boulevard Flooring Emporium","https://www.boulevardflooringemporium.com/","ChIJBz9Tv8hawoAR7owMAT3vp8o","Lancaster","CA"
"Metro Floors","https://www.metrofloorsinc.com/","ChIJiR--YpRawoARbk_eDi4SQNY","Lancaster","CA"
"TPC Construction Inc","http://tpcconstructioninc.com/","ChIJyZj64RtbwoARAj1gG3FKfvk","Lancaster","CA"
"DMZ Enterprise","https://www.dmzenterprise.com/","ChIJCxW6Rfy33IcRiJaXbc-f3Wc","Columbia","MO"
"Dave Griggs' Flooring America","https://www.davegriggs-flooringamerica.com/?utm_source=&utm_medium=organic&utm_campaign=gbp-listing&utm_content=Columbia-showroom","ChIJz1kCVifI3IcRZUSRCjq9Dg4","Columbia","MO"
"DNA Concrete and Landscaping LLC","https://dnaconcretecolumbia.com/","ChIJ7bsU_Q233IcRUSf5T1EutYE","Columbia","MO"
"Spartan Ram Jack Foundation Repair & Waterproofing","https://spartanfoundationrepair.com/columbia/?utm_source=Google%2BBusiness%2BProfile&utm_medium=organic&utm_campaign=columbia","ChIJu9KLBDC13IcRFJlCAiKj5f8","Columbia","MO"
"Watson Concrete Inc.","http://watsonconcreteinc.com/","ChIJ1e9utP3J3IcRTfzux7b2pUU","Columbia","MO"
"Advanced Concrete","http://advancedconcreteco.com/","ChIJEwKwcnmXxIcR6xY0s7WS2DA","Columbia","MO"
"Epoxy Coatingz","https://epoxycoatingz.com/","ChIJNc5Du3VPwIwRh-4F5dFsK0k","Frederick","MD"
"Thompson Flooring & Installation","https://www.thompsonflooringmd.com/","ChIJ0duU8AXbyYkRvStKOTj9Ug8","Frederick","MD"
"Elite Concrete","https://www.eliteconcretesolutionsmd.com/","ChIJq6paB7Not4kRbanHlLmgvxE","Frederick","MD"
"United asphalt and concrete","https://uacmd.com/","ChIJv-aqPuvFyYkRd3xAkfTTWPE","Frederick","MD"
"Fargo Garage Floors & Doors","http://fargogarage.com/","ChIJFeYPgerIyFIR2dm3fUdMyLg","Fargo","ND"
"Quality Coatings & Tile","https://www.qctfargo.com/","ChIJt6HxsnDNyFIRQHLnk-N7JWE","Fargo","ND"
"Concrete Designs LLC","http://concretedesignsmn.net/","ChIJfddN5NURx1IRJHwKwOeB8xw","Fargo","ND"
"Quality Concrete Inc","https://www.qualityconcretefargo.com/","ChIJBZw8ZeLMyFIRfmFwduvmR0Q","Fargo","ND"
"TCC Materials","https://www.tccmaterials.com/","ChIJeYBotuc0z1IRh22if4ovhHI","Fargo","ND"
"United Flooring-Carpet One","http://www.unitedfloorcoveringmerced.com/","ChIJYcvTEAJDkYARq4WZW-U6aZM","Merced","CA"
"Surface Solutions for Concrete","http://surfacesolutionsforconcrete.com/","ChIJLV2XS2UnlIARHGrJGTj9v2g","Merced","CA"
"Hansen's Natural Pebble Stone Floors","http://www.hansenstonefloors.com/","ChIJMS0H4Z5jTIYRpZdt7O7CwkQ","McKinney","TX"
"PolySeal Coating Solutions","https://polysealcoating.com/","ChIJ22jB3SMFTIYRNokZ4guI3ec","McKinney","TX"
"CNY Evergreen Concrete","http://www.cnyevergreen.com/","ChIJl0Qapjvv2YkRIUF-eT4UWt4","Syracuse","NY"
"Syracuse NY Concrete","https://www.syracusenyconcrete.com/nearme-liverpool-concrete-contractors.html","ChIJrww0IWLv2YkRPEziQZwTqpo","Syracuse","NY"
"On Call Concrete Contractors of Syracuse","https://www.concretecontractorsyracuse.com/","ChIJzeLlmO0utiMReKQt9a80i0w","Syracuse","NY"
"Blue Collar Residential Concrete","https://www.bluecollarresidentialconcrete.com/","ChIJMxL7-Xs11S0R9TkV_XE3840","Syracuse","NY"
"Clarksville Floor Covering","http://www.clarksvillefloor-covering.com/","ChIJVwFDncvZZIgRDttX2_7qCWg","Clarksville","TN"
"New Age Flooring","https://newageflooring.com/?utm_campaign=gmb","ChIJATx_-lnYZIgRt5EbbK-5q1c","Clarksville","TN"
"Quality Floor Covering LLC","https://www.qualityfloorcoveringllc.com/","ChIJITIEHlXYZIgR3DsPbQs6z7Y","Clarksville","TN"
"Custom Floors","http://www.customfloorstn.com/","ChIJK3Psq-3YZIgRpQI1VmxWTmg","Clarksville","TN"
"Carpet Express Inc.","https://www.carpetexp.com/","ChIJ_UakrWPeZIgRBUWAn47XwdQ","Clarksville","TN"
"Ed Page Concrete","http://edpageconcrete.com/","ChIJH83TJEfZZIgREysfIfSqWsE","Clarksville","TN"
"Phoenix Flatwork Concrete Contractor LLC","http://phoenixflatwork.com/","ChIJiZfd18XfZIgRne02gXx0M3w","Clarksville","TN"
"Crystal Clear, Inc.","http://www.crystalclearinc.com/","ChIJTfDf4BcNTYgRfUIihOJVW_I","Roanoke","VA"
"Lee's Hardwood Floors","https://www.leeshardwoodfloorsva.com/","ChIJ4bpX0mcOTYgRqeeIS_E17H0","Roanoke","VA"
"William T Conner Concrete Contractor","https://connerconcreteroanoke.com/","ChIJO7Gk9gz1_oARZRl72n0u_5k","Roanoke","VA"
"Martinez Construction of Roanoke, LLC","http://martinezconcreteconstruction.com/","ChIJWZxkzj8OTYgR4wdKZ8FOQRs","Roanoke","VA"
"World Class Epoxy Flooring","https://www.worldclassepoxy.com/","ChIJ__-TJQPwwokRaTrCBdSLaWo","Trenton","NJ"
"Exotic Resin Epoxy","http://www.exoticresinepoxy.com/","ChIJiRF8wB8lwokRaqgjb-OcfJQ","Trenton","NJ"
"Danz Handz Epoxy Specialist","https://www.danzhandzepoxyflooring.com/","ChIJPdxJsq-zw4kRC9F3gDDrXVs","Trenton","NJ"
"Diamond Coating Solution","https://diamondcoatingsolution.com/","ChIJtb-1clTuYigRSrxQlKgzLiM","Trenton","NJ"
"Lifta Epoxy","http://www.liftaepoxy.com/","ChIJS61svItVwokRJQ8m3STw46Y","Trenton","NJ"
"Garage Force of North East New Jersey","https://northeastnj.garageforce.com/","ChIJoe1xSwCpw4kRNO-C0vy93MM","Trenton","NJ"
"Stark Floorings - Polished Concrete Stamp Concrete Epoxy Floors","https://starkfloorings.com/","ChIJbQz7_vJVwokRFkklf5eKR2k","Trenton","NJ"
"Textured Concrete LLC","https://www.texturedconcretellc.com/","ChIJ63Fq6IZIwYkRvS6hliwoe6Q","Trenton","NJ"
"NJ Foundation Repair & Waterproofing","https://www.foundationrepairwaterproofingnj.com/","ChIJuXCZEsBEaa8Rh0lbh-lv4xk","Trenton","NJ"
"Concrete Works NJ LLC","http://www.concreteworksnj.com/","ChIJDfRgJvLLxokRfjDQsUkQy7E","Trenton","NJ"
"Floor'd Concepts, Inc.","https://floordconceptsil.com/","ChIJIRV9ZtpxC4gRRKF9m8FcC-c","Bloomington","IL"
"Smart Coatings of Illinois","https://smartcoatingsofillinois.com/","ChIJ07y7mzYPc4gRhAQan6oZAK8","Bloomington","IL"
"Garage Force of Orland Hills","https://orlandhills.garageforce.com/","ChIJCXDLNkBvDogRzBejCU2twZc","Bloomington","IL"
"Rescue Concrete LLC","http://www.rescueconcretellc.com/","ChIJqyj9qVFkjq8Rn27padC9n_I","Bloomington","IL"
"Repair Experts","https://bloomingtonfoundationrepairexperts.com/","ChIJq6raXDtwC4gRgKtDtY72qsQ","Bloomington","IL"
"HPL Concrete Restoration","https://hplconcreterestoration.com/","ChIJn58zmWOvdIgR7PKbiOhvGu4","Bloomington","IL"
"Bajan Outdoor Living","http://www.bajanoutdoorliving.com/","ChIJm5HOtwqf-IgRFsJ23No2bXQ","Columbia","SC"
"FLOORS","https://scfloors.com/","ChIJIUPqr-Cj-IgRdTJe-Whosd0","Columbia","SC"
"Planet Flooring Columbia","https://www.planet-flooring.com/","ChIJAYnYfna7-IgRz3hTr-Mb7pY","Columbia","SC"
"Southern Textures & Coating","http://southerntextures.net/","ChIJRRCn5m-R-IgRdCBz4aIeHJc","Columbia","SC"
"SLA Concrete Works","https://concretewaco.com/","ChIJzygn_NWDT4YRZPo3Wl4I2JI","Waco","TX"
"Waco Concrete Services","https://www.wacoconcreteservices.com/","ChIJO8mY1bWFT4YRpFQExMEjHgQ","Waco","TX"
"Resilient Concrete Waco","http://wacotxconcretesolution.com/","ChIJm-mRIteDT4YR28CR5ciV12A","Waco","TX"
"Gonzalez Concrete Construction","http://www.gonzalezconcreteconstruction.com/","ChIJC_dFDrWDT4YRtEnpZrq0qbo","Waco","TX"
"Cherry Coatings","https://cherrycoatings.com/","ChIJH4DxlTCHT4YRt_n0UYpeotk","Waco","TX"
"Advanced House Leveling","http://wacotexasfoundationrepair.com/","ChIJz0BZ6N2DT4YR6NKVeyoseoc","Waco","TX"
"The One Day Floor - Gainesville","https://theonedayfloor.com/","ChIJZ2X11Bqj6IgR5rSFqR6XvQw","Gainesville","FL"
"Gator Epoxy and Commercial Floor Services","https://www.gatorcustomepoxy.com/","ChIJMRoBplql6IgR6HEAeCeNuS4","Gainesville","FL"
"FORTRESS FLOOR COATINGS, LLC","https://fortressfloorcoatings.com/home","ChIJp8UDUZolw4gRb7y8dMKMcZY","Gainesville","FL"
"Advanced Concrete Supply, Inc.","https://advancedconcretesupply.com/","ChIJ-wQlNiM8kYgRqsT0lfAaxdg","Gainesville","FL"
"Floors, Doors, & More.","http://fdandmore.com/","ChIJJc1WM9A9FYgRou72VuT5wYg","Muncie","IN"
"Conway Flooring","https://conwayflooring.com/","ChIJh33KzsEXFYgR_QC7Gd_DbMY","Muncie","IN"
"Williams Carpet Shop","https://williamscarpetshopin.com/","ChIJK2IwFO09FYgRD0o57fMqDeY","Muncie","IN"
"Gillman Home Center","https://www.doitbest.com/gillman-home-center/","ChIJm7AIsmk9FYgRicJxNT-KMn0","Muncie","IN"
"Flooring Surfaces Inc.","http://www.flooringsurfacesinc.com/","ChIJRXLsT-zZDIgRElBvyvnPslc","Champaign","IL"
"1 Day Spartan Floors","https://www.1dayspartanfloors.com/","ChIJ1xl-3ThVCYgRG0ICARMPf8c","Champaign","IL"
"C-U Midwest Designs","https://www.c-umidwestdesigns.com/","ChIJt6aiuJEfDYgRbEwI44zz5Wo","Champaign","IL"
"R.P. Lumber","https://www.rplumber.com/","ChIJra3Mt4nQDIgRQxtwpD-18_E","Champaign","IL"
"Duce Construction Company","http://duce-construction.com/","ChIJdaYkhlTZDIgREB9y9goz9nY","Champaign","IL"
"Garage Solutions, LLC","https://garagesolutionsla.com/","ChIJjzaN63hiI4YRYTxdZSlpDzU","Lafayette","LA"
"B.L.A. Floors","https://www.blafloors.com/","ChIJW-V3Mn5jI4YRch_d6rWiImY","Lafayette","LA"
"The Floor Trader - Lafayette, LA","https://www.floortraderlafayette.com/?utm_source=&utm_medium=organic&utm_campaign=gbp-listing&utm_content=Lafayette-showroom","ChIJqeNBsKieJIYRcGnZDTe3p2w","Lafayette","LA"
"Concrete Makeover","https://www.ctilafayette.com/","ChIJpYAW812dJIYREXOVJ3H3iQY","Lafayette","LA"
"T&T Lafayette Concrete Contractors","https://www.lafayette-concrete.com/","ChIJrXBF8pCdJIYRyMOJ-2fyYzc","Lafayette","LA"
"Hoffpauir Concrete","https://www.hoffpauirconcrete.com/contact-us","ChIJq6pu7pSgJIYRbDbdxuSW6V4","Lafayette","LA"
"MC Concrete Works","http://mcconcreteworks.com/","ChIJE8wr-laaJIYRqojQdEJJfi4","Lafayette","LA"
"Cross Timbers Concrete LLC","https://www.crosstimbersconcrete.com/","ChIJJysfALTLTYYRHfSb-xiTfnU","Denton","TX"
"Lionscrete Denton Concrete","https://lionscretedenton.com/","ChIJQcAEodO1TYYRrfqL9TPLQEM","Denton","TX"
"Brush Brothers Coatings","https://brushbrotherscoatings.com/","ChIJR5iKsqMPU4cR6C4Ct9z92i4","Ogden","UT"
"Rizen Coatings","https://www.loganfloorcoatings.com/","ChIJLQqOwgx9VIcRWiUX2MVEEOw","Ogden","UT"
"Wall 2 Wall Flooring","http://www.wall2wallflooring.com/","ChIJbZeWaxMPU4cRFkjeK45ofNA","Ogden","UT"
"Vista Concrete Construction","https://www.vistacrete.net/","ChIJ7W1Zqkj1wIcRhSHVHlbf6_0","Ogden","UT"
"Greer's Flooring America and Kiba Studios","https://www.greersflooringamericaevansville.com/?utm_source=&utm_medium=organic&utm_campaign=gbp-listing&utm_content=Evansville-showroom","ChIJQ1HBh7QqbogRsDspkySZ9w4","Evansville","IN"
"REITER'S FLOORING","https://free-4388591.webador.com/","ChIJfX1K1VyxESMRVfzFZl_frP4","Evansville","IN"
"Mr. Sandless Floor Refinishing Evansville","https://www.mrsandless.com/evansville-wood-floor-refinishing.php?utm_source=Google&utm_medium=Organic&utm_campaign=LocalSEO","ChIJicWo-xMrbogRhQFnB1Zr1vo","Evansville","IN"
"Paint & Carpet Depot","http://www.paintandcarpetdepot.com/","ChIJGTZELBLVcYgR025Nt6qcEHY","Evansville","IN"
"Haubstadt Paint & Flooring","http://haubstadtfloors.com/","ChIJ44WcnNHYcYgRYp679Cq1VZQ","Evansville","IN"
"Action Coatings LLC","https://www.actioncoatings.pro/","ChIJfcNO9FUxbogRDIzYDQ74OMs","Evansville","IN"
"Commonwealth Concrete Coatings LLC","http://www.owensborofloorcoatings.com/contact-us.html","ChIJAQD8rRe6b4gRJdyo2_PMq4U","Evansville","IN"
"DesignCo - Abilene","http://designco.co/","ChIJV5a-5eWNVoYRzlK1y3BCcIU","Abilene","TX"
"Beau & Co. Flooring","https://www.beaucoflooring.com/","ChIJqdo376pst6ARCXVmW2PDVqk","Athens-Clarke County","GA"
"BCI Painting","http://www.wereyourpainters.com/?utm_campaign=gmb","ChIJKXzbGDR39ogR9HmLcJu-qCE","Athens-Clarke County","GA"
"Kingdom Concrete Athens","https://www.athensconcrete.com/","ChIJO232lD5t9ogRwWkygpN6uDE","Athens-Clarke County","GA"
"Raz-Barry Construction | Epoxy Floor","https://razbarryconstruction.com/","ChIJRUFcY7v5uYcRNGjKDBno7ZE","Daytona Beach","FL"
"Aim High Concrete Solutions","https://daytonabeachflconcrete.com/contact-us/","ChIJv04qXH_Z5ogREoIxDQozJ94","Daytona Beach","FL"
"PFL Concrete Co.","https://portorangeconcretecontractor.com/","ChIJBet7rEHZ5ogRCbWPBKrjUPg","Daytona Beach","FL"
"Let Your Floor Shine","http://letyourfloorshine.com/","ChIJOeZK9kljWogRtaKga1DGdW4","Johnson City","TN"
"Ortiz Construction and Landscaping","http://ortizbuild.com/","ChIJUxmcBgl9WogRanTvcI0t8y0","Johnson City","TN"
"Faith and Grace Flooring, LLC","https://www.faithandgraceflooring.com/","ChIJ0zry01nhhwYRQQaMwTDMZuo","Murfreesboro","TN"
"QuestMark","https://www.questmarkflooring.com/tennessee/nashville","ChIJ82YZqjeEZIgR9whbNKHaA7I","Murfreesboro","TN"
"Legacy Flooring Co.","https://www.legacyflooringco.com/","ChIJKx6Nl3r5Y4gREdn_rx2mLGk","Murfreesboro","TN"
"Elite Concrete","https://www.eliteconcretetn.net/","ChIJpxBZYqwJZIgRQsgIPKhocvc","Murfreesboro","TN"
"Premier Concrete Scapes","https://premierconcretescapes.com/","ChIJs08V5GkzTiARWbXefVR8qpc","Murfreesboro","TN"
"Advanced Concrete Systems llc","https://advancedconcretesystems.com/","ChIJRf-U02kNZIgRVM7UqKIJZiU","Murfreesboro","TN"
"Ann Arbor Carpets Flooring America","https://www.annarbor-flooringamerica.com/?utm_source=google&utm_medium=organic&utm_campaign=gbp-listing&utm_content=Ann%20Arbor-showroom","ChIJSQkYzJKvPIgRI7WRujkKudg","Ann Arbor","MI"
"Square and Compass Flooring","https://www.squareandcompassflooring.com/","ChIJI1Hc1WdZO4gRjY2c-nIAMD0","Ann Arbor","MI"
"Supreme Creations Floor Coatings","https://scfloorcoatings.com/","ChIJxXeWz21HO4gR6kBi6UCOVnk","Ann Arbor","MI"
"A-1 Concrete Leveling & Foundation Repair Southeast Michigan","http://www.a1concretelevelingsoutheastmichigan.com/","ChIJ1--zPcpZO4gR1SWLpuNN_os","Ann Arbor","MI"
"Underfoot Concrete Solutions","https://www.underfootcs.com/","ChIJi2IxWkc5dYgRdX4rEDUj_Gs","Springfield","IL"
"Flooring of Springfield Inc.","https://www.flooringofspringfieldinc.com/","ChIJbVGJJZ04dYgR5KzUfS-mB54","Springfield","IL"
"Rock Hard Coatings","http://www.rockhardcoatingsne.com/","ChIJhd4a1qXbxIkR6FvQo1246mQ","Scranton","PA"
"Concrete Texturing Tool & Supply","http://www.concrete-texturing.com/","ChIJrT6igs3bxIkRPAgpIZq-vUg","Scranton","PA"
"M.C. Gerard Inc.","http://www.mcgerard.com/","ChIJs2EB-sTYxIkRNR9AbeQwBW8","Scranton","PA"
"Peoria Drywall and Painting","http://peoriadrywallandpainting.com/","ChIJGSku0TZaCogRB3SaHreVIqQ","Peoria","IL"
"Peoria Concrete Solutions","https://concretepeoriail.com/","ChIJVVXB0WRZCogRu5dwsJTEr6U","Peoria","IL"
"The Floor Trader of Gulfport","https://www.floortradergulfport.com/","ChIJGXc4niQ-nIgRJ3IosTGLrCU","Gulfport","MS"
"Cozy Comfort Floors, LLC","https://www.cozycomfortfloors.com/","ChIJyzOr-f8XnIgRzHW8pij-yJM","Gulfport","MS"
"Baudier's Flooring LLC","http://www.baudiersflooring.com/","ChIJt4DgmdUXnIgRKO-q2VeGgio","Gulfport","MS"
"Quality Flooring Supply","https://qualityflooringsupply.com/","ChIJY6NyjcwXnIgR832LphgQZRA","Gulfport","MS"
"Coast Pro Wash & Coatings","http://www.coastprocoatings.com/","ChIJH6uw9AwNnIgRHHhl3NGNcfw","Gulfport","MS"
"Venice Epoxy Flooring, Polished, Decorative Concrete Pool Deck & Patio Coatings","https://www.northportepoxyflooringconcretecoatings.com/venice","ChIJ4SdJd9pRw4gRqCsx3vGnSKw","North Port","FL"
"Garage Armour","http://garagearmourfl.com/","ChIJ_3sAP22p3IgRd6EZCMyGEKc","North Port","FL"
"Farmers Floor Coatings","https://memphiscoatingsfl.com/","ChIJK-EWMiNBw4gRe9fFY14zeag","North Port","FL"
"Tecs Enterprises LLC","https://www.tecsenterprises.com/","ChIJT6UyzQY_7AURcEJQe2sSfJE","North Port","FL"
"Seaside Flooring","http://seasideflooringnc.com/","ChIJ69ShE8n0qYkRbyOXr5VyGFQ","Wilmington","NC"
"Floorz To Your Doorz","https://floorztoyourdoorz.com/","ChIJ2asxluiNqYkRSxe3oFqrMbU","Wilmington","NC"
"Concrete Solutions of Wilmington LLC","http://concretesolutionsofwilmington.com/","ChIJl7WC_wgZqokR4O6O9zf_8sQ","Wilmington","NC"
"Concrete Contractors of Wilmington","http://concretecontractorswilmington.com/","ChIJmQ_sM-EfqokREhAlUofJ4YI","Wilmington","NC"
"Wilmington Concrete Services","https://wilmingtonconcreteservices.com/","ChIJ-b5ygGf1qYkR8cTIJs93Vpk","Wilmington","NC"
"Bullet Concrete Construction","https://bulletconcreteconstruction.com/","ChIJm-NZak6b6ocRml8hth9gIis","Wilmington","NC"
"Waatti Contracting","http://waatticontracting.com/","ChIJN1gHyPE3B4gRUk0y2LiIj4g","Wilmington","NC"
"National Coatings, Inc. – Wilmington","https://nationalcoatingsinc.com/","ChIJb0OKTU8wkaYRtSLqt_uFFwo","Wilmington","NC"
"Eddie's Flooring","https://www.eddiesflooringrochester.com/","ChIJVVUVhHZe94cRyIwOnWXXbGM","Rochester","MN"
"Precision Concrete Floors, Inc.","http://www.precisionconcretefloorsinc.com/","ChIJp1ycdP3uA4gRMSsJqXbDOFY","Oshkosh","WI"
"Affordable Concrete LLC","https://www.oshkoshconcrete.com/","ChIJp6yZa07pA4gRDrhsCp33s0k","Oshkosh","WI"
"D.R. Concrete LLC","https://www.drconcretefoxvalley.com/","ChIJM1DJFS_7A4gRLvKMS3sAMZE","Oshkosh","WI"
"Spencer Concrete Flatwork & Stamped Experts","http://www.spencerconcrete.com/","ChIJaQON_ea2A4gRqKo9BOZpZdY","Oshkosh","WI"
"P&H Concrete Inc.","https://phconcreteinc.com/","ChIJm8xffkKOSFMR4M5oKKITPKs","Billings","MT"
"Asphalt Paving & Professional Coatings","https://asphaltpavingmt.com/","ChIJC20EuAV7SFMRjDHoT0rmLvk","Billings","MT"
"Iowa Flatworks","http://www.iowaflatworks.com/","ChIJVwCH6jRV5YcRQk0IINWrDdY","Waterloo","IA"
"Mountain View Flooring","https://www.mtviewfloors.com/","ChIJ4xzgreOiE4cRpBrSqONkSj4","Pueblo","CO"
"Montano Concrete Corporation","http://montanoconcrete.com/","ChIJjcvic1CjE4cRJ6Uid-sYXoA","Pueblo","CO"
"Heritage Polymer Flooring","http://www.heritagepolymerflooring.com/","ChIJHVKI0CwnN4gRaR5NbSUIxRo","Youngstown","OH"
"MJR Concrete & Waterproofing","http://www.mjrconcreteinc.com/","ChIJNRLRcxnhM4gRYXxBVpuj3i4","Youngstown","OH"
"Custom Concrete Construction LLC","http://www.customconcreteohio.com/","ChIJNehyYhj_M4gR1uk2YyjhSDs","Youngstown","OH"
"Valley Concrete Restoration","https://valleyconcreterestoration.com/","ChIJc_Efo5XZM4gRdH1n4j3snNM","Youngstown","OH"
"A-1 Concrete Leveling","http://www.a1now.com/","ChIJD7FLcIblM4gRI0bWCYZsWmk","Youngstown","OH"
"Breegle's Abbey Carpet and Flooring","https://breegle.com/","ChIJlw_3Q60hU4YRrY6UX9sG-kI","Wichita Falls","TX"
"Sutherlands","https://sutherlands.com/?store=3217","ChIJh_71oPAfU4YR9nT7uDv02A8","Wichita Falls","TX"
"King's Decorative Concrete","https://kingsdecorativeconcrete.com/","ChIJH3HBqoY2yYkR8VTY5CFt8I0","Lancaster","PA"
"Witmer Coatings","https://thewitmergroup.com/services/concrete-coatings","ChIJ75Rx68c0PUsR2TgWh4cQ2XM","Lancaster","PA"
"Kline Concrete LLC","https://klineconcrete.com/","ChIJNZ7_ojYlxokR4nfwUqwysEU","Lancaster","PA"
"Crouse Concrete LLC","http://crouseconcretepa.com/","ChIJi6ZAQc4WxokRkeQLwlFwERo","Lancaster","PA"
"Keystone Gun-Krete, LLC","https://www.keystonegun-krete.com/?utm_source=gbp&utm_medium=profile","ChIJr5-SGbQ4xokRspHICEMhMps","Lancaster","PA"
"Concrete Authority","http://www.concreteauthority.com/","ChIJs5UkqzU8xokR93sIPHNMFik","Lancaster","PA"
"Stief Concrete Work Inc","http://www.stiefconcrete.com/","ChIJiQQUyJo_xokR7K73RnzpO1E","Lancaster","PA"
"Windy Hill Concrete Inc","http://www.windyhillconcrete.com/","ChIJY5toXeA6xokRrOXAi9nK7yE","Lancaster","PA"
"Sangrey Concrete LLC","http://www.sangreyconcrete.com/","ChIJX2-1nBMwxokRnOB6cgDv9hs","Lancaster","PA"
"Perfection Exterior Coatings LLC","https://perfectionexteriorcoatings.com/","ChIJ0R_ZtpI93oYRE0nvWVjdROE","Las Cruces","NM"
"Robles Coatings, LLC","https://roblescoatings.com/","ChIJ_6_UiG0WC6wRDmHhSF0t61E","Las Cruces","NM"
"Engel Coatings Inc","https://engelcoatings.com/?utm_campaign=GoogleMyBusiness","ChIJo1e56fo93oYRScqLRfw8hNk","Las Cruces","NM"
"Victor Esquivel Construction","https://esquivelconstruction.us/","ChIJXxNkWQEl3oYRxQbBkVvgpqU","Las Cruces","NM"
"JRA Construction INC","https://jraconstructioninc.com/","ChIJE7tKHQ093oYR75Jj5TES5aM","Las Cruces","NM"
"Core Form Source","https://lakelandconcretecontractors.top/","ChIJ_2pDWQA_3YgRW2qPcQh49j8","Lakeland","FL"
"A. Anthony & Sons Concrete LLC","http://www.anthonyconcrete.com/","ChIJ6_lR8ed_MogRPwIvu5LFi4Y","Erie","PA"
"Total Foundation Solutions","https://www.totalfoundationsolutions.com/?utm_source=google&utm_medium=organic&utm_campaign=GMB%20website","ChIJJXfItQl_LYgRPNHtzJOWQ88","Erie","PA"
"Concrete Services Corporation","https://www.cscerie.com/","ChIJWaAfcYNwMogRiAkYvPNz_qU","Erie","PA"
"Akerly Concrete, Inc.","http://www.akerlyconcrete.com/","ChIJ4YSZ-Ul8LYgRkNCqPCSTosU","Erie","PA"
"Paris Brothers Contractors","http://www.paris-bros.com/","ChIJDzbDktCDMogRI5JxEMgsvho","Erie","PA"
"G&J WATERPROOFING OF ERIE","http://gjwaterproofing.net/","ChIJF1DfAiGBMogR36wG0eTV_pk","Erie","PA"
"DBC Remodeling & Construction","https://www.dbcremodel.com/?utm_source=google&utm_medium=organic&utm_campaign=gmbwebsite-erie&utm_content=website&y_source=1_MjUyNjYxMjAtNzE1LWxvY2F0aW9uLndlYnNpdGU%3D","ChIJQxB2Eh1_MogRsbSM7LnvDew","Erie","PA"
"Baycrete, Inc.","http://www.baycrete-inc.net/","ChIJhRMM1el_MogR5Pu7MBrEct8","Erie","PA"
"Unified Contracting, LLC","http://unifiedroofs.com/erie-pa","ChIJ2VqiIBeAMogR6pHeK01VcOI","Erie","PA"
"Lakari Waterproofing","https://www.eriewaterproofing.com/","ChIJwc8TV9B_MogRDqZHkQb-LNM","Erie","PA"
"Joseph McCormick Construction Co., Inc.","https://www.jmccormickconstruction.com/","ChIJfc9-w3B-LYgR_p6SGIAnDHo","Erie","PA"
"East Texas Floors & More","https://www.etfloors.com/","ChIJl6UFiAw0SIYR_qYKsfxWmjQ","Tyler","TX"
"Stain-Pro Concrete Decor, Inc.","http://www.stain-pro.com/","ChIJkbs9UajPSYYR75JHPavOeGQ","Tyler","TX"
"True Custom Concrete (decorative concrete specialist)","http://www.truecustomconcrete.com/","ChIJ5XrBHoSzSYYR5SZzdH1lHPI","Tyler","TX"
"Southern Polishing and Flooring Systems","https://www.spfsconcrete.com/","ChIJ_2GJ0KPMSYYRsrvC_Ez4C5Q","Tyler","TX"
"Flooring Liquidators","https://flgliquidators.com/","ChIJXy6GLrXNSYYRV9oVLmmUAG4","Tyler","TX"
"Floors & Finishes","http://floorsandfinishestyler.com/","ChIJsfT9nlLMSYYRSUgmv3DxII8","Tyler","TX"
"Floor Works","https://floorworkstyler.com/","ChIJOdTL2ZbLSYYR-5dBtnDolOA","Tyler","TX"
"Southwest Floor Carpet One Floor & Home","https://www.southwestfloorcarpetone.com/?utm_source=google&utm_medium=organic&utm_campaign=gbp-listing&utm_content=Tyler-showroom","ChIJh5A0z17JSYYR2-_-W_Uueg0","Tyler","TX"
"Modern Design Studio of East Texas","https://moderndesigntyler.com/","ChIJp32E6frLSYYRdnIoRrjwJI0","Tyler","TX"
"Arteaga's Work","https://arteagaswork.com/","ChIJIfoMX-G5SYYRRCg0e-f_5S4","Tyler","TX"
"TSD Custom Coatings","https://www.tsdcoatings.com/","ChIJdWGGWbMtSIYRZ7KkWOZb6K4","Tyler","TX"
"Dollar Concrete LLC","https://dollarconcretellc.com/","ChIJK500A88ZZQARBYnsMNmnqrw","Tyler","TX"
"Trust Foundation Repair","https://www.trustfoundationrepair.com/","ChIJj7KSpKLPSYYROCraTqkLQng","Tyler","TX"
"Revolutionary Concrete","https://revolutionaryconcretemi.com/","ChIJ64_a8daAI4gRIUasNkDiBFo","Flint","MI"
"Fortified Concrete Leveling, Inc.","https://fortifiedleveling.com/","ChIJNR_D5-9lI4gRmlpPEM4IU44","Flint","MI"
"Greenville Supreme Epoxy Flooring","https://www.greenvillesupremeepoxy.com/","ChIJ2VubWYnBvwsRwnFE5fRFKBw","Greenville","SC"
"Fast Hand Floor Coatings","https://fasthandfloorcoatings.com/home","ChIJ1YZV-xTNWYgRwoK0i00oDLY","Greenville","SC"
"Floor Boys Greenville","https://www.floorboys.com/","ChIJPTIAj4YvWIgRNy4y5UBUaA4","Greenville","SC"
"Impact Unlimited","http://www.garage-coatings.com/","ChIJ1zTPayo6WIgR3HeZZ_X1xQ4","Greenville","SC"
"Greenville Concrete Solutions","https://www.greenvilleconcretesolutions.com/","ChIJSWnATZkvWIgRempLZ6RqKIE","Greenville","SC"
"Slab Science LLC","http://www.slabscience.com/","ChIJNzQue88tWIgR99GlEQZMQvs","Greenville","SC"
"San Angelo Concrete","https://sanangeloconcretesolution.com/","ChIJwwaJnTrnV4YRfkWL9e43oT4","San Angelo","TX"
"Craftsman Hardwood Flooring LLC","http://www.sanangelocraftsman.com/","ChIJu_IyvhflV4YRRbBbRNHJXXY","San Angelo","TX"
"Liberty Concrete & Construction","http://www.libertyconcreteandconstruction.com/","ChIJ6wzmxIkO04kRmM66zUyMTj8","San Angelo","TX"
"Albritton Construction LLC","https://albrittonconstructionllc.com/","ChIJo1Oh0trvV4YRYCSLf84bXm0","San Angelo","TX"
"San Angelo Concrete - Ballinger","https://www.sanangelo-concrete.com/ballinger","ChIJB-Jep_GnV4YRqIhCA8ieZAs","San Angelo","TX"
"Quality Striping and Seal Coat","https://qualitystripingandsealcoat.com/","ChIJC13zxePvV4YR7RLooa5ABe0","San Angelo","TX"
"Angelo Painters & Construction","http://www.angelopainters.com/","ChIJEetAnovkV4YR8t7icQJWwkI","San Angelo","TX"
"MAC Asphalt Paving & Chipsealing","https://macasphaltpaving.com/","ChIJF26ModLvV4YRjmxxUPX1xig","San Angelo","TX"
"Stellar Foundation Repair, LLC","http://stellarfoundationrepair.com/","ChIJWU0zzPvKpgURy36OV2lF2xQ","Lawton","OK"
"Lou Gallegos Construction LLC","https://lougallegosconstruction.com/","ChIJY2eYLkMerYcRp3vM030hGTk","Lawton","OK"
"Daley's Asphalt","https://daleypaving.com/","ChIJnZwJwOYerYcRWs6VQXYNS5c","Lawton","OK"
"Superior Concrete Tuscaloosa","https://superiorconcretetuscaloosa.com/","ChIJ-6jnolMDhogRcJDUNl-yI7I","Tuscaloosa","AL"
"Industrial Coatings & Services, LLC","http://ics-team1.com/","ChIJUTE2JK8EhogR4uEa7RZiDRM","Tuscaloosa","AL"
"Armortech Resurfacing Inc","http://www.armortechresurfacing.com/","ChIJxWisHIowlFQRu3RbLYS5y3Q","Yakima","WA"
"Valley Concrete Finishing Llc","https://business.google.com/v/valley-concrete-finishing-llc/012651603321130392522/806f/_?caid=21033264439&agid=158564506506&gclid=CjwKCAiA8sauBhB3EiwAruTRJgjzy0-CtVFeBnjk4Q_lIXuIjCd9aIkodGQ9A6vSUT9dnAL_NeEg5hoC8GYQAvD_BwE","ChIJnV5L7_B9l1QRKUFUsUul9gE","Yakima","WA"
"Pleasant Ridge Construction","http://www.pleasantridgeconstruction.com/","ChIJVb8INEUYmFQRYFfFrdtyOZ4","Yakima","WA"
"UBG LLC","https://ubgconstruction.com/","ChIJ_Q47uBFhraoRz7R0TjyAAOA","Yakima","WA"
"Baxter Construction and Restoration","https://yakimarestoration.com/","ChIJbcgIbWzXmVQR8iNTxmXfgSc","Yakima","WA"
"Performance Floor","http://www.performancefloor.com/","ChIJuwGHjvcgJYgR-ArJ7GA3Stc","Saginaw","MI"
"Fine Concrete Services","http://fineconcreteservices.com/","ChIJyRhb7zfFI4gR8cmHJkOHiac","Saginaw","MI"
"Mr. Asphalt & Seal Coating","http://mrasphalt.net/","ChIJvXJ6p2mVI4gRtej0u6bSDlQ","Saginaw","MI"
"Big Bob's Flooring Outlet - Carpet, Ceramic Tile, Vinyl, Laminate and Hardwood Flooring","https://www.mybigbobs.com/","ChIJC8zaUPz11oARP1_LzXZ4MIE","Yuma","AZ"
"DBG FLOORING","http://www.dbgflooring.com/","ChIJXziPQo_31oAR5inKjq95jtE","Yuma","AZ"
"Flooring America of Yuma","https://www.flooringamericayuma.com/","ChIJY0DVVfz11oARzWFYTrax-oc","Yuma","AZ"
"Sun City Epoxy","http://www.suncityepoxy.com/","ChIJw9hCNOZCK4cRfKkz4xBzU9M","Yuma","AZ"
"Simplicity Flooring and Tile","https://simplicityflooringandtile.com/","ChIJE_VMUZTB0lQRktNcXM3h7vY","Redding","CA"
"Prime Concrete Creations","http://www.primeconcretecreations.com/","ChIJkSBrkbuS0lQRtYiobjEJMPU","Redding","CA"
"Redding Concrete","https://www.reddingconcreteco.com/","ChIJOaCjEkiV0lQRNrSzXUc3ZbI","Redding","CA"
"Tuff Shed Redding","http://www.tuffshed.com/locations/us/ca/redding","ChIJQWHb3rzs0lQRkiXR7PDMz48","Redding","CA"
"Surface FX","https://www.surfacefxinc.com/","ChIJA8FeKpET6YARuzn1JmpDWfw","Santa Barbara","CA"
"Santa Barbara Hardwood Floors","http://www.sbhardwoodfloors.com/","ChIJC5l3xpQU6YARGKfGYI6xWmc","Santa Barbara","CA"
"Andros Floor Design and Kiba Studios","http://androsfloor-design.com/","ChIJv61nQ5AT6YARZrw0qWPTSCE","Santa Barbara","CA"
"Santa Barbara Concrete Contractors","https://www.santabarbaraconcretepros.com/","ChIJzU8ubLEV6YAR7DUi7rEhyOE","Santa Barbara","CA"
"GR Concrete Construction LLP","https://www.grconcreteconstruction.com/","ChIJo7fJmsoHbIcRHEdnvu6dhXc","Longmont","CO"
"None","http://www.tcs-co.com/","ChIJKwLVvsQGbIcRnrET8zz_9YY","Longmont","CO"
"California Renovation","https://www.carpetonechico.com/","ChIJiaGVpsAog4ARVTNt-gYAjto","Chico","CA"
"Hughes Hardwoods","http://www.hugheshardwoodschico.com/","ChIJsRxH0UrZgoARq1ggwCalVHo","Chico","CA"
"Wood Brothers Carpet & Flooring","https://www.woodbrotherscarpet.com/","ChIJWfnec8oog4AR1Ms66IaWLQE","Chico","CA"
"Towne Flooring Center","http://towneflooringcenter.com/","ChIJPTPzUSomg4ARfMxNef9bnA0","Chico","CA"
"Dave's Tile City","https://www.davestilecity.com/","ChIJv8h-wp4og4ARC89rQBUERoM","Chico","CA"
"LKQ Refinish - Chico","https://locations.lkqcorp.com/us/ca/chico/31-wrex-court/","ChIJo3t0eiQmg4ARuw-G3X3nd0g","Chico","CA"
"JS Construction","http://jserraoconstruction.com/","ChIJ_yLSEg8ng4ARQarzq0Ug8qc","Chico","CA"
"Applied Finishes","https://www.appliedfinishes.net/contact","ChIJA88EqCUmg4AR63Q-W51kd-0","Chico","CA"
"MTB Construction","https://www.mtbconstruct.com/","ChIJ2Z8TE1Qrg4ARJmCc325R4mk","Chico","CA"
"Haglee’s Decorative Coatings, Inc","http://www.hagleesinc.com/","ChIJPzoAh1JpzIkRlgbYRfMIqhQ","Reading","PA"
"Lezzer Lumber - Reading","https://www.lezzerlumber.com/locations/reading","ChIJhcmePB1wxokRHAwotNu4sjw","Reading","PA"
"About All Floors","https://www.aboutallfloors.com/","ChIJ5zu4Zvx8xokRrn_oE1gKy2I","Reading","PA"
"C S Stoneworks","https://csstoneworks.com/","ChIJVQrbv8CbyYkRqrZSSYBERFs","Reading","PA"
"Allison Sales Co. | Flooring & Glass","https://www.allisonsalesonline.com/","ChIJRQXVMmRNyocR9HRXQPN_E-U","Fort Smith","AR"
"Alford's Carpet One Floor & Home","https://www.alfordscarpetonefortsmith.com/?utm_source=&utm_medium=organic&utm_campaign=gbp-listing&utm_content=Fort%20Smith-showroom","ChIJJQ6wJsBMyocRr-J1zgfdcCA","Fort Smith","AR"
"Garage Force of Duluth/Superior","https://duluth-superior.garageforce.com/","ChIJpYIzfc1ONAcRViUG-WPV_-M","Duluth","MN"
"O'Fallon Family Floors","https://ofallonfamilyfloors.com/?utm_source=google&utm_medium=organic&utm_campaign=gmb","ChIJW30xHpnR3ocRcZZCVBJtZ0s","O'Fallon","MO"
"Garagezilla","https://www.garagezillastl.com/about-us.html","ChIJAQBsFk243ocRI9_cbwmQsGc","O'Fallon","MO"
"MARBLELIFE®/ENDURACRETE of St. Louis","https://www.marblelife-stlouis.com/","ChIJJWTE6HPI3ocRFlbgxq0Vyro","O'Fallon","MO"
"C Bennett Premium Building Supplies","https://cbennett.net/","ChIJDbpwrR3Q3ocRTGJAoPBK6JU","O'Fallon","MO"
"Foutz Concrete Solutions LLC","http://foutzconcretestl.com/","ChIJHSVmTxkfwYcRy8BhLENVAk4","O'Fallon","MO"
"O'Fallon Concrete Co.","https://ofallonconcreteco.com/","ChIJTdu-NJXR3ocRvvXKZ9Nu8S4","O'Fallon","MO"
"J.S. Floor Covering INC.","https://www.jsfloorcoveringinc.com/","ChIJYetHPQFn14ARwCr0D-13bUc","El Centro","CA"
"Pro Services Poured Rubber El Centro","http://proservicespouredrubber.com/","ChIJvdM-Pfxn14ARwyLdtAo9gdo","El Centro","CA"
"Sierra Mare Construction","https://sierramareconstruction.com/","ChIJacjpmNRn14ARDghm3ZOWBKk","El Centro","CA"
"ONYX Concrete Coatings","https://onyxcoatings.com/","ChIJf_SHsErR3IARDhOg_kya9GM","El Centro","CA"
"El Monte Elite Concrete Solutions","https://www.elmonteeliteconcrete.com/","ChIJ_eijGQDbwoAR3vGVvWKcKgU","El Centro","CA"
"Bellingham Concrete Contractors","https://bellinghamconcrete.com/","ChIJe1IEqoGkhVQRtdGAv5n66CE","Bellingham","WA"
"Custom Concrete Contracting Inc.","http://www.customconcrete.biz/","ChIJ0QQgnI2khVQRQrus9YaB9M4","Bellingham","WA"
"Bloomington Concrete Contractors Co","https://concretebloomingtonin.com/","ChIJ0XIsqp0A9akRcaazhxeUKag","Bloomington","IN"
"Core Concrete Construction LLC","https://www.coreconcreteconstruction.com/","ChIJFwMaEpOlbIgRGu9JLNiz4iA","Bloomington","IN"
"Arnold Asphalt","http://arnoldasphalt.com/","ChIJZz_nBWFdbIgRIM_yQYk2hWs","Bloomington","IN"
"Crossroads Foundation Repair","https://www.crossroadsfoundationrepair.com/?utm_source=google&utm_medium=organic&utm_campaign=gmb_bloomington","ChIJZ1nDUbZnbIgR9GjzwUlrjz8","Bloomington","IN"
"Dave's Wood Floors Inc.","https://daveswoodfloorsinc.com/","ChIJ81HRxBkGjocR23zwa-QHyC4","Sioux City","IA"
"Vander Veen Flooring Service","https://www.vanderveenflooringservice.com/","ChIJMRjtLaL9jYcRm2JPEawfdsw","Sioux City","IA"
"Iconic Floors & More, Inc.","https://iconicfloorsandmore.com/","ChIJ63ThlO75m0oR_FP4u8Tb5Mk","Hemet","CA"
"Hemet Flooring","https://www.hemetflooringplus.com/","ChIJP8qERlBv24ARr9kpnkHQ4AY","Hemet","CA"
"Ferguson Flooring","https://www.fergusonflooringinc.com/","ChIJxSfeXd1n24ARPiIFYWDnWGo","Hemet","CA"
"Firm Tech Concrete","https://firmtechconcrete.com/","ChIJO_Iexbi_EIYRVsWOVABvWLU","Hemet","CA"
"True Rock Systems","https://hemetconcretecontractors.top/","ChIJP4P4TgBl24ARjnQNREEOmes","Hemet","CA"
"Monolith Coast Concrete Design","http://monolithcoast.com/","ChIJox4N5eKTiAQRNyByzkB_qug","Hemet","CA"
"Johnny's Flooring Outlet","http://johnnysflooringwarehouse.com/","ChIJpdf_Bnw4NoYR1cv-3Q-2D_Y","Longview","TX"
"Factory Direct","https://www.factorydirectflooringlongview.com/","ChIJn73LNjM_NoYRXtSyZzG9gpQ","Longview","TX"
"Johnny's Carpet One Floor & Home","http://www.johnnyscarpetone.com/","ChIJyZfMi-5HNoYR7cu3TWoCp5c","Longview","TX"
"Phillips Flooring America","http://www.phillipsflooringamerica.com/","ChIJXXe1IbE4NoYR9Lr6epP4ovo","Longview","TX"
"Eneca Concrete & Construction","https://www.enecaconcreteconstruction.org/","ChIJP6piQgJCGAkRmA6oOBm4MIE","Longview","TX"
"Leland & Bradlee Construction, Inc.","http://www.lelandbradleeconstruction.com/","ChIJAZT3TP9HNoYR-6UQMB-ntv0","Longview","TX"
"AJ Concrete","https://ajconcretelongview.com/","ChIJJdcvNew5NoYRtJ2oD04JjVo","Longview","TX"
"Webfoot Home Improvements","https://www.webfoothome.com/?utm_source=google&utm_medium=business_profile&utm_campaign=","ChIJFSMKskjPuFQRXB_n0KAv8Jg","Bend","OR"
"Superior Concrete Restorations","https://www.superiorconcreterestorations.com/","ChIJzYsSJqPJuFQRDeDMErKV4DU","Bend","OR"
"Concrete Pros Bend","http://www.concreteprosbend.com/","ChIJVf3BcRvHuFQRjgVzfmHhiEU","Bend","OR"
"Jucc, Inc","http://www.bendconcrete.com/","ChIJj9it02XPuFQR_g0SB1hR6X0","Bend","OR"
"S&C Painting Solutions","https://www.scpaintsolutions.com/","ChIJcYaEOvrhwqERMaamr6qijNQ","Bend","OR"
"Northern Arizona Epoxy Floors LLC","https://northernarizonaepoxy.com/?utm_campaign=gmb-profile&utm_medium=organic&utm_source=local","ChIJk_DyiekpLYcRuHZ7ZBqY2O4","Prescott","AZ"
"Generation Flooring LLC","https://generationflooringllc.com/contact-us/","ChIJVVWpxhwpLYcRnTUe4I2fMSI","Prescott","AZ"
"Finishing Touch Painting","https://www.finishingtouchpaintingaz.com/","ChIJWe-ubt4jLYcRUvYoz6nuh10","Prescott","AZ"
"Platinum Concrete Works","https://platinumconcreteworks.com/","ChIJOa-cpVsD7AERze1FcaHe6sE","Prescott","AZ"
"Harrisonburg Epoxy Flooring","https://www.harrisonburgepoxy.com/","ChIJQfCXiYnttIkRZ8KieSfLCsg","Lynchburg","VA"
"Blue Ridge Floors Inc.","https://www.blueridgefloorsonline.com/","ChIJi_DbagTRsokRSyoLo4BGTY4","Lynchburg","VA"
"Piedmont Floor Show","https://www.piedmontfloorshow.com/","ChIJ9S0GADbQsokRY4z0w9JY8T8","Lynchburg","VA"
"Young Sealcoating Inc.","https://www.youngsealcoating.com/","ChIJbedsL5bRsokRNfIkJk0pOXg","Lynchburg","VA"
"Cascio & Sons Construction","https://www.cascioandsonsconstruction.com/","ChIJXTWxIlcns4kRuXXpkljFbbs","Lynchburg","VA"
"Completely Floored","http://completelyfloored.net/","ChIJbz_9JR16z1QRw-9FwLXNNWU","Medford","OR"
"Lippert's Carpet One and Kiba Studios","https://www.lippertscarpetone.com/?utm_source=google&utm_medium=organic&utm_campaign=gbp-listing&utm_content=Medford-showroom","ChIJGyShlgbVyFQRbJcTn-E6kY4","Medford","OR"
"Omnia Concrete (formerly) Fettig Concrete","http://www.omniaconcrete.com/","ChIJWcoiFU1uuagR1NeJ1epxDzI","Medford","OR"
"Eckard's Home Improvement","http://www.eckardsflooring.com/saint-joseph-home-improvement","ChIJZXefw1kZwIcRzcNfGFfZiOM","St. Joseph","MO"
"Carpet Masters","https://carpetmastersflooring.com/","ChIJP1RFmEMZwIcRtyrmzMgDT5Q","St. Joseph","MO"
"XPS Xpress St George LLC","https://xpsxpressstgeorge.com/?utm_campaign=gmb","ChIJp6i6KZtFyoARqb_rGMIf5aQ","St. George","UT"
"Ayalas Concrete Designs","http://ayalasconcretedesigns.com/","ChIJvTvNWmtghyQRNb_YzZYp_SE","St. George","UT"
"Bulletproof Synthetic Coatings","http://www.bpsyntheticcoatings.com/","ChIJ3wl7QlaTLKoR-X5_mgbyn_g","St. George","UT"
"Southern Concrete Construction Co","http://www.southern-concrete.com/","ChIJ5RAWLct58ogRcUIzETfyTc4","Albany","GA"
"Precision Concrete & Construction Inc","https://www.precisionconcreteandconstructioninc.com/","ChIJ_cGuNHud-owRmARyM0P54Kg","Decatur","IL"
"Grohne Concrete - Christy-Foltz Inc","https://www.grohneconcrete.net/","ChIJW3LoP8OxdIgRAxf-24RH81Y","Decatur","IL"
"Zion Pros by JG's Projects LLC","https://www.zionpros.com/","ChIJaT3mrLyldIgRD4lyb8C29aU","Decatur","IL"
"The Floor Trader of Lake Charles","https://www.floortraderlakecharles.com/?utm_source=google&utm_medium=organic&utm_campaign=gbp-listing&utm_content=Lake%20Charles-showroom","ChIJm73LXUyHO4YR6nql7-u4USQ","Lake Charles","LA"
"Stine Home & Yard Lake Charles","http://www.stinehome.com/","ChIJaQbFPDCGO4YRwW4g_44Zp08","Lake Charles","LA"
"PERC Development LLC","http://percdevelopment.com/","ChIJeU1LwSyEO4YRWs3zF-m_mKY","Lake Charles","LA"
"Laws Flooring & Rugs","https://www.lawsflooring.com/","ChIJ52MzHr8u1IcRljT7JzDyqMw","Jonesboro","AR"
"A & P Concrete Construction","https://arkansasconcretecontractor.com/","ChIJdS4WtLTUzIcRonVqwNP3Xck","Jonesboro","AR"
"Diamond M Concrete Coatings","https://www.diamondmcoatings.net/","ChIJa9IgtmpdfYcRI3wueWJ_MuU","Rapid City","SD"
"Black Hills Concrete Specialties","https://blackhillsconcrete.com/?utm_source=gmb&utm_medium=organic&utm_campaign=whitewood","ChIJjytqGHgz_0URspPuhqJDUnY","Rapid City","SD"
"Alpha Concrete","http://rapidcitysdconcrete.com/","ChIJMSwL2nRdfYcRVvZ1KayoYYY","Rapid City","SD"
"SRS Concrete Services","https://www.srsconcreteservices.com/","ChIJVVWRs65SLVMRqefNDLd2ftY","Rapid City","SD"
"Complete Concrete","http://www.ccsisd.biz/","ChIJAW6D9-5DfYcR9-yGyo0cV-s","Rapid City","SD"
"W D Masonry & Concrete Inc.","https://wdmasonry-concrete.com/","ChIJUSMNMTFbfYcRijfF-t-oEbI","Rapid City","SD"
"Flooring Express","https://www.flooringexp.com/","ChIJ13A8olgcE4gREbyzlCNNkBM","Lafayette","IN"
"Miller's Flooring America","http://www.millersflooringamerica.com/","ChIJB0-Q5PscE4gR83zLRu-OGH8","Lafayette","IN"
"The Painting Group","https://thepaintinggroup.net/?utm_campaign=gmb","ChIJJxp0JrCiwiwReaw_9S4bLUo","Lafayette","IN"
"CDH Resurfacing Solutions","https://www.cdhresurfacing.com/lafayette/","ChIJk6zRfw0dE4gRpcQWoqFGCRo","Lafayette","IN"
"Rooks Concrete Construction and Custom Flooring","https://www.rooksconstruction.com/","ChIJx9JaAnJlbYgRkNnAsdR-43o","Lafayette","IN"
"Santa Fe Epoxy","https://santafeepoxy.com/nearme/","ChIJAQCQzEdQGIcRsd04uWm_Pso","Santa Fe","NM"
"Always Construction Services Inc","http://alwaysconstructionservices.com/","ChIJbesT2DhRGIcRU1S5gCqwG3M","Santa Fe","NM"
"Santa Fe Concrete","https://santafeconcrete.com/","ChIJe0QepuRdGIcR9HV_Jv0-yb0","Santa Fe","NM"
"Epoxy Art Pros","https://epoxyartpros.com/","ChIJ9xCpdRTlZlMRMVs8fc6Uua0","Missoula","MT"
"Pierce Flooring & Design","http://www.pierceflooring.com/","ChIJk5Xc4sPNXVMR-PNe1bPzG7U","Missoula","MT"
"Winnwood Flooring","https://winnwoodflooring.com/","ChIJHbQzhYzRXVMRAaq0G4N3hCU","Missoula","MT"
"Missoula Floors","https://www.missoulafloors.com/","ChIJvYPj7OvPXVMRhb1gjj1S9YY","Missoula","MT"
"AAA Construction of Missoula","http://aaaconstructionofmissoula.com/","ChIJOyxLVNTSXVMREMBOBq3ukvo","Missoula","MT"
"All American Sealcoat LLC","https://www.sealcoatmissoula.com/","ChIJDcM2Y3TPXVMRFLlZNhFkzhs","Missoula","MT"
"Affordable Asphalt Experts","https://affordableasphaltexperts.com/","ChIJG_fziqTNXVMR7khfRmKpFyk","Missoula","MT"
"Shadow Asphalt","https://www.shadowasphaltinc.com/","ChIJVVUF3qzaXVMRv0s9nPlmV04","Missoula","MT"
"E G Custom Concrete Inc.","https://www.egcustomconcreteinc.com/","ChIJf2TQiXC75YgRjAQfF05nFwM","Jacksonville","NC"
"River Stonework Pavers. - River Concrete Coating","https://riverstonework.com/?utm_source=GMBlisting&utm_medium=organic","ChIJy-0FTYcz5IgRBziJI-saFqA","Jacksonville","NC"
"Seamless Concrete Contractors - Jacksonville","https://seamlessconcretefl.com/?utm_source=googlebusinessprofile&utm_medium=organic&utm_campaign=Google+Business+Profile","ChIJUTEGIcg4sY8R1OI-m3XPPA4","Jacksonville","NC"
"Flagstaff Wholesale Flooring","https://flagstaffwholesaleflooring.com/","ChIJ8bCKAMWOLYcRziGjlWF4a9c","Flagstaff","AZ"
"Flagstaff Concrete Paving","https://www.flagstaffconcretepaving.com/","ChIJ0ZDLL4OPLYcR0tRZF9WzYo4","Flagstaff","AZ"
"Creative Concrete Solutions, LLC","http://www.creativeconcretesolutionsaz.com/","ChIJGyqint9VK4cRwXsJKyi_swk","Flagstaff","AZ"
"4M Concrete Inc","https://www.4mconcreteinc.com/","ChIJT8e2yhOHLYcRAXSdA401Baw","Flagstaff","AZ"
"THE FLOOR TRADER OUTLET","https://www.floortraderdothan.com/","ChIJl4Q6CJeSkogRwvoP2jU87GY","Dothan","AL"
"Alabama Flooring Contractor, LLC","http://alabamaflooringcontractors.net/","ChIJq5SPWhKNkogRuAqLt4wRr0Y","Dothan","AL"
"Dothan Design Studio","https://www.dothandesignstudio.com/","ChIJv3noBo-NkogRiwc04nuGxaU","Dothan","AL"
"Holloway Carpet One Floor & Home","https://www.carpetonedothan.com/??utm_source=google&utm_medium=organic&utm_campaign=gbp-listing&utm_content=Dothan-showroom","ChIJA1whal6RkogRbgNxCbrIBDk","Dothan","AL"
"Concrete of Dothan","https://www.concretedothan.com/","ChIJT99YXgCTkogRV7KW6depZJE","Dothan","AL"
"First Impressions USA, Inc","https://www.firstimpressionsusa.com/","ChIJyee8yXO4fogRqFFGW5acoOE","Jackson","TN"
"1st Class Flooring","https://www.1stclassflooring.com/","ChIJlx3qiDGgfogRIqF4oS09bns","Jackson","TN"
"Ceramic Tile Warehouse","http://www.ceramictilewhse.com/","ChIJ9SoyDGCkfogRU3ixJbs9suE","Jackson","TN"
"GCO/The Floor Trader","http://www.floortraderjacksontn.com/","ChIJK2U700ChfogRqF31dCAnUws","Jackson","TN"
"Overton Flooring","http://overtonflooringjackson.com/","ChIJjapTjwq4fogRb7-SLSckMk4","Jackson","TN"
"Modern Edge Concrete","http://www.modernedgeconcretestudio.com/","ChIJYeXfQmShfogRkoV6n1C_8sY","Jackson","TN"
"Solid Concrete Designs","https://www.solidconcretedesigns.com/","ChIJ5cBnb_anfogRuEDJa-7dfA4","Jackson","TN"
"Frontier Foundation & Crawl Space Repair","https://www.frontierbasementsystems.com/tennessee.html?utm_source=google&utm_medium=organic&utm_campaign=gmb-jackson&utm_content=website","ChIJq-YNWjqhfogR7nhe7yT10gY","Jackson","TN"
"Integrity Fixture Manufacturing","https://integrityfixturemfg.com/","ChIJ5yMlbEahfogRt8DGHfxw7As","Jackson","TN"
"Southern Concrete Products, Inc.","http://www.southernconcrete.com/","ChIJLVp6VGWhfogRan8Dai5tAs0","Jackson","TN"
"Nice Floor","http://www.nicefloorwi.com/","ChIJxQzk9KvGmyMRI5hqLhq8SUE","Eau Claire","WI"
"Advanced Concrete Cutting, Inc.","https://www.advancedcuttingnd.com/","ChIJt1Dyi_eE11IRVM4PVDtE34g","Bismarck","ND"
"Northwest Contracting Inc.","https://northwestcontracting.com/","ChIJcwWyi3CC11IR34PrOfY7Tb8","Bismarck","ND"
"Capozza Floor Covering Center","https://capozzaflooring.com/?y_source=1_MTQ4ODkyNDQtNzE1LWxvY2F0aW9uLndlYnNpdGU%3D","ChIJbas8wgCbskwRf6AR2SM7tN8","Portland","ME"
"Hascall & Hall","https://www.hascallandhall.com/?utm_source=google&utm_medium=local&utm_campaign=gmb_listing","ChIJVz-cI2KbskwR7G99IGMZq90","Portland","ME"
"Maine Pavement","https://www.mainepavement.com/","ChIJ6bd7v1ekskwR8tMhQ_rPuS8","Portland","ME"
"Erlandson Epoxy Floor Coating","https://www.erlandsonepoxycoating.com/","ChIJbTz1Bxu6tlIRZYEjqGNeXp0","St. Cloud","MN"
"Creative Coatings","https://creativecoatingsllc.com/?y_source=1_MTQ5OTQxNjAtNzE1LWxvY2F0aW9uLndlYnNpdGU%3D","ChIJYZ4cVwVQylIRm9KRWqt6kwU","St. Cloud","MN"
"3D Flooring America","http://www.3dfloorsinc.com/","ChIJJ9o3kJOthIARyyNihj7VoL8","Yuba City","CA"
"NORCAL Deck Coating, Inc.","https://www.norcaldeck.com/","ChIJcWp5EtqshIARny9zAdj5ijI","Yuba City","CA"
"Twin Cities Floor Covering","http://twincitiesfloorcovering.net/","ChIJpbUUnU9Tm4AR2ZqP3dizjZs","Yuba City","CA"
"Glines Carpet One Floor & Home","https://www.glinescarpetone.com/","ChIJoT0GP1JTm4ARSBOW1308WqY","Yuba City","CA"
"Sutter Buttes Tile","https://sutterbuttestile.com/","ChIJzWfP-Z-shIARUAYT20w8IN8","Yuba City","CA"
"All Superior Custom Painting & Siding","https://allsuperiorcustompainting.com/","ChIJI6PKlj5Sm4ARjLLehfbw6lI","Yuba City","CA"
"Sanchez Powder Coating","http://www.sanchezpowdercoating.com/","ChIJd7fgwSJTm4AROG8ktHpytGY","Yuba City","CA"
"California Asphalt","https://www.californiaasphalt.com/?utm_source=google&utm_medium=organic&utm_campaign=gbp","ChIJ19cFLDKrhIARCR06uiGdAHc","Yuba City","CA"
"Billywood Construction","https://www.billywood.net/","ChIJ___rc5VSm4ARt8Jf6E8V-7E","Yuba City","CA"
"Texas Concrete Co","https://www.texasconcrete.com/","ChIJ403EG8tgQoYRt7SWh6TE6iM","Victoria","TX"
"Flooring Inspirations","https://www.flooring-inspirations.com/","ChIJ_6VV1Q8OBogRl3XpVPHFdXw","Janesville","WI"
"Bothun's Concrete Leveling","https://www.bothunsconcreteleveling.com/","ChIJaebbWo8RBogRPOiL4w2UEcY","Janesville","WI"
"Center Construction, L.L.C.","https://www.centerconstructionllc.com/","ChIJI-4dr4IZBogR0FVCA9171rw","Janesville","WI"
"Jay's Flooring LLC","https://www.jaysflooringwa.com/","ChIJVVWpTOYAkFQRUmdH87KNur4","Marysville","WA"
"Flooring Exchange LLC","https://www.flooringex.com/","ChIJ3_gkVStThVQRf7YutBp0dxI","Marysville","WA"
"Abbey Van Dam Carpet and More","http://www.abbeyvandamcarpet.com/?utm_source=google&utm_medium=organic&utm_campaign=gbp","ChIJib0ka35UhVQR0SUWCOxqk9w","Marysville","WA"
"Lander Legacy Construction","http://landerlegacyconstruction.com/","ChIJBSvjUopT2WURan3RVx6nI-Y","Marysville","WA"
"Majestic Concrete","http://www.majesticconcrete.net/","ChIJ3WqFiVMzR4YRX4Pa9Sdb5_M","Conroe","TX"
"Platinum Floor Solutions","https://www.platinumfloorsolutionsllc.com/","ChIJW3juNj4c3QAR8floatcRzt4","Cheyenne","WY"
"Floor Contractor Cheyenne","https://www.flooringcheyenne.com/","ChIJC8425FU7b4cR8GevzCGyMTQ","Cheyenne","WY"
"Modern Flooring Interiors","http://www.modernflooringinteriors.com/","ChIJF_-t68I6b4cRD9xt_WVCb1Y","Cheyenne","WY"
"Carpet One Floor & Home","https://www.carpetonecommercialflooring.com/?utm_source=google&utm_medium=organic&utm_campaign=gbp-listing&utm_content=Cheyenne-showroom","ChIJ5TAxFmk7b4cRp5ejip47b_A","Cheyenne","WY"
"Henderson Flooring LLC","https://hendersonflooringllc.com/","ChIJ8RHN7CoZTFMRz8uNThLOgD8","Cheyenne","WY"
"Professional Flooring & Supply and 5th and Beech, a Professional Flooring showroom","http://professionalflooringsup.com/","ChIJvSpsDH28YIcR8qnfJz6Bx1A","Cheyenne","WY"
"CCS Concrete","https://ccs-concrete.com/","ChIJBx85cuiFaIcRakEQ1jhPYyU","Cheyenne","WY"
"Resolutions Contractors","https://www.resolutionscontractors.com/","ChIJLwtdu9CnbocRerJPL584nXs","Cheyenne","WY"
"Tru-Line Hardwood Flooring and Dust Free Resurfacing","https://trulineflooring.com/","ChIJZ2R7XmRA2YkRCMU3W8R_MfI","Utica","NY"
"Mateflex Sports Flooring","http://www.mateflex.com/","ChIJb_C-LlNG2YkRtJNqgRWR4r0","Utica","NY"
"The Masonry Worker Inc.","http://masonryworker.com/","ChIJuX636bNt2YkRVqYIE3ixZpc","Utica","NY"
"The Flooring Guys","https://www.flooringdesmoines.com/","ChIJXx2k6hmb7ocRZ2sqPh-F2nA","Ames","IA"
"Carpet One Floor & Home","http://www.carpetoneiowa.com/","ChIJuzmH1e167ocReZh2qau2zgQ","Ames","IA"
"Omega Shield","https://omegashieldllc.com/","ChIJC0OVy3lb5IcRg4d9vmZKO3U","Ames","IA"
"Lakeside Contractors LLC","https://lakeside-contractors.com/","ChIJOzzq7PHFPE0RvX0DSRXyQZI","Ames","IA"
"Advanced Concrete Concepts","https://www.advancedconcreteconcepts.com/","ChIJIZRUllNP7IcRQ-aeGqwv2yY","Ames","IA"
"Stecker Concrete Inc.","https://www.steckerconcreteinc.com/","ChIJbd4PRQHb7YcRveqKyz3ohOw","Ames","IA"
"The Concrete Don, LLC","https://theconcretedon.com/","ChIJm_SdY5QEZqMRBcTB4K_cBlk","Bowling Green","KY"
"Foundation Solutions Group","https://www.foundationsolutionsgroup.com/?utm_source=google&utm_medium=organic&utm_campaign=gbp-bowling-green","ChIJyyTfPJXnZYgR3yoAm6w3hCc","Bowling Green","KY"
"Reynolds Sealing & Striping","https://reynoldscorporation.com/","ChIJx49vUBjvZYgRJbTddiwdpLI","Bowling Green","KY"
"Starway Concrete","https://starwayconcrete.com/","ChIJI0SpqKLkZYgR6o2cz22G7xw","Bowling Green","KY"
"Decker Services LLC","http://deckerservicesllcky.com/","ChIJjeiwxzDpZYgRmK0Vlxn-dYg","Bowling Green","KY"
"Beyond Painting Inc","http://www.beyondpainting.com/","ChIJ3fZLVrfMwIkRx5bqw7XQlJk","Vineland","NJ"
"Brewin Flooring LLC","https://www.brewinflooring.com/","ChIJfTIoXSAtx4kRAx_Bjbho0nw","Vineland","NJ"
"Grande Floor Covering","https://www.grandefloorcovering.com/","ChIJQx1AtqMywYkRuRF5fujUQ4o","Vineland","NJ"
"Pro-Spec Painting Corporation | Industrial & Commercial Painting","https://pro-spec.com/","ChIJUzeFuAIyx4kRk_eQPZZ9qYg","Vineland","NJ"
"NJ House Painting Co | Painting & Lead Remediation","https://njhousepainting.com/","ChIJE7zh0QAzx4kRRUBwVP__9WI","Vineland","NJ"
"Fabbri Concrete Contractors","https://fabbriconcrete.com/","ChIJzWtTitEtx4kRciXKlnU11Xs","Vineland","NJ"
"Vitos Asphalt Seal Coating","https://vitosealcoating.com/","ChIJndN3TD3TwIkRQ-uBtAXA6hg","Vineland","NJ"
"Pro Asphalt Paving & Sealcoating LLC","https://proasphaltpaving.com/","ChIJs268faiafmcRu7esrLpm72I","Vineland","NJ"
"Cape May County Concrete Solutions","https://www.capemaycountyconcrete.com/","ChIJ4Z-TwFzV1kIR4ujK9uRCHpc","Vineland","NJ"
"Pro Concrete Leveling of Indiana","https://www.proconcretelevelingindiana.com/","ChIJBduek1Z7bYgR7Tq6Sux33P0","Terre Haute","IN"
"White Rock Contracting LLC","https://www.whiterockcontractingllc.com/","ChIJf5XWQxYOkQQRD2I1Ncpt__k","Terre Haute","IN"
"WBS Coatings, Inc.","https://www.wbscoatings.com/?utm_source=GMBlisting&utm_medium=organic","ChIJaTCNuTIdR4cR0wTr5SC2Kpk","Grand Junction","CO"
"Sierra Concrete Company","http://sierraconcrete.com/","ChIJ3ZxYvXIfR4cR6ugHTsSdMVw","Grand Junction","CO"
"High Grade Concrete & Excavation","https://www.highergradeconcrete.com/","ChIJq6qqqhoZR4cRkJu3NgqRo0I","Grand Junction","CO"
"Floors & More Abbey Flooring","http://www.floorsandmoremt.com/","ChIJC--VWpI3QlMR5rM6ugQ4chE","Great Falls","MT"
"Pierce Flooring Wholesale Direct","https://pierceflooringwholesale.com/","ChIJ0Vbltrc3QlMRZvkhG7Xi23U","Great Falls","MT"
"Warehouse Flooring Style and Design","http://warehouseflooring.com/","ChIJf8WYqiM4QlMRorCZFksLc18","Great Falls","MT"
"Flooring America","https://www.flooringamericagf.com/?utm_source=google&utm_medium=organic&utm_campaign=gbp-listing&utm_content=Great%20Falls-showroom","ChIJwfcqxYA3QlMREZeWnGPWkqY","Great Falls","MT"
"All Pro Concrete","https://allproconcrete.org/","ChIJCVdGqQc3QlMR6w9Ojl2UdQU","Great Falls","MT"
"SlabTek","http://slabtekmt.com/","ChIJcbN3y0xHQlMRLgyjIlYvUSU","Great Falls","MT"
"Auburn AZ Flooring Contractor","https://auburnazflooring.com/","ChIJ039PYx-LjIgRV4TZZqHkXQ4","Auburn","AL"
"Floor Concepts, Inc.","http://floorconceptsinc.com/","ChIJiZryz_W6b4gRqotXb2fgucI","Owensboro","KY"
"Carpets Unlimited Flooring Center","https://www.carpetsunl.com/","ChIJDYxwi7G7b4gRbYUzIqgwZOE","Owensboro","KY"
"Carpet One Floor & Home","http://www.carpetoneowensboro.com/","ChIJpXID57W7b4gRQvNlSnGI6uI","Owensboro","KY"
"Elizabethtown Epoxy Flooring","https://elizabethtownepoxyflooring.com/","ChIJCZab6mzK8yARaEtvWMiULLA","Owensboro","KY"
"Noles Home Maintenance Services LLC","https://noleshomemaintenance.com/?utm_campaign=gmb&utm_medium=gmb&utm_source=organic","ChIJRZqAQLS7b4gRVK3tpUjYBFE","Owensboro","KY"
"Precision Asphalt Sealcoating and Linestriping","https://www.precisionasphaltsealcoating.com/","ChIJ_0tSDiKbeG0RpGRmtqaoxjY","Owensboro","KY"
"Hartz Construction Co","http://www.hartzcontracting.com/","ChIJCYjvQLi5b4gRbzuASRCnwUk","Owensboro","KY"
"Expert Floors","https://www.idahoexpertfloors.com/","ChIJlwcf2SddVFMR1BM4F_9nbN4","Idaho Falls","ID"
"IDF The Floor Store","https://www.installerdirectflooring.biz/","ChIJk3NkATxYVFMRfGJEBqWePIw","Idaho Falls","ID"
"United Concrete Polishing","http://www.unitedconcretepolishing.com/","ChIJnXRsTQFcVFMRJPxzOlFg5dc","Idaho Falls","ID"
"MaussCo","https://getmauss.com/","ChIJceXRsqEr44cRSQaW8i4T4F8","Dubuque","IA"
"Commercial Flooring Co.","http://commercialflooringco.com/","ChIJqxDRkiAv44cRznVUBgoIaHc","Dubuque","IA"
"Rettenmaier Flooring","https://www.rettenmaierflooring.com/","ChIJN88nNHos44cRG3o7T0Cj9e0","Dubuque","IA"
"Ocala Epoxy Flooring, Pool Deck & Patio Resurfacing, Decorative Concrete Coatings","https://ocalaepoxyflooringpooldeckresurfacing.com/","ChIJ4zUY1D8r5ogRsyi1TAQVZ70","Ocala","FL"
"Safeguard Coatings","https://www.safeguard-coatings.com/","ChIJnYpGMnPP54gR0_0eVzORPV8","Ocala","FL"
"Affordable & Reliable Painting LLC","https://affordableandreliable.com/?utm_source=affordable+and+reliable+services+GBP&utm_medium=GBP&utm_id=affordableandreliableGBP","ChIJIweyUChp6IgR0Y-BSTDvrio","Ocala","FL"
"Elite Floor Crafters","http://elitefloorcrafters.com/","ChIJKc0bof-c6EAR1lDUBhXdkoY","Ocala","FL"
"Concrete Ocala Pros","https://www.concreteocalapros.com/","ChIJP9BEacvT54gR9oLyrVh6MCk","Ocala","FL"
"A R Custom Concrete","http://www.arcustomconcrete.net/","ChIJkYtU6uOCFIgRWgA-hHrhdpY","Kokomo","IN"
"K. Graber Construction LLC","https://www.kgraberco.com/?utm_source=gmb&utm_medium=profile","ChIJnbKKE-VjFIgRQaGz0htfw_Q","Kokomo","IN"
"Custom Concrete Co., Inc.","http://www.customconcrete.com/","ChIJJ0eFAv2uFIgRHPMUKPrRlWk","Kokomo","IN"
"ABC Concrete & Construction","http://www.abcconcreteandconstruction.com/","ChIJc4H8IUKPE4gRM87unEqWrH4","Kokomo","IN"
"Spray Tech Solutions","https://www.spraytechkokomo.com/?utm_source=gbp","ChIJnfkySNPknkcRuG6c37urELI","Kokomo","IN"
"Intricate Concrete","https://intricatesurfacedesigns.com/","ChIJxzwARp85K4cRl31rf6a5mAk","Buckeye","AZ"
"Rock Solid Concrete Az, LLC","https://www.rocksolidconcreteaz.com/","ChIJpwAAuuZBK4cRFumm5_Mkd8k","Buckeye","AZ"
"WeatherGuard Coatings","http://www.weatherguardaz.com/","ChIJec-ks-61OAcRXdS58JU2Q2o","Buckeye","AZ"
"Barfield's construction and remodeling services","http://www.barfieldsconstruction.com/","ChIJr7jydmRh7ogRR7uNoYLIyKk","Valdosta","GA"
"Artic Concrete Contractors","http://www.articconcrete.com/","ChIJ49cR8XjD84gRttMIurcO0G8","Valdosta","GA"
"Vanco","http://vanco-concrete.com/","ChIJd97yM3HNvYcRXhjwG-VG1r0","Manhattan","KS"
"Johnson Concrete LLC","http://www.jococoncrete.com/","ChIJH1I4i13BwIcRryIMDkK_19Q","Manhattan","KS"
"Benson's Interiors","http://www.bensonsinteriors.com/","ChIJDerSl3hAwFQRqcUXMZhO6jY","Corvallis","OR"
"Hardwood Centre","http://www.thehardwoodcentre.com/","ChIJD5-o6MpBwFQRTRUgbns_N7M","Corvallis","OR"
"Curtis Flooring, LLC","http://curtis-flooring.com/","ChIJO_jx_1c5wFQRSCHfJIItq8E","Corvallis","OR"
"Albany Carpet One Floor & Home","https://www.carpetoneoregon.com/?utm_source=google&utm_medium=organic&utm_campaign=gbp-listing&utm_content=Albany-showroom","ChIJza7vdb9swFQRAiLLEPi7Fj0","Corvallis","OR"
"Fitzpatrick Painting & Construction","https://www.fitzpatrickpainting.com/areas-we-serve/corvallis","ChIJcQlmK5BBwFQRehJxLB68Iwk","Corvallis","OR"
"Pacific Stars General Contractor LLC","https://www.pacificstarsconcrete.com/","ChIJFY6L7y0RlVQRCXAC9Kq_FPs","Corvallis","OR"
"Dakota Mud Jack","https://www.dakotamudjackepoxy.com/","ChIJcao41b2GxlIRKQZWfiKWpUQ","Grand Forks","ND"
"Craftmasters Construction","http://www.craftmasters701.com/","ChIJcao41b2GxlIRJ3QhOWsH1ag","Grand Forks","ND"
"Pro-Tec Powder Coating","https://www.pro-tecgf.com/","ChIJWbxRk02BxlIRK4oXSVEshTw","Grand Forks","ND"
"Tri-State Paving & Concrete, Inc.","http://tristatepavinggfnd.com/","ChIJh7-xaimBxlIRbDNGjSSouwE","Grand Forks","ND"
"Structural Materials Inc.","http://www.smionline.com/","ChIJe4VSaoKBxlIRDlUTfS4LK9s","Grand Forks","ND"
"Pocatello Flooring","http://www.pocatelloflooring.com/","ChIJF7eAPxhPVVMR23WmaexkwO4","Pocatello","ID"
"Guy Nielson Refractory Contractors","http://www.guynielson.com/","ChIJa3W-LF1PVVMRY6ong-J3BpU","Pocatello","ID"
"OASIS FLOORS AND DESIGN","http://oasisfloors.com/","ChIJEXXctu3t0YARD44aVyT9SpQ","Lake Havasu City","AZ"
"Associated Concrete Inc.","http://www.associatedconcretehavasu.com/","ChIJzxSvxEPy0YAR8_BbY95xSos","Lake Havasu City","AZ"
"Lake Havasu Concrete Contractors","https://concretecontractorslakehavasu.com/","ChIJs0U3Jirt0YARstPt3k7aj9c","Lake Havasu City","AZ"
"AZ Sun Decking","https://azsundecking.com/","ChIJK5UjjmTy0YARN4agfSFq8-Y","Lake Havasu City","AZ"
"Walmart Supercenter","https://www.walmart.com/store/5215-delano-ca/?veh=seo_loc","ChIJF6P1p3Hl6oARvx75jrTiHro","Delano","CA"
"KJZ Floor Solutions LLC","http://kjzfloorsolutions.com/","ChIJAdPKOqNAw4gR70DKy_Udw3A","Bradenton","FL"
"Floorcrafters","http://www.floorcraftersonline.com/","ChIJlw7aIIpS-YcRL2uySoCyoA0","La Crosse","WI"
"C & A Concrete Construction LLC","http://www.caconcretewi.com/","ChIJUWJnEfCZ_ocRHNQEHz3Cy2M","La Crosse","WI"
"Epoxy Armor LLC","http://epoxyarmorwv.com/","ChIJ3YZ-4XEFfyMRuo0OxU1lVMk","Charleston","WV"
"Floors Galore","http://floorsgalore.net/","ChIJ2YIDW-YJRogRF4d07Cd2QBc","Charleston","WV"
"Foster Foundation Repair","http://www.fosterfoundationrepair.com/","ChIJiY8xrszVSIgRT8cPM3rG1aI","Charleston","WV"
"Alford Foundation and Crawl Space Repair","https://www.goalford.com/?utm_source=google&utm_medium=organic&utm_campaign=gmb-website","ChIJ1TytGeTKSIgRzkjaS_Z-fTY","Charleston","WV"
"United Structural Systems","https://www.ifixfoundations.com/","ChIJfwjcbz_MSIgR90vR3ksbbWw","Charleston","WV"
"Floorworks","http://www.floorworksjoplin.com/","ChIJ9d_X4Ix7yIcRGMFEPUPtrMc","Joplin","MO"
"Joplin Paint Center Inc.","https://www.dunnedwards.com/dealers/joplin-paint-center/","ChIJ9Y_0RQ57yIcRvCP8_TwOykE","Joplin","MO"
"Concrete Services Joplin","https://concreteservicesjoplin.com/","ChIJt0pGkqR7yIcRhiL6Nvl2cls","Joplin","MO"
"Progressive Prosthetics & Orthotics","http://www.progressivepo.com/","ChIJJcwlEdt6yIcRzKcl2AcoJtM","Joplin","MO"
"GRC Construction","https://grcconstructionmo.com/","ChIJsWpzKPJlyIcRgKNIFUH8UCA","Joplin","MO"
"A to Z Flooring","https://www.atozflooringenid.com/","ChIJDf_ZbIHTr4cR-JtoezqFPks","Enid","OK"
"A E Howard Flooring","http://www.aehowardflooring.com/","ChIJxQIMhGDSr4cRiPIksLqLJqc","Enid","OK"
"Enid Concrete Co Inc","http://www.evans-assoc.com/","ChIJjUEkb5HTr4cRe0YhUk7FgQw","Enid","OK"
"On The Surface Restoration","https://www.onthesurfacemi.com/","ChIJAQAQa6-bGYgR4SgF87A5FH0","Grand Island","NE"
"L & L Concrete & Construction Inc","http://www.landlconcrete.com/","ChIJfXQDSlCHmYcRscCCygBITtU","Grand Island","NE"
"Thrasher Foundation Repair","https://www.gothrasher.com/service-area/grand-island-ne.html?utm_source=google&utm_medium=GBP-grand-island&utm_campaign=website-button&utm_content=website","ChIJvekQVIeHmYcRdOXPbJ7xtGE","Grand Island","NE"
"Consolidated Concrete","http://www.consolidatedconcrete.com/","ChIJ61-LWLqGmYcR-W8-LLi1FPI","Grand Island","NE"
"Gerhold Concrete Company, a CRH Company","https://www.gerholdconcrete.com/","ChIJ7b-RxryGmYcRjWLG3bWgRck","Grand Island","NE"
"Thriv Construction","http://thrivconstruction.com/","ChIJo7OG91CHmYcRXS2j27YBsdM","Grand Island","NE"
"Carranza Concrete Services LLC","https://carranzaconcreteaz.com/?utm_campaign=gmb","ChIJrZ-aoYtMuwERhFrhRv0K4R0","Casa Grande","AZ"
"Craftmaster Concrete Construction","http://www.craftmasterconcrete.com/","ChIJY-q_9Ess14YR154dqQJhdnc","Casa Grande","AZ"
"Level-Rite Concrete Solutions","https://www.level-riteconcrete.com/","ChIJ__9zLPYWy4kRUTe68Xd0F0M","Harrisburg","PA"
"Justin’s Professional Floor Sanding LLC","http://www.justinsflooringwv.com/","ChIJ7WyM_GQJRogRnfOTnNyilzE","Huntington","WV"
"Secure Construction Company Inc.","https://www.secureconstruction.com/","ChIJLQ_AyhL9RYgRCGrffmrY7_I","Huntington","WV"
"All In One Flooring America","https://www.allinoneflooringamerica.com/?utm_source=google&utm_medium=organic&utm_campaign=gbp-listing&utm_content=North%20Logan-showroom","ChIJl9l4XjB-VIcRTntnX5C2DXQ","Logan","UT"
"Logan Concrete","https://www.logancrete.com/","ChIJVVWFXBJ-VIcR0DkrJ6ATiLY","Logan","UT"
"Flooring Studio","https://www.flooringstudio.net/","ChIJ7YrOu9inBIgRPbJQslV7Ndg","Sheboygan","WI"
"Sheboygan Flooring","https://www.sheboyganflooring.net/","ChIJ1RLXepVYA4gRcqabRiUr044","Sheboygan","WI"
"Dulmes Décor Carpet One Floor & Home","http://www.dulmesdecor.com/","ChIJF3JB8sunBIgRDVPgSM3-kRE","Sheboygan","WI"
"Interiors Plus+","https://www.interiorspluswi.com/","ChIJ66PGeulhA4gRT9MfeyMRwr0","Sheboygan","WI"
"Mission First Concrete Leveling","https://www.missionfirstconcreteleveling.com/","ChIJh7ay_Z0twIIRwawU33P49WU","Sheboygan","WI"
"River Flooring","https://www.riverflooringnm.com/","ChIJuertasxv4oYRaOQLq5_C5rY","Roswell","NM"
"DM Supply LLC","https://www.dmsupply.net/","ChIJ-z-3rKa1OoYRsTBkk4kmUqI","Alexandria","LA"
"Complete Floor Covering, Inc.","http://completefloorcovering.llc/","ChIJswBuAePFvIcRKPAL4KzXytk","Salina","KS"
"Wayley Custom Hardwood Floors","https://wayleycustomhardwoodfloors.com/hardwood-floor-services.html","ChIJqfD6NYDFvIcRyJfqBj78d7A","Salina","KS"
"Carpet Central Flooring Center","https://www.carpetcentralflooring.com/","ChIJVwFkluPFvIcRPd_O3S5czXg","Salina","KS"
"Creative Surfaces","http://www.creative-surfaces.com/","ChIJ09dZ-tTHvIcRIIxx9nUh2Bo","Salina","KS"
"Vortex Sprayliners","https://www.vortexcoatings.com/","ChIJFZKIcQjC3IARTM0-IBaPa3E","Salina","KS"
"Ceramic Pro Salina Elite Dealer","https://www.ceramicprosalina.com/","ChIJ99ZtO4zFvIcR5g0f0ZuuQpM","Salina","KS"
"Ace Home Center","http://www.acehardware.com/store-details/07949?utm_source=google&utm_medium=local&utm_campaign=localmaps&utm_content=07949","ChIJSxhW_kTPvIcR0384YNeO4Cs","Salina","KS"
"Kansas Coring & Cutting, LLC | Concrete Cutting","https://www.kscoringandcutting.com/?utm_source=google&utm_medium=organic&utm_campaign=gmbwebsite","ChIJ3ZshWGTPvIcRWZkxDRDIj7U","Salina","KS"
"Reece Construction Co","http://www.reececonstruction.com/","ChIJJy9xc2_PvIcRtlTVDnVDhe4","Salina","KS"
"Burton's Concrete Construction, LLC","https://burtons-construction.com/","ChIJi9GlOMuTwIcRFrE1Zpo3ZuY","Salina","KS"
"Construction Rental Inc.","http://salina.construction-rental.com/","ChIJ00fvXm_PvIcR9gDnIhCAPQE","Salina","KS"
"Morton Buildings, Inc.","https://mortonbuildings.com/location/salina-ks?utm_source=google&utm_medium=organic&utm_campaign=gbp","ChIJafq9Lo_PvIcRutsFpz_inBw","Salina","KS"
"Central Ohio Concrete Construction","https://www.centralohioconcreteoh.com/","ChIJPYIn3JNdZI0RKPhZgHqBKyQ","Newark","OH"
"Expert Epoxy Coating","http://expertepoxycoatings.com/","ChIJfXW7geoKpIURZJEgal3DEIY","Hattiesburg","MS"
"T and D Concrete and Construction","https://tdconcreteandconstruction.com/","ChIJeaUzf7jfnIgRktbJZgmtUlM","Hattiesburg","MS"
"Foot By Foot Construction LLC","https://footbyfoot.com/","ChIJld-c0EgKsYcRC5vBR0gXZ2s","Stillwater","OK"
"United Paving","https://unitedpaving.net/","ChIJAQAAAFBRkIARezuKPwIhdTs","Ceres","CA"
"Starkrete","https://www.starkrete.com/","ChIJw9A3AIzs2okRQhF8pjr_zM0","Binghamton","NY"
"KHM, Inc.","https://khminc.net/","ChIJmbNQ-FTk2okRaTRSJwGQV-M","Binghamton","NY"
"Binghamton Precast & Supply","http://www.binghamtonprecast.com/","ChIJPVoL2Iz62okRIhUfsHfHkfA","Binghamton","NY"
"Lexren Home Improvements","https://lexrenhomeimprovements.com/","ChIJW0BT0JTy2okRH1E1-Qez0k0","Binghamton","NY"
"Battaglini Sealcoating & Paving LLC","http://battseal.com/","ChIJE2GCgDuN2okRo4mrfniRC04","Binghamton","NY"
"All Spec Finishing","https://allspecfinishing.com/","ChIJgcfftA7v2okRegPuhjeMupM","Binghamton","NY"
"BT Epoxy","https://btepoxyfloors.com/","ChIJIecNLnbrYVMRpRipM8oVUOQ","Coeur d'Alene","ID"
"Northwest Tile & Floors","http://www.nwtile.com/","ChIJ29ueSy3BYVMRVnNx8iKSYjo","Coeur d'Alene","ID"
"I Keating Carpet One Floor & Home","http://ikeatingcarpetminot.com/","ChIJBy9oHRkq31IR7rDVw1Q5Fbw","Minot","ND"
"SERVPRO of Minot","https://www.servpro.com/locations/nd/servpro-of-minot?utm_medium=organic&utm_source=gbp","ChIJPSakEyfT2FIR1m3pQaj4z54","Minot","ND"
"Monarch Products Co","https://memorialmonumentsinc.com/","ChIJ7XOAppEp31IRlYaCs7pFnK0","Minot","ND"
"Concrete Mobile","http://concretemobilellc.com/","ChIJjUvcKt8r31IRKEcZjUFZAPA","Minot","ND"
"Pennington’s Floor Store","http://www.penningtonsfloorstore.com/","ChIJDdtUOhM5LYYR6RzCxtkiMSw","Pine Bluff","AR"
"Natural State Asphalt Repair","http://naturalstateasphaltrepair.com/","ChIJK1MyWFY9LYYRb-OzKkJfUPU","Pine Bluff","AR"
"Airlift Concrete Experts","http://airliftconcreteexperts.com/?utm_campaign=gmb","ChIJUcE3ElOo0ocRvAVUOZrLvwM","Pine Bluff","AR"
"Pioneer Carpet One Floor & Home and Kiba Studios","https://www.pioneercarpetonetwinfalls.com/?utm_source=&utm_medium=organic&utm_campaign=gbp-listing&utm_content=Twin%20Falls-showroom","ChIJHZUrAqGjrFQRgczpplBH1hw","Twin Falls","ID"
"Beams Flooring America","https://www.beamsqualityflooring.com/?utm_source=&utm_medium=organic&utm_campaign=gbp-listing&utm_content=Twin%20Falls-showroom","ChIJecJW_CKirFQRLaYSvGgZwtA","Twin Falls","ID"
"The Finishing Touch, Concrete Construction","http://thefinishingtouchconcrete.com/","ChIJz6tEw4OjrFQRSOv4Q_ngqMU","Twin Falls","ID"
"Kloepfer Inc Ready Mix Concrete","http://www.kloepfer.com/","ChIJ0c-fpFM3q1QRqLnv8U5vv0g","Twin Falls","ID"
"Concrete Construction Supply","https://concreteconstructionsupply.com/?utm_source=google&utm_medium=organic&utm_campaign=gbp","ChIJJfgMrbejrFQR2zJkml16ykw","Twin Falls","ID"
"Stags Builders & Concrete, LLC","http://stagsbuilderstf.com/","ChIJKTl_Fq4MIkIRr5lgsg3TQCU","Twin Falls","ID"
"Angel 1-Pro Construction Llc","https://angel1proconstruction.com/","ChIJ8ZdaUTLpkocRQTqQn5MdIuE","Twin Falls","ID"
"Summit Restoration & Construction","https://www.summitrest.com/","ChIJRwF3v5CnrFQRxWcw0TWySHo","Twin Falls","ID"
"Garvey's Flooring America","https://www.garveysflooringamerica.com/","ChIJMyxFv4prz4kRKgN4FpNVj_M","Altoona","PA"
"Long's Tile Company","http://longstilecompany.com/","ChIJ1VlCcfKRy4kRUhsZORhZMVk","Altoona","PA"
"DeGol Carpet","https://degolcarpet.com/","ChIJBeldY--Wy4kRMUs5fqaFRyE","Altoona","PA"
"COVE ASPHALT SEALING","http://www.coveasphaltsealing.com/","ChIJPU6i8EKXy4kRS16LdVScvZc","Altoona","PA"
"Design Surfaces","https://www.designsurfaces.com/","ChIJzXSJDkSPO4cRHgOdbXf20Vo","Farmington","NM"
"Carpet One Floor & Home","https://www.carpetonefloorfarmington.com/?utm_source=google&utm_medium=organic&utm_campaign=gbp-listing&utm_content=Farmington-showroom","ChIJR9xr40OPO4cRQo9D110_Knk","Farmington","NM"
"The Flooring Guy, LLC","http://www.durangoflooring.com/","ChIJ3WPBrR48PIcRPEmK_tiL3ms","Farmington","NM"
"Europa Construction Inc","http://www.europa-construction.com/","ChIJ5YQPVXuPO4cRNMw37t10bS4","Farmington","NM"
"Riley Industrial Services, Inc.","https://www.rileyindustrial.com/","ChIJJSb4qWaPO4cRRFKIcQy55tY","Farmington","NM"
"Cochise Floor Covering","http://www.cochisefloor.com/","ChIJw-7JrEMp14YR6zP1tbraJoM","Sierra Vista","AZ"
"Mr. Concrete","https://www.mrconcretellc.com/","ChIJiw1S89xHVG4Rt6kSCG-Jugo","Sierra Vista","AZ"
"Custom Coatings","https://capecodcoatings.com/","ChIJIfQCqTwx-4kRf_V1zqPcZ0c","Barnstable Town","MA"
"The Floor Men, Cape Cod","https://thefloormenexperts.com/","ChIJx_uiCB80WgoRJnLR5YQMY3M","Barnstable Town","MA"
"The Original Floors","https://theoriginalfloor.com/","ChIJ55Xmbysx-4kRJC1AeRhenfY","Barnstable Town","MA"
"Ideal Design Center","https://www.idealfloor.com/","ChIJTW2_V-cw-4kRuDYiZdMOEME","Barnstable Town","MA"
"D.P. Fuccillo Construction, Inc.","http://dpfuccillo.com/","ChIJtXvTAY7Q5IkRSG0XFZzSrLY","Barnstable Town","MA"
"Cape Cod Ready Mix","http://capecodreadymix.com/locations/4053-main-st-brewster-ma-02631/","ChIJgwKL3TFq-4kRkk13cOq4MJ0","Barnstable Town","MA"
"Cape Curb Appeal","http://capecurbappeal.com/","ChIJfUUonq80-4kRRNIjwXH8DGg","Barnstable Town","MA"
"AA Concrete Finishing","http://www.aaconcretefinishing.com/","ChIJWZkF2GKT5IkRjqUpoeolmj8","Barnstable Town","MA"
"Welch Works Handyman Services","https://www.welchworksva.com/","ChIJU9-xjLWHs4kRboV8ZtOZ1oo","Charlottesville","VA"
"Innovative Construction Concepts, Inc","https://www.iccincva.com/","ChIJ8bj3M8OFs4kR-EjBjot-ifU","Charlottesville","VA"
"Casey Concrete Inc","https://caseyconcrete.com/","ChIJKy8YhkB0tIkRE6nPOdXgEe8","Charlottesville","VA"
"M3, Inc.","http://www.m3-inc.net/","ChIJAQ3sbP-Hs4kRWyTqMtuPE6c","Charlottesville","VA"
"Coast To Coast Terrazzo Restoration LLC","https://www.coast2coastterrazzo.com/?utm_source=google&utm_medium=wix_google_business_profile&utm_campaign=635470668012495629","ChIJ9QoJSnpL54gR9rWc2BF3N_M","Titusville","FL"
"Hill Concrete Solutions","https://www.hillconcretesolutions.com/","ChIJQbgz2S5L54gRT2mgcx7ncT0","Titusville","FL"
"Superior Sealcoat & Asphalt Repair","https://www.superior-sealcoat.com/","ChIJedrfm_5R54kRG0PG8e6zAic","Pittsfield","MA"
"Berkshire concrete repair","http://berkshireconcreterepair.com/","ChIJ7SlIOlQLeqURUNAWyrOn9_4","Pittsfield","MA"
"Salco Construction Co Inc","http://www.salcogc.com/","ChIJ9xMzb0RO54kRn7XQy4QRyGw","Pittsfield","MA"
"Berkshire Concrete Corporation","https://www.berkshireconcretecorp.com/","ChIJ3bxcsmxM54kRSDNNwjrqxtE","Pittsfield","MA"
"A. C. Wood Contracting, Inc","http://www.acwoodcontracting.com/","ChIJq6qqqvqy4IkRdGIJ1GZOkTQ","Pittsfield","MA"
"J W Squire Co., Inc.","http://www.jwsquirecoinc.com/","ChIJb0FIFw6zUogR_z0NgFqQ-VA","Danville","VA"
"Danville Paint & Supply Inc","https://danvillepaintandsupply.com/","ChIJm6Vp0DizUogR21arqBbP1yg","Danville","VA"
"Newcomb Carpet & Flooring","http://www.newcombflooring.com/","ChIJ54_D2Xa0UogRFzdKSyeMmHo","Danville","VA"
"Quality Construction-Danville","https://qualityconstructionva.com/","ChIJg0vE7KxMrYkRKEHvfrlIO3Y","Danville","VA"
"O & S Concrete - Alamance county Concrete Contractors","https://www.oandsconcrete.com/","ChIJIfoJjMIqU4gRtme3Ge-nx7k","Danville","VA"
"Poteat Construction Inc.","https://danvilleconstructionco.com/","ChIJk63acxGtUogRehbaTKzceHI","Danville","VA"
"Sergio's Concrete","http://sergiosconcrete.com/","ChIJ_Tu0q1Gyt4kRBR-stp7HJRw","Danville","VA"
"Fortress Foundation Solutions","https://www.fortressfoundationsolutions.com/?utm_source=google&utm_medium=organic&utm_campaign=gmb-website&utm_content=forest&y_source=1_MTA3ODY1NjMtNzE1LWxvY2F0aW9uLndlYnNpdGU%3D","ChIJo2oMQMfRsokR_71XAabOhx8","Danville","VA"
"Elegant Floors","https://www.elegantfloorsvt.com/","ChIJ0wXoSeB9ykwRlou4l_cgt9k","Burlington","VT"
"New England Floor Covering Co","http://www.nefcvt.com/","ChIJSS1VLP96ykwRku6OU-_q40g","Burlington","VT"
"Flooring America - Williston","https://www.flooringamerica-vt.com/?utm_source=google&utm_medium=organic&utm_campaign=gbp-listing&utm_content=Williston-showroom","ChIJb-f1GAN5ykwR9RCP7RxoMgA","Burlington","VT"
"Floor Trader of Williston","https://www.floortraderwilliston.com/?utm_source=&utm_medium=organic&utm_campaign=gbp-listing&utm_content=Williston-showroom","ChIJ8ViPgqt5ykwRnvdKjTM8Tp8","Burlington","VT"
"Flooring 360","https://www.flooring360vermont.com/","ChIJyxwfT4BtykwRt5nwKzWzLCY","Burlington","VT"
"Best Tile of Vermont","https://besttile.com/find-a-showroom/williston-vt","ChIJMUo2ew95ykwRD_DbhKzgan8","Burlington","VT"
"Green and Son Concrete, Inc","https://www.greenandsonconcreteinc.com/","ChIJiZ3x3V95tkwRdM_w69iIGx0","Burlington","VT"
"RG Gosselin Inc","http://www.rggosselininc.com/","ChIJa7WVnulvtkwRQ6GbiS3EgVs","Burlington","VT"
"F & A Flooring","https://faflooringks.com/","ChIJKR9XOuG3pIcRYXaz6-CyBpA","Hutchinson","KS"
"Jr's Quality Tile & Hardwood","https://www.jrsqualitytileandhardwood.com/","ChIJSxFWSWu6zokRviv5SccteNc","State College","PA"
"Carpet One Floor & Home","https://www.winnercarpetonestatecollege.com/?utm_source=&utm_medium=organic&utm_campaign=gbp-listing&utm_content=State%20College-showroom","ChIJP0quzLOlzokRCMtZmweCljM","State College","PA"
"Sones Sealcoating LLC","http://www.sonessealcoating.com/","ChIJj552tGADzIkR19hzj4z5OXw","State College","PA"
"Flooring By Michael","http://flooringbymichael.com/","ChIJfTYNYC7fO4gRT1hlbbTdYW0","Findlay","OH"
"Findlay Concrete","https://findlayconcretecompany.com/","ChIJAzzYsL2rPogRyWw7SX3TSqI","Findlay","OH"
"Quality Coatings Epoxy, LLC","https://www.qualitycoatingsllc.com/","ChIJx3ws5Ie9PYgRDb4Vw-ylFN8","Findlay","OH"
"Elite Contracting","http://www.elitecontractingfindlay.com/","ChIJG5kBOherPogROABCTRyWdXw","Findlay","OH"
"Sumter Coatings, Inc","http://www.sumtercoatings.com/","ChIJy3JMXPdr_4gREVDwRoFPgmw","Sumter","SC"
"Advanced Spray Foam and Coatings, LLC","http://advancedsprayfoamsc.com/","ChIJpx7ycZdo_4gRnIEnbT3U0zk","Sumter","SC"
"Morgan Tile Carpet One","http://www.morgantilecarpetonemeridian.com/","ChIJ6UBpsJZ9hIgRq7Lw_JXB0u8","Meridian","MS"
"Area Home Services","http://area-homeservices.com/","ChIJ86cLOsX33YcRKUsnkRmB7MA","Quincy","IL"
"Savemore Carpets","http://savemorecarpets.com/","ChIJY7gLBKr33YcRgpYp3bB5mNU","Quincy","IL"
"Carpet & Rug Gallery","https://www.carpetandruggallery.com/","ChIJOTOnMar33YcRdv8g2Nh-0W0","Quincy","IL"
"Twin Cities ICOAT","http://twincitiesicoat.com/","ChIJzTyTY3Ya9ocRwyQxorzRDc4","Mankato","MN"
"MCI Carpet One Floor & Home","https://www.mcicarpetonemankato.com/?utm_source=google&utm_medium=organic&utm_campaign=gbp-listing&utm_content=Mankato-showroom","ChIJdW8fsoIw9IcR3EECyN7P7dM","Mankato","MN"
"Pro Maintenance, Inc","https://www.promaintenanceinc.com/","ChIJLR89ifaA9YcRNeaeokdI3r0","Mankato","MN"
"Williams Custom Concrete","http://williamscustomconcrete.net/","ChIJpZs-CZr070ARnEejeIf6HtU","Mankato","MN"
"Meidl Concrete Services","https://www.meidlconcreteservices.com/contact/","ChIJq6qau6gz9IcRPuQlSiTMdVc","Mankato","MN"
"Evenson Concrete Systems","https://www.evensonconcrete.com/","ChIJyT1OhfM59IcRENEH6twwAWY","Mankato","MN"
"W W Blacktopping Inc","https://www.wwblacktopping.com/","ChIJbwv6NM0w9IcRd6A-OqiXt9U","Mankato","MN"
"Deichman Construction","http://www.deichmanconstruction.com/","ChIJtYgxtK0w9IcRDoevyO4ZRbA","Mankato","MN"
"Exceed Floor & Home","http://www.exceedfloorandhome.com/","ChIJhVk-dMxyD4gReXRnguOx99k","Crystal Lake","IL"
"Crown Polymers Corp.","https://crownpolymers.com/","ChIJTYHVNWwUD4gREAODM8XBP1U","Crystal Lake","IL"
"Ridgefield Flooring","https://www.ridgefieldindustries.com/","ChIJdzlIWlNsD4gRnvJpRRFCVmg","Crystal Lake","IL"
"Area Flooring & Tile, Inc.","https://www.areaflooringtile.com/","ChIJ1f9vpCUND4gRPOp9aUspcoo","Crystal Lake","IL"
"Acme Concrete Raising & Repair","https://www.acmeconcreteinc.com/","ChIJAQAAAIQSD4gRO4Aq8XgLe7k","Crystal Lake","IL"
"Express Sealcoating - Asphalt Driveway Sealcoating","https://www.expresssealcoating.com/","ChIJdw4rl2mUD4gRjNU0AnIUe5E","Crystal Lake","IL"
"Action Flooring","https://www.actionflooringservices.com/","ChIJXdoxBBgvUYgRRHGGN2xPXWM","Hickory","NC"
"Custom Coatings Inc.","https://www.customcoatingsinc.com/","ChIJDfI8ZsoxUYgRA-RnjgytTpY","Hickory","NC"
"Combs Concrete Construction Co.","http://www.combsconcrete.com/","ChIJmbq9-hFVUYgRZNvaAookoFk","Hickory","NC"
"The Floor Covering Shop","http://www.floorcoveringshopinc.com/","ChIJlYzy1l9x5okRGuQJL82S9lo","Norwich","CT"
"TLC Floor Center","http://tlcfloorcenter.pro/","ChIJAQCcJjFx5okRH9UZs34XcJc","Norwich","CT"
"Pink's Concrete Design","http://www.pinksconcretedesignct.com/","ChIJHS9uzkUe6IkRXac3Y64Cn0w","Norwich","CT"
"Liberty Paving Asphalt & Concrete","https://libertypaving.us/","ChIJ-R9DeEtJfYgRWCUlGSmt8oE","Florence","AL"
"Against the Grain Painting & Finishing","http://www.atgpaintingllc.com/","ChIJAzHueUnMo0IREd57Z5ZQRHQ","Bozeman","MT"
"CarpetsPlus ColorTile of Bozeman","http://carpetsplusbzn.com/","ChIJIWKwbQRFRVMR2l9qbjc5xjE","Bozeman","MT"
"Monteriors","http://www.monteriors.net/","ChIJiXZKiytERVMRPOWXn5FEUjc","Bozeman","MT"
"Pierce Carpet Mill Outlet","http://www.pierceoutlet.com/","ChIJMztQ5yFPRVMRAhoGbC_tfa0","Bozeman","MT"
"Harbour Hardwood Floor","https://www.harbourhardwoodfloors.com/","ChIJPYEeUcBORVMRFGBjsUwPwoQ","Bozeman","MT"
"Flooring Gallery Outlet","http://www.the-flooring-gallery.com/","ChIJZykB5B_pwIkRA_tybU-2deA","Atlantic City","NJ"
"SJ Hauck Construction","http://www.sjhauckconstruction.com/","ChIJSwl8WR3CwIkRPjeK32WJyKw","Atlantic City","NJ"
"Clovis Concrete Co. Inc.","http://clovisconcreteco.com/","ChIJoQCy-HjdAocRl04F3IOkSPA","Clovis","NM"
"M-Core Construction","https://mcorenewmexico.com/","ChIJz44v1HbeAocRuquv_Oaa55w","Clovis","NM"
"Arise Construction LLC","http://www.ariseconstruction.net/","ChIJeyMlgvndAocR9wqQ5AduNlQ","Clovis","NM"
"Sam Sanders Materials Inc","http://sanderspowdercoating.com/","ChIJJbiQWyfcAocRaMhj7-qxLrw","Clovis","NM"
"Top Notch Concrete Solutions","http://bullheadcityconcretesolution.com/","ChIJb_FeYyFpzoARxHqvF0iIbR0","Bullhead City","AZ"
"S & S Concrete & Materials LLC","https://www.snsconcrete.com/","ChIJnU4VaydCzoARWjbXGrDfbs0","Bullhead City","AZ"
"JRU Gainesville Construction Services","https://joseconstruction.net/","ChIJn6CsBbvtxkURXcm0Ienz-_Y","Sherman","TX"
"Lowery Fence & Patio","https://loweryfencing.com/","ChIJh-RZ9Kp9TIYRQRxGj2Wmsw8","Sherman","TX"
"Edens Structural Solutions","https://edensstructural.com/?utm_source=GMBlisting&utm_medium=organic","ChIJPTVv4GPstocR_7u6GiJda10","Muskogee","OK"
"Ultimate Flooring & Finishes","http://www.ultimateflooringinc.com/","ChIJqd2X6AOId4gR-L-ou2NoUZc","Cape Girardeau","MO"
"Holloway Carpet One Floor & Home","https://www.hollowaycarpetonecapegirardeau.com/?utm_source=google&utm_medium=organic&utm_campaign=gbp","ChIJb-KsLfsneIgRtWFwPV4pYnw","Cape Girardeau","MO"
"Cape Carpet & Supply Co","http://capecarpetstore.com/","ChIJA6Kky1AneIgRkOv9SQw3gKc","Cape Girardeau","MO"
"Stone Mountain Flooring Outlet","https://stonemountaincarpet.biz/","ChIJbaJNhYgneIgRPGPcFI7ituk","Cape Girardeau","MO"
"Marco Construction Products","http://www.marcocp.com/","ChIJiXSxQPsneIgRnBDuhsDqNSw","Cape Girardeau","MO"
"Mac Con Company","http://www.macconco.com/","ChIJeSYVQ0OId4gRmSb11GZ6au4","Cape Girardeau","MO"
"Simplified Flooring","https://www.simplifiedflooring.com/","ChIJQzc9y-vxPogRf2rU77G30xk","Lima","OH"
"Northwest Flooring Gallery","http://www.northwestflooringgallery.com/","ChIJ9bLMlcrzPogRpnhpGhBDmbw","Lima","OH"
"Lima Floor Covering","https://www.limafloorcovering.com/","ChIJSewL8UzwPogRyHmLVgetQkg","Lima","OH"
"Paramount Industrial Services","https://paramountindustrialservices.com/","ChIJW8ob9AvpPogRnGf7oIhB7qU","Lima","OH"
"Sani-Tred","https://sanitred.com/","ChIJq6p60FL5PogRfLzkU4GJ1y8","Lima","OH"
"Hometown Floor Coverings","https://hometownfloorcoverings.com/","ChIJdzr9Rl5nVYgRtv5TTbZmjyI","Florence","SC"
"Neal's Flooring","https://www.nealsfloors.com/","ChIJaQ7clotjVYgRgr-x2PnN9Ag","Florence","SC"
"Rug Shop of Florence Inc","https://www.therugshopofflorence.com/","ChIJ48cuFulgVYgRb_a1-jpG3GQ","Florence","SC"
"Coastal Surface Solutions, LLC","https://www.coastalsurfacesolutionsllc.com/","ChIJB-5ouhNqAIkRphyt5apDnj0","Florence","SC"
"Texarkana Concrete Construction, INC","http://texarkanaconcrete.com/","ChIJi4wmnM5rNIYRXGcPbzRrQv0","Texarkana","TX"
"DK Concrete Inc","https://kirklandconcretetxk.com/contact-us","ChIJv9dOBSRqNIYRk5ppaaBobCE","Texarkana","TX"
"H & H Concrete Company, LLC","https://www.handhconcretecompanyllc.com/?utm_source=google&utm_medium=business_profile&utm_campaign=website","ChIJ79bqZuhrNIYRznvTXO0thJ8","Texarkana","TX"
"FloCo Epoxy","https://flocoepoxy.com/","ChIJs-DbEh0Hx4kREzh4WadlpTQ","Dover","DE"
"Delaware Concrete Coatings","http://delawareconcretecoatings.com/","ChIJi0bxIbO5uIkRgWVQcpNcf0A","Dover","DE"
"Tri-County Coatings","https://www.concretecoatingrehobothbeachde.com/","ChIJAQDE-7CUuIkRqNJ2AKWEyNg","Dover","DE"
"Aztec Concrete Coatings","https://www.aztecepoxy.com/?utm_source=google&utm_medium=wix_google_business_profile&utm_campaign=15520380515021323306","ChIJm-qsQWoaNgsR63W9iJKqQxc","Dover","DE"
"Mitten Construction Co","http://www.mittenconstruction.net/","ChIJfxc_WRhjx4kRkHYMsVJuzJw","Dover","DE"
"Mi Epoxy Floors","http://miepoxyfloors.com/","ChIJp-zk8BsDIIgR-eHjNWEvq18","Muskegon","MI"
"Arizona Wholesale Floors","https://www.arizonawholesalefloors.com/","ChIJ4TnVRym3K4cRGEMNLgy5KVk","Apache Junction","AZ"
"Habitat Hardwood Flooring","http://habitatfloors.com/","ChIJg40FUUKJk4gRkm8uFKGT1M4","Panama City","FL"
"Pro Floors Plus","http://www.profloorsplus.com/","ChIJLyq-MaKDk4gR_-Il6cxd_jM","Panama City","FL"
"Carpet One Floor & Home","https://www.carpetonepanamacity.com/?utm_source=google&utm_medium=organic&utm_campaign=gbp-listing&utm_content=Panama%20City-showroom","ChIJ7dLhNRqEk4gRxI2_ANEB9QI","Panama City","FL"